consecutivo,placa,fecha_inicial,fecha_final,recorrido,tipo_servicio,cantidad,valor_unitario,subtotal,porcentaje_descuento,valor_final,numero_planilla,cantidad_pernoctes,valor_pernocte_unitario,tercero,tiene_planilla,es_tercero,valor_pernoctes_total,es_anomalia,motivo_anomalia
LQ-202504-0042,VEH-025,2025-04-19,2025-04-19,RUT-13,HORA,10.5,30466.0,319893.0,0.0,319893.0,PL-971080,0.0,0.0,,True,False,0.0,False,
LQ-202507-0063,VEH-009,2025-07-15,2025-07-15,RUT-09,HORA,8.32,31926.0,265624.32,0.0,265624.32,PL-616645,0.0,0.0,,True,False,0.0,False,
LQ-202607-0127,VEH-035,2026-07-03,2026-07-06,RUT-15,HORA_24,1.0,557575.0,557575.0,0.0,557575.0,PL-721397,0.0,0.0,,True,False,0.0,False,
LQ-202601-0093,VEH-036,2026-01-04,2026-01-04,RUT-11,HORA,8.22,29714.0,244249.08,0.0,244249.08,PL-777210,0.0,0.0,,True,False,0.0,False,
LQ-202510-0074,VEH-003,2025-10-10,2025-10-10,RUT-12,HORA,8.36,31520.0,263507.2,0.0,263507.2,PL-552423,0.0,0.0,,True,False,0.0,False,
LQ-202510-0076,VEH-009,2025-10-12,2025-10-13,RUT-15,HORA_24,1.0,456436.0,456436.0,0.0,456436.0,PL-222504,1.0,98542.0,,True,False,98542.0,False,
LQ-202509-0067,VEH-025,2025-09-14,2025-09-17,RUT-04,HORA_12,1.0,305462.0,305462.0,0.0,305462.0,PL-660249,1.0,102835.0,,True,False,102835.0,False,
LQ-202606-0119,VEH-004,2026-06-28,2026-06-30,RUT-10,HORA_24,1.0,500983.0,500983.0,0.0,500983.0,,0.0,0.0,,False,False,0.0,False,
LQ-202605-0115,VEH-006,2026-05-24,2026-05-26,RUT-14,HORA_24,1.0,420105.0,420105.0,0.0,420105.0,PL-923943,0.0,0.0,TER-005,True,True,0.0,False,
LQ-202607-0127,VEH-013,2026-07-31,2026-07-31,RUT-14,HORA,6.65,35854.0,238429.1,0.0,238429.1,PL-966185,0.0,0.0,,True,False,0.0,False,
LQ-202501-0026,VEH-028,2025-01-27,2025-01-29,RUT-13,HORA_24,1.0,361838.0,361838.0,0.0,361838.0,PL-542519,0.0,0.0,,True,False,0.0,False,
LQ-202502-0031,VEH-029,2025-02-07,2025-02-10,RUT-07,HORA_24,1.0,426393.0,426393.0,5.29,403836.81,PL-770043,0.0,0.0,,True,False,0.0,False,
LQ-202503-0037,VEH-037,2025-03-21,2025-03-21,RUT-04,HORA_24,1.0,531951.0,531951.0,0.0,531951.0,PL-147054,3.0,103834.0,,True,False,311502.0,False,
LQ-202411-0017,VEH-016,2024-11-18,2024-11-18,RUT-09,KILOMETRO,284.87,3781.0,1077093.47,4.28,1030993.87,PL-401244,0.0,0.0,TER-011,True,True,0.0,False,
LQ-202509-0067,VEH-016,2025-09-26,2025-09-26,RUT-07,HORA_24,1.0,455894.0,455894.0,0.0,455894.0,PL-679896,0.0,0.0,TER-006,True,True,0.0,False,
LQ-202605-0116,VEH-031,2026-05-13,2026-05-15,RUT-06,HORA_24,1.0,595224.0,595224.0,0.0,595224.0,,0.0,0.0,,False,False,0.0,False,
LQ-202508-0064,VEH-011,2025-08-04,2025-08-06,RUT-15,HORA_12,1.0,286585.0,286585.0,0.0,286585.0,PL-967977,0.0,0.0,,True,False,0.0,False,
LQ-202411-0016,VEH-031,2024-11-13,2024-11-14,RUT-11,HORA_24,1.0,429521.0,429521.0,0.0,429521.0,,0.0,0.0,,False,False,0.0,False,
LQ-202606-0119,VEH-015,2026-06-09,2026-06-11,RUT-08,HORA_12,1.0,292634.0,292634.0,0.0,292634.0,,0.0,0.0,,False,False,0.0,False,
LQ-202508-0066,VEH-013,2025-08-20,2025-08-20,RUT-02,HORA_24,1.0,474941.0,474941.0,0.0,474941.0,,0.0,0.0,TER-001,False,True,0.0,False,
LQ-202603-0102,VEH-016,2026-03-28,2026-03-28,RUT-10,HORA_24,1.0,504223.0,504223.0,0.0,504223.0,,0.0,0.0,,False,False,0.0,False,
LQ-202508-0065,VEH-027,2025-08-01,2025-08-01,RUT-08,HORA_12,1.0,302322.0,302322.0,6.41,282943.16,PL-546235,0.0,0.0,TER-006,True,True,0.0,False,
LQ-202511-0080,VEH-025,2025-11-14,2025-11-14,RUT-14,HORA,8.64,32039.0,276816.96,0.0,276816.96,PL-176231,0.0,0.0,TER-001,True,True,0.0,False,
LQ-202507-0063,VEH-003,2025-07-27,2025-07-29,RUT-09,HORA_24,1.0,451056.0,451056.0,0.0,451056.0,PL-190188,0.0,0.0,,True,False,0.0,False,
LQ-202409-0001,VEH-028,2024-09-26,2024-09-29,RUT-04,HORA_12,1.0,254119.0,254119.0,0.0,254119.0,PL-471507,1.0,98880.0,,True,False,98880.0,False,
LQ-202509-0070,VEH-020,2025-09-16,2025-09-17,RUT-10,HORA_12,1.0,256362.0,256362.0,0.0,256362.0,PL-156015,0.0,0.0,,True,False,0.0,False,
LQ-202409-0001,VEH-015,2024-09-22,2024-09-24,RUT-04,HORA_12,1.0,284228.0,284228.0,0.0,284228.0,PL-961722,0.0,0.0,TER-006,True,True,0.0,False,
LQ-202501-0028,VEH-023,2025-01-08,2025-01-08,RUT-05,KILOMETRO,302.68,3102.0,938913.36,0.0,938913.36,,1.0,76957.0,,False,False,76957.0,False,
LQ-202411-0017,VEH-034,2024-11-24,2024-11-27,RUT-01,HORA_24,1.0,414876.0,414876.0,0.0,414876.0,PL-400384,3.0,88435.0,,True,False,265305.0,False,
LQ-202607-0126,VEH-027,2026-07-13,2026-07-13,RUT-06,HORA_24,1.0,554226.0,554226.0,0.0,554226.0,PL-400199,0.0,0.0,,True,False,0.0,False,
LQ-202601-0093,VEH-019,2026-01-02,2026-01-03,RUT-02,HORA_24,1.0,358730.0,358730.0,0.0,358730.0,PL-807931,1.0,80035.0,TER-004,True,True,80035.0,False,
LQ-202409-0006,VEH-036,2024-09-04,2024-09-04,RUT-04,HORA_12,1.0,233306.0,233306.0,0.0,233306.0,PL-223481,2.0,92947.0,TER-005,True,True,185894.0,False,
LQ-202607-0126,VEH-009,2026-07-24,2026-07-26,RUT-05,HORA_12,1.0,275957.0,275957.0,0.0,275957.0,PL-244121,1.0,106388.0,,True,False,106388.0,False,
LQ-202505-0051,VEH-011,2025-05-22,2025-05-22,RUT-02,HORA_24,1.0,514124.0,514124.0,0.0,514124.0,PL-859252,3.0,107827.0,,True,False,323481.0,False,
LQ-202409-0002,VEH-005,2024-09-18,2024-09-18,RUT-12,HORA_12,1.0,3910588.0,3910588.0,0.0,3910588.0,PL-919182,0.0,0.0,,True,False,0.0,True,tarifa fuera de rango
LQ-202411-0017,VEH-020,2024-11-05,2024-11-05,RUT-10,HORA_24,1.0,400334.0,400334.0,0.0,400334.0,PL-340497,0.0,0.0,TER-005,True,True,0.0,False,
LQ-202603-0104,VEH-020,2026-03-26,2026-03-26,RUT-13,HORA_12,1.0,308809.0,308809.0,0.0,308809.0,,0.0,0.0,,False,False,0.0,False,
LQ-202410-0008,VEH-033,2024-10-21,2024-10-24,RUT-08,HORA_24,1.0,453759.0,453759.0,0.0,453759.0,PL-590755,0.0,0.0,TER-002,True,True,0.0,False,
LQ-202512-0087,VEH-005,2025-12-11,2025-12-13,RUT-01,HORA_12,1.0,206822.0,206822.0,4.16,198218.2,PL-866810,2.0,72264.0,TER-012,True,True,144528.0,False,
LQ-202503-0035,VEH-035,2025-03-16,2025-03-16,RUT-03,KILOMETRO,442.96,4933.0,2185121.68,0.0,2185121.68,,0.0,0.0,TER-001,False,True,0.0,False,
LQ-202411-0015,VEH-033,2024-11-02,2024-11-05,RUT-12,HORA_24,1.0,455103.0,455103.0,0.0,455103.0,PL-919023,0.0,0.0,,True,False,0.0,False,
LQ-202509-0070,VEH-006,2025-09-03,2025-09-03,RUT-13,HORA_24,21.7,477306.0,10357540.2,0.0,10357540.2,PL-535904,0.0,0.0,,True,False,0.0,True,cantidad fuera de rango
LQ-202607-0128,VEH-001,2026-07-28,2026-07-28,RUT-02,HORA_24,1.0,467201.0,467201.0,0.0,467201.0,PL-168824,2.0,106388.0,TER-005,True,True,212776.0,False,
LQ-202603-0104,VEH-001,2026-03-07,2026-03-08,RUT-04,HORA_24,1.0,533124.0,533124.0,0.0,533124.0,PL-120327,2.0,107987.0,,True,False,215974.0,False,
LQ-202509-0069,VEH-022,2025-09-30,2025-09-30,RUT-12,HORA,3.23,36354.0,117423.42,3.8,112961.33,,0.0,0.0,,False,False,0.0,False,
LQ-202411-0013,VEH-037,2024-11-05,2024-11-05,RUT-07,HORA,3.29,33000.0,108570.0,0.0,108570.0,,0.0,0.0,TER-004,False,True,0.0,False,
LQ-202607-0126,VEH-027,2026-07-20,2026-07-22,RUT-15,HORA_24,1.0,451169.0,451169.0,0.0,451169.0,PL-661869,0.0,0.0,,True,False,0.0,False,
LQ-202504-0046,VEH-020,2025-04-11,2025-04-14,RUT-02,HORA_24,1.0,452275.0,452275.0,0.0,452275.0,PL-505605,2.0,95727.0,,True,False,191454.0,False,
LQ-202411-0016,VEH-024,2024-11-26,2024-11-28,RUT-07,HORA_24,1.0,408819.0,408819.0,0.0,408819.0,,0.0,0.0,,False,False,0.0,False,
LQ-202410-0008,VEH-005,2024-10-03,2024-10-03,RUT-10,HORA,6.65,30789.0,204746.85,6.24,191970.65,,0.0,0.0,,False,False,0.0,False,
LQ-202603-0106,VEH-031,2026-03-25,2026-03-25,RUT-04,HORA,9.45,35306.0,333641.7,0.0,333641.7,PL-280198,2.0,107987.0,,True,False,215974.0,False,
LQ-202502-0032,VEH-022,2025-02-14,2025-02-16,RUT-13,HORA_24,1.0,432863.0,432863.0,0.0,432863.0,PL-459376,0.0,0.0,TER-009,True,True,0.0,False,
LQ-202608-0133,VEH-009,2026-08-20,2026-08-20,RUT-03,HORA,2.95,35518.0,104778.1,0.0,104778.1,PL-172324,1.0,110064.0,,True,False,110064.0,False,
LQ-202501-0024,VEH-028,2025-01-12,2025-01-12,RUT-06,HORA,10.34,24232.0,250558.88,0.0,250558.88,PL-390607,0.0,0.0,TER-006,True,True,0.0,False,
LQ-202512-0087,VEH-040,2025-12-15,2025-12-17,RUT-15,HORA_24,1.0,326733.0,326733.0,0.0,326733.0,PL-172813,0.0,0.0,TER-004,True,True,0.0,False,
LQ-202510-0077,VEH-022,2025-10-18,2025-10-20,RUT-03,HORA_24,1.0,513943.0,513943.0,0.0,513943.0,PL-765960,0.0,0.0,,True,False,0.0,False,
LQ-202509-0070,VEH-003,2025-09-12,2025-09-12,RUT-15,HORA,6.82,32791.0,223634.62,0.0,223634.62,,0.0,0.0,,False,False,0.0,False,
LQ-202601-0094,VEH-035,2026-01-18,2026-01-19,RUT-01,HORA_24,1.0,373338.0,373338.0,0.0,373338.0,PL-125833,3.0,85144.0,,True,False,255432.0,False,
LQ-202503-0039,VEH-007,2025-03-22,2025-03-23,RUT-01,HORA_24,1.0,446339.0,446339.0,0.0,446339.0,,2.0,103834.0,TER-010,False,True,207668.0,False,
LQ-202505-0050,VEH-014,2025-05-29,2025-05-29,RUT-04,KILOMETRO,382.2,4103.0,1568166.6,0.0,1568166.6,PL-252438,0.0,0.0,TER-004,True,True,0.0,False,
LQ-202503-0037,VEH-031,2025-03-25,2025-03-28,RUT-08,HORA_24,1.0,477237.0,477237.0,0.0,477237.0,PL-262018,0.0,0.0,TER-009,True,True,0.0,False,
LQ-202411-0013,VEH-033,2024-11-17,2024-11-17,RUT-13,HORA,8.37,29051.0,243156.87,0.0,243156.87,,0.0,0.0,TER-005,False,True,0.0,False,
LQ-202501-0028,VEH-032,2025-01-24,2025-01-24,RUT-10,HORA,14.63,27326.0,399779.38,0.0,399779.38,,0.0,0.0,,False,False,0.0,False,
LQ-202509-0071,VEH-024,2025-09-27,2025-09-27,RUT-04,HORA_24,1.0,476276.0,476276.0,0.0,476276.0,PL-989548,1.0,102835.0,,True,False,102835.0,False,
LQ-202411-0015,VEH-013,2024-11-23,2024-11-26,RUT-14,HORA_12,1.0,285521.0,285521.0,6.89,265848.6,PL-226611,0.0,0.0,,True,False,0.0,False,
LQ-202602-0099,VEH-038,2026-02-28,2026-02-28,RUT-01,HORA,4.6,28670.0,131882.0,0.0,131882.0,PL-153991,0.0,0.0,TER-005,True,True,0.0,False,
LQ-202409-0001,VEH-021,2024-09-07,2024-09-07,RUT-05,HORA_24,1.0,471867.0,471867.0,0.0,471867.0,PL-159942,3.0,98880.0,TER-008,True,True,296640.0,False,
LQ-202504-0046,VEH-007,2025-04-02,2025-04-03,RUT-06,HORA_24,1.0,384168.0,384168.0,0.0,384168.0,PL-500464,0.0,0.0,,True,False,0.0,False,
LQ-202504-0043,VEH-016,2025-04-06,2025-04-06,RUT-01,HORA,6.56,32157.0,210949.92,0.0,210949.92,PL-135418,3.0,101837.0,TER-002,True,True,305511.0,False,
LQ-202509-0069,VEH-022,2025-09-06,2025-09-06,RUT-10,HORA_24,1.0,495722.0,495722.0,0.0,495722.0,PL-902852,0.0,0.0,,True,False,0.0,False,
LQ-202604-0111,VEH-031,2026-04-24,2026-04-25,RUT-02,HORA_24,1.0,447603.0,447603.0,0.0,447603.0,PL-705359,0.0,0.0,,True,False,0.0,False,
LQ-202602-0101,VEH-033,2026-02-05,2026-02-06,RUT-13,HORA_24,1.0,445739.0,445739.0,0.0,445739.0,,0.0,0.0,,False,False,0.0,False,
LQ-202602-0099,VEH-016,2026-02-02,2026-02-02,RUT-06,HORA,5.37,28745.0,154360.65,0.0,154360.65,PL-665095,0.0,0.0,,True,False,0.0,False,
LQ-202608-0129,VEH-032,2026-08-30,2026-08-30,RUT-14,HORA_24,1.0,575522.0,575522.0,0.0,575522.0,,1.0,110064.0,TER-007,False,True,110064.0,False,
LQ-202607-0125,VEH-026,2026-07-28,2026-07-28,RUT-07,HORA,12.53,32692.0,409630.76,0.0,409630.76,PL-288666,0.0,0.0,,True,False,0.0,False,
LQ-202507-0060,VEH-019,2025-07-24,2025-07-25,RUT-01,HORA_24,1.0,456553.0,456553.0,0.0,456553.0,PL-583241,1.0,102296.0,TER-008,True,True,102296.0,False,
LQ-202608-0131,VEH-019,2026-08-16,2026-08-16,RUT-11,HORA,11.57,39782.0,460277.74,0.0,460277.74,PL-306543,0.0,0.0,,True,False,0.0,False,
LQ-202502-0030,VEH-010,2025-02-02,2025-02-03,RUT-15,HORA_12,1.0,232475.0,232475.0,0.0,232475.0,PL-443598,0.0,0.0,TER-011,True,True,0.0,False,
LQ-202501-0024,VEH-036,2025-01-23,2025-01-23,RUT-13,HORA_12,1.0,202600.0,202600.0,0.0,202600.0,,0.0,0.0,TER-012,False,True,0.0,False,
LQ-202602-0096,VEH-032,2026-02-05,2026-02-05,RUT-06,HORA,11.89,34781.0,413546.09,0.0,413546.09,PL-101026,0.0,0.0,,True,False,0.0,False,
LQ-202601-0092,VEH-009,2026-01-30,2026-01-31,RUT-05,HORA_24,1.0,394998.0,394998.0,0.0,394998.0,PL-924855,2.0,85144.0,,True,False,170288.0,False,
LQ-202507-0062,VEH-024,2025-07-21,2025-07-23,RUT-04,HORA_24,1.0,532292.0,532292.0,0.0,532292.0,PL-115552,2.0,108826.0,,True,False,217652.0,False,
LQ-202602-0099,VEH-008,2026-02-27,2026-02-27,RUT-12,HORA_24,1.0,438501.0,438501.0,0.0,438501.0,PL-568189,0.0,0.0,,True,False,0.0,False,
LQ-202501-0028,VEH-025,2025-01-28,2025-01-31,RUT-10,HORA_24,1.0,357637.0,357637.0,0.0,357637.0,PL-537110,0.0,0.0,,True,False,0.0,False,
LQ-202608-0133,VEH-007,2026-08-25,2026-08-25,RUT-06,HORA_12,1.0,306249.0,306249.0,0.0,306249.0,PL-925866,0.0,0.0,,True,False,0.0,False,
LQ-202510-0078,VEH-037,2025-10-24,2025-10-27,RUT-03,HORA_12,1.0,278414.0,278414.0,0.0,278414.0,,0.0,0.0,TER-003,False,True,0.0,False,
LQ-202506-0058,VEH-023,2025-06-01,2025-06-04,RUT-01,HORA_12,1.0,274274.0,274274.0,0.0,274274.0,PL-798412,2.0,104173.0,,True,False,208346.0,False,
LQ-202501-0025,VEH-019,2025-01-19,2025-01-19,RUT-14,HORA_24,1.0,400993.0,400993.0,0.0,400993.0,,0.0,0.0,,False,False,0.0,False,
LQ-202605-0116,VEH-035,2026-05-07,2026-05-07,RUT-09,HORA,8.43,37037.0,312221.91,0.0,312221.91,PL-949008,0.0,0.0,,True,False,0.0,False,
LQ-202409-0006,VEH-024,2024-09-17,2024-09-19,RUT-07,HORA_24,1.0,430795.0,430795.0,0.0,430795.0,,0.0,0.0,TER-002,False,True,0.0,False,
LQ-202511-0083,VEH-018,2025-11-25,2025-11-27,RUT-05,HORA_24,1.0,442229.0,442229.0,6.93,411582.53,,1.0,91973.0,,False,False,91973.0,False,
LQ-202604-0111,VEH-033,2026-04-12,2026-04-12,RUT-07,HORA,4.42,32262.0,142598.04,0.0,142598.04,PL-893067,0.0,0.0,TER-011,True,True,0.0,False,
LQ-202410-0009,VEH-025,2024-10-10,2024-10-10,RUT-03,HORA_24,1.0,550972.0,550972.0,0.0,550972.0,,3.0,100800.0,,False,False,302400.0,False,
LQ-202501-0026,VEH-021,2025-01-31,2025-01-31,RUT-01,HORA_12,1.0,222410.0,222410.0,0.0,222410.0,PL-730823,1.0,76957.0,TER-002,True,True,76957.0,False,
LQ-202511-0080,VEH-023,2025-11-16,2025-11-16,RUT-11,HORA_24,1.0,452691.0,452691.0,0.0,452691.0,PL-169513,0.0,0.0,,True,False,0.0,False,
LQ-202412-0020,VEH-013,2024-12-06,2024-12-09,RUT-01,HORA_24,1.0,373645.0,373645.0,0.0,373645.0,PL-576769,0.0,0.0,TER-006,True,True,0.0,False,
LQ-202508-0065,VEH-012,2025-08-11,2025-08-14,RUT-08,HORA_24,1.0,500289.0,500289.0,0.0,500289.0,,0.0,0.0,TER-010,False,True,0.0,False,
LQ-202503-0039,VEH-028,2025-03-08,2025-03-08,RUT-01,HORA_12,1.0,300044.0,300044.0,0.0,300044.0,PL-337336,2.0,103834.0,TER-004,True,True,207668.0,False,
LQ-202607-0123,VEH-017,2026-07-29,2026-07-31,RUT-02,HORA_12,1.0,275689.0,275689.0,0.0,275689.0,PL-402101,1.0,113179.0,,True,False,113179.0,False,
LQ-202503-0037,VEH-016,2025-03-16,2025-03-17,RUT-02,HORA_12,1.0,286629.0,286629.0,6.33,268485.38,,1.0,103834.0,TER-007,False,True,103834.0,False,
LQ-202505-0049,VEH-020,2025-05-29,2025-05-31,RUT-07,HORA_12,1.0,290824.0,290824.0,0.0,290824.0,,0.0,0.0,TER-012,False,True,0.0,False,
LQ-202602-0098,VEH-019,2026-02-16,2026-02-16,RUT-04,HORA,6.75,32395.0,218666.25,0.0,218666.25,PL-489620,0.0,0.0,,True,False,0.0,False,
LQ-202502-0033,VEH-010,2025-02-01,2025-02-03,RUT-11,HORA_24,1.0,463348.0,463348.0,0.0,463348.0,PL-494847,0.0,0.0,,True,False,0.0,False,
LQ-202509-0072,VEH-012,2025-09-11,2025-09-11,RUT-10,KILOMETRO,281.36,3904.0,1098429.44,0.0,1098429.44,PL-163122,0.0,0.0,,True,False,0.0,False,
LQ-202601-0090,VEH-028,2026-01-02,2026-01-03,RUT-01,HORA_24,1.0,463482.0,463482.0,0.0,463482.0,PL-451525,3.0,85144.0,,True,False,255432.0,False,
LQ-202510-0078,VEH-038,2025-10-03,2025-10-05,RUT-03,HORA_24,1.0,427947.0,427947.0,0.0,427947.0,PL-132691,0.0,0.0,TER-008,True,True,0.0,False,
LQ-202410-0008,VEH-012,2024-10-02,2024-10-02,RUT-15,HORA,4.96,32219.0,159806.24,0.0,159806.24,PL-138105,0.0,0.0,,True,False,0.0,False,
LQ-202505-0051,VEH-037,2025-05-05,2025-05-06,RUT-03,HORA_24,1.0,517417.0,517417.0,0.0,517417.0,PL-844669,2.0,107827.0,,True,False,215654.0,False,
LQ-202606-0119,VEH-039,2026-06-18,2026-06-20,RUT-11,HORA_12,1.0,289989.0,289989.0,0.0,289989.0,,0.0,0.0,,False,False,0.0,False,
LQ-202606-0119,VEH-013,2026-06-08,2026-06-09,RUT-10,HORA_24,1.0,554680.0,554680.0,0.0,554680.0,PL-393023,0.0,0.0,,True,False,0.0,False,
LQ-202501-0025,VEH-038,2025-01-17,2025-01-17,RUT-08,HORA_24,1.0,371145.0,371145.0,0.0,371145.0,PL-206663,0.0,0.0,,True,False,0.0,False,
LQ-202411-0017,VEH-005,2024-11-19,2024-11-20,RUT-07,HORA_12,1.0,231274.0,231274.0,0.0,231274.0,,0.0,0.0,,False,False,0.0,False,
LQ-202412-0018,VEH-001,2024-12-26,2024-12-28,RUT-03,HORA_24,1.0,323227.0,323227.0,0.0,323227.0,,1.0,73920.0,,False,False,73920.0,False,
LQ-202506-0057,VEH-018,2025-06-30,2025-06-30,RUT-09,HORA_24,1.0,496467.0,496467.0,0.0,496467.0,,1.0,110822.0,,False,False,110822.0,False,
LQ-202602-0098,VEH-006,2026-02-10,2026-02-13,RUT-10,HORA_24,1.0,447714.0,447714.0,0.0,447714.0,PL-223748,0.0,0.0,,True,False,0.0,False,
LQ-202511-0079,VEH-026,2025-11-30,2025-11-30,RUT-07,HORA,12.03,28883.0,347462.49,0.0,347462.49,PL-260057,0.0,0.0,,True,False,0.0,False,
LQ-202512-0085,VEH-011,2025-12-21,2025-12-23,RUT-07,HORA_12,1.0,181927.0,181927.0,0.0,181927.0,PL-878339,0.0,0.0,,True,False,0.0,False,
LQ-202603-0103,VEH-026,2026-03-27,2026-03-29,RUT-03,HORA_12,1.0,252185.0,252185.0,0.0,252185.0,PL-895054,0.0,0.0,,True,False,0.0,False,
LQ-202502-0032,VEH-026,2025-02-27,2025-02-27,RUT-06,HORA,8.22,29260.0,240517.2,0.0,240517.2,PL-832964,0.0,0.0,,True,False,0.0,False,
LQ-202508-0064,VEH-036,2025-08-19,2025-08-19,RUT-14,HORA_24,1.0,454911.0,454911.0,0.0,454911.0,PL-250861,0.0,0.0,TER-003,True,True,0.0,False,
LQ-202503-0036,VEH-028,2025-03-12,2025-03-12,RUT-15,KILOMETRO,92.09,4516.0,415878.44,0.0,415878.44,PL-170997,0.0,0.0,,True,False,0.0,False,
LQ-202510-0076,VEH-033,2025-10-28,2025-10-30,RUT-12,HORA_24,1.0,445675.0,445675.0,5.17,422633.6,,0.0,0.0,,False,False,0.0,False,
LQ-202410-0009,VEH-037,2024-10-10,2024-10-10,RUT-06,KILOMETRO,417.86,4422.0,1847776.92,0.0,1847776.92,,0.0,0.0,TER-007,False,True,0.0,False,
LQ-202409-0001,VEH-001,2024-09-15,2024-09-17,RUT-05,HORA_12,1.0,273892.0,273892.0,0.0,273892.0,,0.0,0.0,,False,False,0.0,False,
LQ-202511-0080,VEH-031,2025-11-18,2025-11-18,RUT-08,HORA,8.41,29230.0,245824.3,0.0,245824.3,PL-796862,0.0,0.0,,True,False,0.0,False,
LQ-202604-0108,VEH-037,2026-04-08,2026-04-09,RUT-04,HORA_24,1.0,495711.0,495711.0,0.0,495711.0,,3.0,105910.0,,False,False,317730.0,False,
LQ-202510-0075,VEH-008,2025-10-31,2025-10-31,RUT-08,HORA_12,1.0,278545.0,278545.0,0.0,278545.0,PL-469458,0.0,0.0,,True,False,0.0,False,
LQ-202506-0053,VEH-002,2025-06-12,2025-06-14,RUT-03,HORA_12,1.0,333490.0,333490.0,0.0,333490.0,PL-613392,3.0,110822.0,,True,False,332466.0,False,
LQ-202502-0033,VEH-031,2025-02-15,2025-02-16,RUT-14,HORA_12,1.0,248935.0,248935.0,0.0,248935.0,PL-794830,0.0,0.0,,True,False,0.0,False,
LQ-202605-0114,VEH-030,2026-05-10,2026-05-10,RUT-03,KILOMETRO,152.75,5053.0,771845.75,0.0,771845.75,PL-822963,3.0,105412.0,,True,False,316236.0,False,
LQ-202505-0047,VEH-039,2025-05-11,2025-05-12,RUT-02,HORA_24,1.0,529199.0,529199.0,0.0,529199.0,PL-915807,2.0,107827.0,,True,False,215654.0,False,
LQ-202409-0005,VEH-015,2024-09-19,2024-09-22,RUT-11,HORA_24,1.0,423250.0,423250.0,0.0,423250.0,,0.0,0.0,,False,False,0.0,False,
LQ-202507-0063,VEH-002,2025-07-13,2025-07-15,RUT-07,HORA_24,1.0,442804.0,442804.0,0.0,442804.0,PL-805703,0.0,0.0,TER-005,True,True,0.0,False,
LQ-202601-0093,VEH-031,2026-01-31,2026-01-31,RUT-04,HORA_12,1.0,235178.0,235178.0,0.0,235178.0,PL-231136,0.0,0.0,,True,False,0.0,False,
LQ-202607-0125,VEH-008,2026-07-26,2026-07-28,RUT-09,HORA_24,1.0,495011.0,495011.0,0.0,495011.0,PL-701397,0.0,0.0,TER-012,True,True,0.0,False,
LQ-202502-0029,VEH-009,2025-02-26,2025-02-26,RUT-10,HORA,9.28,31917.0,296189.76,0.0,296189.76,,0.0,0.0,,False,False,0.0,False,
LQ-202509-0070,VEH-028,2025-09-09,2025-09-11,RUT-01,HORA_12,1.0,242529.0,242529.0,0.0,242529.0,,1.0,96665.0,,False,False,96665.0,False,
LQ-202607-0125,VEH-027,2026-07-02,2026-07-03,RUT-14,HORA_24,1.0,538266.0,538266.0,0.0,538266.0,PL-473086,0.0,0.0,,True,False,0.0,False,
LQ-202506-0057,VEH-001,2025-06-25,2025-06-25,RUT-10,HORA_24,1.0,538278.0,538278.0,7.71,496776.77,PL-401153,0.0,0.0,,True,False,0.0,False,
LQ-202607-0126,VEH-016,2026-07-15,2026-07-18,RUT-11,HORA_24,1.0,539762.0,539762.0,0.0,539762.0,PL-695232,0.0,0.0,,True,False,0.0,False,
LQ-202501-0024,VEH-034,2025-01-01,2025-01-03,RUT-11,HORA_24,1.0,321697.0,321697.0,0.0,321697.0,,1.0,76957.0,,False,False,76957.0,False,
LQ-202608-0134,VEH-001,2026-08-06,2026-08-07,RUT-02,HORA_12,1.0,282675.0,282675.0,0.0,282675.0,PL-126221,3.0,103460.0,,True,False,310380.0,False,
LQ-202510-0077,VEH-040,2025-10-31,2025-10-31,RUT-12,HORA_24,1.0,459901.0,459901.0,0.0,459901.0,PL-859375,0.0,0.0,,True,False,0.0,False,
LQ-202605-0115,VEH-032,2026-05-06,2026-05-06,RUT-12,HORA_12,1.0,260416.0,260416.0,0.0,260416.0,,0.0,0.0,,False,False,0.0,False,
LQ-202510-0076,VEH-020,2025-10-11,2025-10-13,RUT-11,HORA_24,1.0,515442.0,515442.0,0.0,515442.0,PL-278584,0.0,0.0,,True,False,0.0,False,
LQ-202606-0122,VEH-021,2026-06-08,2026-06-08,RUT-04,HORA_24,1.0,564180.0,564180.0,0.0,564180.0,PL-568909,1.0,108340.0,,True,False,108340.0,False,
LQ-202412-0019,VEH-031,2024-12-25,2024-12-28,RUT-12,HORA_24,1.0,293615.0,293615.0,0.0,293615.0,PL-846606,0.0,0.0,,True,False,0.0,True,tarifa fuera de rango
LQ-202504-0044,VEH-005,2025-04-13,2025-04-16,RUT-11,HORA_12,1.0,252536.0,252536.0,0.0,252536.0,PL-302312,0.0,0.0,,True,False,0.0,False,
LQ-202605-0116,VEH-039,2026-05-01,2026-05-02,RUT-08,HORA_12,1.0,302967.0,302967.0,0.0,302967.0,PL-701449,0.0,0.0,TER-011,True,True,0.0,False,
LQ-202411-0017,VEH-006,2024-11-03,2024-11-04,RUT-13,HORA_12,20.52,217846.0,4470199.92,0.0,4470199.92,PL-167193,0.0,0.0,TER-006,True,True,0.0,True,cantidad fuera de rango
LQ-202510-0076,VEH-036,2025-10-27,2025-10-27,RUT-05,HORA,3.62,28921.0,104694.02,0.0,104694.02,PL-464519,0.0,0.0,,True,False,0.0,False,
LQ-202501-0026,VEH-026,2025-01-28,2025-01-31,RUT-04,HORA_12,1.0,246167.0,246167.0,0.0,246167.0,PL-367946,0.0,0.0,,True,False,0.0,False,
LQ-202412-0022,VEH-040,2024-12-04,2024-12-05,RUT-08,HORA_24,1.0,336329.0,336329.0,0.0,336329.0,,0.0,0.0,TER-008,False,True,0.0,False,
LQ-202412-0021,VEH-030,2024-12-15,2024-12-17,RUT-02,HORA_12,1.0,189674.0,189674.0,0.0,189674.0,,0.0,0.0,TER-004,False,True,0.0,False,
LQ-202502-0032,VEH-021,2025-02-11,2025-02-11,RUT-03,HORA,7.97,29214.0,232835.58,0.0,232835.58,PL-992919,0.0,0.0,,True,False,0.0,False,
LQ-202503-0035,VEH-023,2025-03-27,2025-03-27,RUT-15,HORA_12,1.0,287757.0,287757.0,0.0,287757.0,,0.0,0.0,,False,False,0.0,False,
LQ-202501-0026,VEH-025,2025-01-30,2025-01-30,RUT-15,KILOMETRO,245.61,3243.0,796513.23,0.0,796513.23,,0.0,0.0,,False,False,0.0,False,
LQ-202509-0071,VEH-011,2025-09-18,2025-09-18,RUT-11,KILOMETRO,290.75,4998.0,1453168.5,0.0,1453168.5,PL-535637,0.0,0.0,,True,False,0.0,False,
LQ-202602-0098,VEH-029,2026-02-20,2026-02-21,RUT-07,HORA_12,1.0,266727.0,266727.0,0.0,266727.0,PL-382054,0.0,0.0,TER-001,True,True,0.0,False,
LQ-202410-0009,VEH-004,2024-10-18,2024-10-21,RUT-12,HORA_24,1.0,507369.0,507369.0,0.0,507369.0,,0.0,0.0,TER-002,False,True,0.0,False,
LQ-202507-0059,VEH-031,2025-07-07,2025-07-07,RUT-07,HORA,7.59,30993.0,235236.87,0.0,235236.87,PL-911035,0.0,0.0,,True,False,0.0,False,
LQ-202409-0005,VEH-011,2024-09-28,2024-09-30,RUT-07,HORA_12,1.0,299099.0,299099.0,0.0,299099.0,,0.0,0.0,,False,False,0.0,False,
LQ-202504-0046,VEH-029,2025-04-01,2025-04-03,RUT-09,HORA_12,1.0,307169.0,307169.0,0.0,307169.0,PL-259151,0.0,0.0,,True,False,0.0,False,
LQ-202512-0088,VEH-005,2025-12-02,2025-12-05,RUT-11,HORA_12,1.0,175814.0,175814.0,0.0,175814.0,,0.0,0.0,,False,False,0.0,False,
LQ-202606-0119,VEH-004,2026-06-03,2026-06-06,RUT-15,HORA_12,1.0,299176.0,299176.0,0.0,299176.0,PL-455969,0.0,0.0,,True,False,0.0,False,
LQ-202602-0096,VEH-008,2026-02-15,2026-02-15,RUT-15,HORA,4.86,33372.0,162187.92,0.0,162187.92,PL-982746,0.0,0.0,,True,False,0.0,False,
LQ-202511-0083,VEH-006,2025-11-11,2025-11-11,RUT-14,HORA_12,1.0,242272.0,242272.0,0.0,242272.0,,0.0,0.0,,False,False,0.0,False,
LQ-202505-0047,VEH-020,2025-05-30,2025-05-30,RUT-14,HORA_24,1.0,455484.0,455484.0,0.0,455484.0,PL-163821,0.0,0.0,TER-004,True,True,0.0,False,
LQ-202606-0118,VEH-038,2026-06-13,2026-06-15,RUT-08,HORA_24,1.0,477401.0,477401.0,0.0,477401.0,PL-228477,0.0,0.0,,True,False,0.0,False,
LQ-202505-0050,VEH-023,2025-05-12,2025-05-15,RUT-15,HORA_12,1.0,244425.0,244425.0,0.0,244425.0,PL-168590,0.0,0.0,,True,False,0.0,False,
LQ-202601-0091,VEH-003,2026-01-01,2026-01-03,RUT-06,HORA_24,1.0,362618.0,362618.0,0.0,362618.0,PL-187035,1.0,80035.0,TER-011,True,True,80035.0,False,
LQ-202508-0064,VEH-037,2025-08-02,2025-08-02,RUT-04,HORA,10.96,33791.0,370349.36,0.0,370349.36,PL-535771,1.0,105830.0,,True,False,105830.0,False,
LQ-202410-0009,VEH-036,2024-10-05,2024-10-05,RUT-02,HORA,6.2,32299.0,200253.8,4.89,190461.39,PL-637333,3.0,100800.0,,True,False,302400.0,False,
LQ-202510-0074,VEH-013,2025-10-09,2025-10-10,RUT-12,HORA_12,1.0,251416.0,251416.0,0.0,251416.0,PL-573295,0.0,0.0,,True,False,0.0,False,
LQ-202606-0120,VEH-014,2026-06-14,2026-06-17,RUT-10,HORA_24,1.0,563584.0,563584.0,2.08,551861.45,PL-930287,1.0,115255.0,,True,False,115255.0,False,
LQ-202411-0015,VEH-015,2024-11-23,2024-11-25,RUT-08,HORA_12,1.0,250794.0,250794.0,0.0,250794.0,,0.0,0.0,,False,False,0.0,False,
LQ-202510-0075,VEH-008,2025-10-29,2025-10-29,RUT-15,KILOMETRO,182.48,40695.0,7426023.6,0.0,7426023.6,PL-194421,0.0,0.0,,True,False,0.0,True,tarifa fuera de rango
LQ-202512-0087,VEH-029,2025-12-05,2025-12-05,RUT-09,HORA,7.79,25580.0,199268.2,0.0,199268.2,PL-651403,0.0,0.0,,True,False,0.0,False,
LQ-202607-0126,VEH-030,2026-07-16,2026-07-19,RUT-11,HORA_12,1.0,267612.0,267612.0,0.0,267612.0,PL-415260,0.0,0.0,TER-003,True,True,0.0,False,
LQ-202608-0133,VEH-021,2026-08-29,2026-08-31,RUT-15,HORA_24,1.0,504162.0,504162.0,0.0,504162.0,PL-264847,0.0,0.0,,True,False,0.0,False,
LQ-202409-0004,VEH-022,2024-09-05,2024-09-05,RUT-11,HORA_24,1.0,402982.0,402982.0,0.0,402982.0,,0.0,0.0,,False,False,0.0,False,
LQ-202511-0080,VEH-024,2025-11-06,2025-11-06,RUT-01,HORA,5.05,27227.0,137496.35,5.66,129714.06,PL-426109,0.0,0.0,TER-012,True,True,0.0,False,
LQ-202509-0072,VEH-012,2025-09-30,2025-09-30,RUT-02,HORA_12,1.0,264172.0,264172.0,0.0,264172.0,,3.0,96665.0,,False,False,289995.0,False,
LQ-202505-0047,VEH-024,2025-05-25,2025-05-25,RUT-10,HORA,7.13,40033.0,285435.29,0.0,285435.29,PL-532949,0.0,0.0,,True,False,0.0,False,
LQ-202411-0015,VEH-040,2024-11-11,2024-11-11,RUT-11,KILOMETRO,186.42,4046.0,754255.32,0.0,754255.32,,0.0,0.0,,False,False,0.0,False,
LQ-202603-0107,VEH-018,2026-03-18,2026-03-18,RUT-09,HORA_12,1.0,258133.0,258133.0,0.0,258133.0,PL-938072,0.0,0.0,,True,False,0.0,False,
LQ-202509-0072,VEH-020,2025-09-22,2025-09-22,RUT-11,KILOMETRO,329.28,4438.0,1461344.64,0.0,1461344.64,PL-312876,0.0,0.0,TER-002,True,True,0.0,False,
LQ-202505-0049,VEH-026,2025-05-07,2025-05-09,RUT-14,HORA_12,1.0,313981.0,313981.0,9.14,285283.14,PL-410899,0.0,0.0,,True,False,0.0,False,
LQ-202505-0047,VEH-034,2025-05-06,2025-05-06,RUT-14,HORA,6.37,28453.0,181245.61,0.0,181245.61,PL-596789,0.0,0.0,,True,False,0.0,False,
LQ-202504-0045,VEH-020,2025-04-07,2025-04-07,RUT-14,KILOMETRO,399.64,4439.0,1774001.96,0.0,1774001.96,,0.0,0.0,,False,False,0.0,False,
LQ-202409-0002,VEH-012,2024-09-07,2024-09-10,RUT-03,HORA_24,1.0,427278.0,427278.0,0.0,427278.0,,3.0,92947.0,,False,False,278841.0,False,
LQ-202605-0116,VEH-034,2026-05-05,2026-05-08,RUT-03,HORA_24,1.0,514878.0,514878.0,0.0,514878.0,PL-494691,0.0,0.0,,True,False,0.0,False,
LQ-202504-0042,VEH-016,2025-04-25,2025-04-27,RUT-10,HORA_12,1.0,299887.0,299887.0,0.0,299887.0,PL-238278,0.0,0.0,,True,False,0.0,False,
LQ-202606-0119,VEH-003,2026-06-20,2026-06-20,RUT-12,HORA,10.36,33604.0,348137.44,0.0,348137.44,PL-943518,0.0,0.0,,True,False,0.0,False,
LQ-202503-0037,VEH-016,2025-03-29,2025-03-29,RUT-05,HORA_12,1.0,293384.0,293384.0,0.0,293384.0,PL-833736,0.0,0.0,,True,False,0.0,False,
LQ-202606-0119,VEH-038,2026-06-24,2026-06-24,RUT-03,HORA_24,1.0,541931.0,541931.0,3.3,524047.28,PL-384025,1.0,108340.0,,True,False,108340.0,False,
LQ-202608-0134,VEH-012,2026-08-24,2026-08-24,RUT-07,HORA,5.06,35929.0,181800.74,0.0,181800.74,PL-435396,0.0,0.0,TER-004,True,True,0.0,False,
LQ-202608-0130,VEH-038,2026-08-27,2026-08-28,RUT-11,HORA_24,1.0,485685.0,485685.0,0.0,485685.0,PL-411581,0.0,0.0,TER-011,True,True,0.0,False,
LQ-202409-0001,VEH-006,2024-09-02,2024-09-02,RUT-02,HORA,9.24,30663.0,283326.12,0.0,283326.12,PL-890170,1.0,98880.0,,True,False,98880.0,False,
LQ-202606-0119,VEH-001,2026-06-10,2026-06-13,RUT-08,HORA_24,1.0,493332.0,493332.0,0.0,493332.0,PL-241296,0.0,0.0,,True,False,0.0,False,
LQ-202411-0013,VEH-017,2024-11-29,2024-11-30,RUT-11,HORA_24,1.0,420275.0,420275.0,0.0,420275.0,,0.0,0.0,,False,False,0.0,False,
LQ-202601-0090,VEH-007,2026-01-05,2026-01-05,RUT-13,HORA_24,1.0,433275.0,433275.0,0.0,433275.0,PL-430340,0.0,0.0,TER-006,True,True,0.0,False,
LQ-202510-0074,VEH-007,2025-10-20,2025-10-20,RUT-05,HORA_24,1.0,448826.0,448826.0,0.0,448826.0,PL-303981,0.0,0.0,TER-002,True,True,0.0,False,
LQ-202512-0085,VEH-024,2025-12-02,2025-12-05,RUT-04,HORA_24,1.0,336266.0,336266.0,0.0,336266.0,PL-146154,1.0,72264.0,TER-009,True,True,72264.0,False,
LQ-202505-0051,VEH-008,2025-05-27,2025-05-27,RUT-09,KILOMETRO,344.87,5258.0,1813326.46,0.0,1813326.46,PL-801188,0.0,0.0,,True,False,0.0,False,
LQ-202602-0101,VEH-025,2026-02-23,2026-02-25,RUT-07,HORA_24,1.0,412303.0,412303.0,0.0,412303.0,PL-445221,0.0,0.0,,True,False,0.0,False,
LQ-202502-0034,VEH-014,2025-02-26,2025-02-28,RUT-08,HORA_24,1.0,432955.0,432955.0,0.0,432955.0,,0.0,0.0,TER-009,False,True,0.0,False,
LQ-202509-0070,VEH-030,2025-09-28,2025-09-28,RUT-06,KILOMETRO,296.43,3779.0,1120208.97,0.0,1120208.97,,2.0,96665.0,,False,False,193330.0,False,
LQ-202603-0106,VEH-018,2026-03-19,2026-03-21,RUT-13,HORA_12,1.0,319235.0,319235.0,0.0,319235.0,PL-259263,0.0,0.0,TER-011,True,True,0.0,False,
LQ-202412-0021,VEH-021,2024-12-03,2024-12-06,RUT-11,HORA_24,1.0,321550.0,321550.0,0.0,321550.0,PL-682051,0.0,0.0,TER-008,True,True,0.0,False,
LQ-202511-0080,VEH-002,2025-11-04,2025-11-04,RUT-08,HORA,9.29,28577.0,265480.33,0.0,265480.33,PL-679364,0.0,0.0,,True,False,0.0,False,
LQ-202412-0019,VEH-015,2024-12-13,2024-12-13,RUT-15,HORA_12,1.0,179938.0,179938.0,0.0,179938.0,,0.0,0.0,,False,False,0.0,False,
LQ-202506-0056,VEH-006,2025-06-16,2025-06-19,RUT-01,HORA_24,1.0,471619.0,471619.0,0.0,471619.0,,0.0,0.0,TER-004,False,True,0.0,False,
LQ-202601-0094,VEH-011,2026-01-03,2026-01-06,RUT-01,HORA_24,1.0,428866.0,428866.0,0.0,428866.0,PL-699387,2.0,85144.0,,True,False,170288.0,False,
LQ-202505-0052,VEH-024,2025-05-16,2025-05-18,RUT-01,HORA_24,1.0,496863.0,496863.0,0.0,496863.0,PL-172236,0.0,0.0,TER-010,True,True,0.0,False,
LQ-202409-0004,VEH-039,2024-09-04,2024-09-07,RUT-04,HORA_24,1.0,462456.0,462456.0,1.71,454548.0,,3.0,92947.0,TER-006,False,True,278841.0,False,
LQ-202604-0110,VEH-034,2026-04-02,2026-04-02,RUT-04,KILOMETRO,263.79,4609.0,1215808.11,0.0,1215808.11,PL-125712,3.0,105910.0,,True,False,317730.0,False,
LQ-202512-0088,VEH-038,2025-12-18,2025-12-20,RUT-15,HORA_24,1.0,370092.0,370092.0,0.0,370092.0,PL-438648,0.0,0.0,,True,False,0.0,False,
LQ-202511-0079,VEH-036,2025-11-09,2025-11-09,RUT-08,HORA_24,1.0,433147.0,433147.0,0.0,433147.0,PL-192873,0.0,0.0,,True,False,0.0,False,
LQ-202608-0130,VEH-040,2026-08-07,2026-08-07,RUT-04,HORA_24,1.0,473470.0,473470.0,0.0,473470.0,PL-641164,0.0,0.0,,True,False,0.0,False,
LQ-202504-0044,VEH-039,2025-04-01,2025-04-01,RUT-14,KILOMETRO,67.29,3902.0,262565.58,0.0,262565.58,PL-762951,0.0,0.0,,True,False,0.0,False,
LQ-202409-0004,VEH-003,2024-09-25,2024-09-26,RUT-11,HORA_12,1.0,249745.0,249745.0,0.0,249745.0,,0.0,0.0,,False,False,0.0,False,
LQ-202511-0083,VEH-033,2025-11-12,2025-11-14,RUT-03,HORA_12,1.0,239165.0,239165.0,0.0,239165.0,PL-671742,1.0,91973.0,TER-005,True,True,91973.0,False,
LQ-202506-0057,VEH-016,2025-06-13,2025-06-13,RUT-15,KILOMETRO,156.6,5226.0,818391.6,0.0,818391.6,PL-400383,0.0,0.0,TER-003,True,True,0.0,False,
LQ-202607-0125,VEH-012,2026-07-17,2026-07-17,RUT-12,HORA,1.33,32675.0,43457.75,0.0,43457.75,,0.0,0.0,,False,False,0.0,False,
LQ-202601-0093,VEH-027,2026-01-30,2026-01-30,RUT-15,KILOMETRO,176.75,3536.0,624988.0,0.0,624988.0,PL-393529,2.0,80035.0,,True,False,160070.0,False,
LQ-202508-0064,VEH-009,2025-08-12,2025-08-14,RUT-15,HORA_24,1.0,506846.0,506846.0,0.0,506846.0,PL-322311,0.0,0.0,,True,False,0.0,False,
LQ-202511-0079,VEH-001,2025-11-21,2025-11-21,RUT-04,KILOMETRO,269.71,4281.0,1154628.51,0.0,1154628.51,,0.0,0.0,,False,False,0.0,False,
LQ-202510-0077,VEH-012,2025-10-13,2025-10-13,RUT-09,HORA,9.92,35395.0,351118.4,0.0,351118.4,PL-861391,0.0,0.0,TER-001,True,True,0.0,False,
LQ-202512-0089,VEH-023,2025-12-13,2025-12-13,RUT-11,HORA,7.44,23629.0,175799.76,0.0,175799.76,PL-710950,0.0,0.0,,True,False,0.0,False,
LQ-202412-0018,VEH-004,2024-12-24,2024-12-27,RUT-09,HORA_24,1.0,358336.0,358336.0,0.0,358336.0,,0.0,0.0,,False,False,0.0,False,
LQ-202506-0053,VEH-022,2025-06-08,2025-06-10,RUT-11,HORA_24,1.0,505186.0,505186.0,0.0,505186.0,PL-142420,0.0,0.0,TER-011,True,True,0.0,False,
LQ-202511-0079,VEH-027,2025-11-10,2025-11-11,RUT-15,HORA_24,1.0,437160.0,437160.0,0.0,437160.0,,0.0,0.0,,False,False,0.0,False,
LQ-202505-0047,VEH-031,2025-05-24,2025-05-24,RUT-13,HORA,5.79,32749.0,189616.71,0.0,189616.71,,0.0,0.0,,False,False,0.0,False,
LQ-202409-0004,VEH-009,2024-09-26,2024-09-26,RUT-03,HORA_24,1.0,428743.0,428743.0,0.0,428743.0,,0.0,0.0,TER-003,False,True,0.0,False,
LQ-202504-0046,VEH-028,2025-04-29,2025-04-30,RUT-06,HORA_24,1.0,473786.0,473786.0,0.0,473786.0,PL-725935,0.0,0.0,,True,False,0.0,False,
LQ-202412-0022,VEH-028,2024-12-18,2024-12-21,RUT-07,HORA_24,1.0,318809.0,318809.0,0.0,318809.0,,0.0,0.0,TER-008,False,True,0.0,False,
LQ-202501-0025,VEH-036,2025-01-05,2025-01-06,RUT-04,HORA_24,1.0,392676.0,392676.0,0.0,392676.0,PL-743226,0.0,0.0,,True,False,0.0,False,
LQ-202511-0081,VEH-014,2025-11-22,2025-11-23,RUT-07,HORA_12,1.0,236388.0,236388.0,0.0,236388.0,PL-454688,0.0,0.0,TER-009,True,True,0.0,False,
LQ-202505-0049,VEH-034,2025-05-18,2025-05-18,RUT-06,HORA,5.25,37618.0,197494.5,0.0,197494.5,PL-274853,0.0,0.0,,True,False,0.0,False,
LQ-202601-0094,VEH-009,2026-01-15,2026-01-15,RUT-10,KILOMETRO,209.66,3684.0,772387.44,0.0,772387.44,PL-199262,0.0,0.0,,True,False,0.0,False,
LQ-202607-0126,VEH-010,2026-07-20,2026-07-22,RUT-06,HORA_24,1.0,518992.0,518992.0,0.0,518992.0,PL-585858,0.0,0.0,TER-010,True,True,0.0,False,
LQ-202603-0106,VEH-038,2026-03-13,2026-03-13,RUT-10,HORA_24,1.0,516195.0,516195.0,0.0,516195.0,PL-292125,0.0,0.0,,True,False,0.0,False,
LQ-202409-0001,VEH-006,2024-09-08,2024-09-08,RUT-05,HORA,6.13,31502.0,193107.26,5.62,182254.63,,0.0,0.0,,False,False,0.0,False,
LQ-202509-0070,VEH-028,2025-09-16,2025-09-16,RUT-07,HORA_24,1.0,471518.0,471518.0,0.0,471518.0,PL-964286,0.0,0.0,,True,False,0.0,False,
LQ-202502-0031,VEH-011,2025-02-05,2025-02-08,RUT-08,HORA_24,1.0,445398.0,445398.0,0.0,445398.0,,0.0,0.0,TER-002,False,True,0.0,False,
LQ-202512-0085,VEH-040,2025-12-31,2025-12-31,RUT-03,HORA,9.81,22967.0,225306.27,3.9,216519.33,PL-880361,0.0,0.0,,True,False,0.0,False,
LQ-202504-0042,VEH-003,2025-04-27,2025-04-29,RUT-15,HORA_24,1.0,487041.0,487041.0,0.0,487041.0,,0.0,0.0,,False,False,0.0,False,
LQ-202411-0014,VEH-034,2024-11-21,2024-11-21,RUT-11,HORA_24,1.0,407330.0,407330.0,0.0,407330.0,,0.0,0.0,,False,False,0.0,False,
LQ-202412-0020,VEH-037,2024-12-02,2024-12-04,RUT-03,HORA_24,1.0,362645.0,362645.0,2.49,353615.14,PL-978721,0.0,0.0,,True,False,0.0,False,
LQ-202508-0065,VEH-035,2025-08-22,2025-08-24,RUT-13,HORA_24,1.0,487538.0,487538.0,6.1,457798.18,PL-938007,0.0,0.0,TER-006,True,True,0.0,False,
LQ-202506-0057,VEH-032,2025-06-09,2025-06-12,RUT-01,HORA_24,1.0,495363.0,495363.0,0.0,495363.0,PL-219786,1.0,110822.0,TER-008,True,True,110822.0,False,
LQ-202506-0055,VEH-021,2025-06-04,2025-06-06,RUT-01,HORA_12,1.0,312551.0,312551.0,0.0,312551.0,PL-355512,1.0,110822.0,,True,False,110822.0,False,
LQ-202506-0055,VEH-022,2025-06-24,2025-06-26,RUT-02,HORA_12,1.0,271062.0,271062.0,0.0,271062.0,PL-291971,3.0,110822.0,,True,False,332466.0,False,
LQ-202409-0004,VEH-011,2024-09-17,2024-09-17,RUT-06,HORA,3.96,28246.0,111854.16,0.0,111854.16,PL-369452,0.0,0.0,,True,False,0.0,False,
LQ-202504-0042,VEH-020,2025-04-30,2025-04-30,RUT-15,HORA,9.97,32850.0,327514.5,0.0,327514.5,PL-484757,0.0,0.0,,True,False,0.0,False,
LQ-202606-0120,VEH-008,2026-06-09,2026-06-09,RUT-02,HORA,12.77,40862.0,521807.74,0.0,521807.74,PL-115964,1.0,115255.0,,True,False,115255.0,False,
LQ-202503-0037,VEH-015,2025-03-19,2025-03-22,RUT-02,HORA_24,1.0,5772459.0,5772459.0,0.0,5772459.0,PL-837246,0.0,0.0,TER-006,True,True,0.0,True,tarifa fuera de rango
LQ-202605-0114,VEH-004,2026-05-29,2026-05-29,RUT-09,HORA,9.19,32612.0,299704.28,0.0,299704.28,PL-514284,0.0,0.0,,True,False,0.0,False,
LQ-202607-0123,VEH-003,2026-07-17,2026-07-19,RUT-10,HORA_24,1.0,581920.0,581920.0,0.0,581920.0,PL-677582,0.0,0.0,,True,False,0.0,False,
LQ-202607-0125,VEH-019,2026-07-02,2026-07-05,RUT-05,HORA_24,1.0,523294.0,523294.0,0.0,523294.0,PL-472184,0.0,0.0,,True,False,0.0,False,
LQ-202509-0072,VEH-030,2025-09-05,2025-09-05,RUT-03,KILOMETRO,269.57,4413.0,1189612.41,0.0,1189612.41,PL-455591,1.0,96665.0,,True,False,96665.0,False,
LQ-202608-0134,VEH-040,2026-08-29,2026-08-29,RUT-05,HORA_12,1.0,307741.0,307741.0,0.0,307741.0,PL-477724,0.0,0.0,TER-007,True,True,0.0,False,
LQ-202410-0009,VEH-013,2024-10-27,2024-10-28,RUT-07,HORA_24,1.0,481159.0,481159.0,0.0,481159.0,,0.0,0.0,,False,False,0.0,False,
LQ-202606-0118,VEH-033,2026-06-06,2026-06-08,RUT-07,HORA_12,1.0,318336.0,318336.0,2.89,309136.09,,0.0,0.0,,False,False,0.0,False,
LQ-202601-0092,VEH-018,2026-01-02,2026-01-02,RUT-05,HORA_12,1.0,247462.0,247462.0,0.0,247462.0,PL-574345,3.0,85144.0,,True,False,255432.0,False,
LQ-202503-0035,VEH-016,2025-03-05,2025-03-05,RUT-03,HORA,1.57,33154.0,52051.78,0.0,52051.78,PL-154567,3.0,103834.0,,True,False,311502.0,False,
LQ-202511-0079,VEH-030,2025-11-02,2025-11-02,RUT-01,HORA_24,1.0,491028.0,491028.0,0.0,491028.0,PL-190875,1.0,97843.0,TER-012,True,True,97843.0,False,
LQ-202602-0098,VEH-014,2026-02-13,2026-02-13,RUT-07,KILOMETRO,310.24,4323.0,1341167.52,0.0,1341167.52,,0.0,0.0,,False,False,0.0,False,
LQ-202505-0050,VEH-023,2025-05-21,2025-05-23,RUT-05,HORA_24,1.0,501020.0,501020.0,0.0,501020.0,PL-187129,0.0,0.0,TER-012,True,True,0.0,False,
LQ-202601-0094,VEH-011,2026-01-18,2026-01-20,RUT-07,HORA_24,1.0,414202.0,414202.0,0.0,414202.0,PL-855608,0.0,0.0,,True,False,0.0,False,
LQ-202503-0039,VEH-001,2025-03-12,2025-03-12,RUT-13,HORA,7.78,35173.0,273645.94,0.0,273645.94,PL-821673,0.0,0.0,,True,False,0.0,False,
LQ-202607-0123,VEH-020,2026-07-05,2026-07-06,RUT-12,HORA_12,1.0,345598.0,345598.0,0.0,345598.0,PL-568742,0.0,0.0,,True,False,0.0,False,
LQ-202505-0051,VEH-026,2025-05-06,2025-05-08,RUT-06,HORA_24,1.0,530110.0,530110.0,0.0,530110.0,PL-398641,0.0,0.0,,True,False,0.0,False,
LQ-202410-0010,VEH-010,2024-10-04,2024-10-05,RUT-06,HORA_12,1.0,259276.0,259276.0,0.0,259276.0,,0.0,0.0,,False,False,0.0,False,
LQ-202409-0003,VEH-020,2024-09-19,2024-09-21,RUT-14,HORA_12,1.0,3273070.0,3273070.0,0.0,3273070.0,,0.0,0.0,,False,False,0.0,True,tarifa fuera de rango
LQ-202601-0093,VEH-008,2026-01-09,2026-01-11,RUT-04,HORA_12,1.0,214744.0,214744.0,0.0,214744.0,PL-415791,3.0,80035.0,,True,False,240105.0,False,
LQ-202604-0112,VEH-039,2026-04-05,2026-04-07,RUT-15,HORA_24,1.0,531807.0,531807.0,0.0,531807.0,PL-242953,0.0,0.0,,True,False,0.0,False,
LQ-202604-0112,VEH-026,2026-04-17,2026-04-17,RUT-09,HORA,9.99,34691.0,346563.09,6.89,322684.89,PL-496360,0.0,0.0,,True,False,0.0,False,
LQ-202606-0122,VEH-037,2026-06-28,2026-06-29,RUT-14,HORA_24,1.0,501926.0,501926.0,0.0,501926.0,PL-749415,0.0,0.0,,True,False,0.0,False,
LQ-202510-0077,VEH-002,2025-10-08,2025-10-08,RUT-15,HORA,1.09,32241.0,35142.69,0.0,35142.69,,0.0,0.0,TER-010,False,True,0.0,False,
LQ-202502-0033,VEH-020,2025-02-05,2025-02-05,RUT-12,HORA_12,1.0,234657.0,234657.0,0.0,234657.0,PL-972786,0.0,0.0,,True,False,0.0,False,
LQ-202603-0102,VEH-031,2026-03-31,2026-03-31,RUT-10,HORA_12,1.0,282789.0,282789.0,0.0,282789.0,PL-492843,0.0,0.0,,True,False,0.0,False,
LQ-202511-0083,VEH-001,2025-11-23,2025-11-26,RUT-14,HORA_24,1.0,412864.0,412864.0,4.97,392344.66,PL-375016,0.0,0.0,,True,False,0.0,False,
LQ-202502-0031,VEH-018,2025-02-07,2025-02-07,RUT-10,KILOMETRO,390.21,4555.0,1777406.55,0.0,1777406.55,,0.0,0.0,TER-003,False,True,0.0,False,
LQ-202607-0128,VEH-011,2026-07-15,2026-07-15,RUT-09,KILOMETRO,425.47,5055.0,2150750.85,0.0,2150750.85,PL-442149,1.0,106388.0,,True,False,106388.0,False,
LQ-202503-0037,VEH-026,2025-03-16,2025-03-16,RUT-10,KILOMETRO,327.68,4356.0,1427374.08,2.24,1395400.9,PL-528902,0.0,0.0,,True,False,0.0,False,
LQ-202606-0121,VEH-029,2026-06-20,2026-06-23,RUT-08,HORA_24,1.0,528024.0,528024.0,0.0,528024.0,PL-290324,0.0,0.0,,True,False,0.0,False,
LQ-202503-0040,VEH-032,2025-03-28,2025-03-29,RUT-07,HORA_24,1.0,446382.0,446382.0,0.0,446382.0,PL-132405,0.0,0.0,TER-012,True,True,0.0,False,
LQ-202512-0084,VEH-026,2025-12-04,2025-12-04,RUT-14,KILOMETRO,454.99,3023.0,1375434.77,0.0,1375434.77,PL-238864,0.0,0.0,TER-001,True,True,0.0,False,
LQ-202506-0053,VEH-037,2025-06-21,2025-06-21,RUT-01,HORA,11.3,36996.0,418054.8,0.0,418054.8,,0.0,0.0,,False,False,0.0,False,
LQ-202601-0093,VEH-005,2026-01-12,2026-01-12,RUT-04,KILOMETRO,209.31,3243.0,678792.33,0.0,678792.33,PL-716628,3.0,80035.0,,True,False,240105.0,False,
LQ-202602-0097,VEH-027,2026-02-28,2026-02-28,RUT-11,HORA_12,1.0,290051.0,290051.0,0.0,290051.0,PL-309837,0.0,0.0,,True,False,0.0,False,
LQ-202510-0076,VEH-038,2025-10-16,2025-10-19,RUT-12,HORA_12,1.0,259609.0,259609.0,0.0,259609.0,PL-948373,0.0,0.0,,True,False,0.0,False,
LQ-202411-0014,VEH-009,2024-11-15,2024-11-17,RUT-05,HORA_24,11.0,434481.0,4779291.0,0.0,4779291.0,,0.0,0.0,,False,False,0.0,True,cantidad fuera de rango
LQ-202505-0047,VEH-009,2025-05-31,2025-05-31,RUT-13,HORA_24,1.0,454135.0,454135.0,1.47,447459.22,,0.0,0.0,,False,False,0.0,False,
LQ-202412-0021,VEH-009,2024-12-27,2024-12-29,RUT-07,HORA_24,1.0,350061.0,350061.0,0.0,350061.0,PL-240800,0.0,0.0,TER-011,True,True,0.0,False,
LQ-202509-0072,VEH-014,2025-09-05,2025-09-05,RUT-03,HORA,8.36,28543.0,238619.48,0.0,238619.48,PL-824410,0.0,0.0,,True,False,0.0,False,
LQ-202603-0107,VEH-026,2026-03-08,2026-03-11,RUT-08,HORA_24,1.0,457709.0,457709.0,0.0,457709.0,PL-324977,0.0,0.0,TER-005,True,True,0.0,False,
LQ-202605-0114,VEH-016,2026-05-05,2026-05-08,RUT-08,HORA_24,1.0,522243.0,522243.0,0.0,522243.0,PL-256807,0.0,0.0,TER-008,True,True,0.0,False,
LQ-202601-0090,VEH-020,2026-01-13,2026-01-13,RUT-05,KILOMETRO,358.94,3560.0,1277826.4,0.0,1277826.4,PL-921032,0.0,0.0,,True,False,0.0,False,
LQ-202409-0006,VEH-011,2024-09-28,2024-09-28,RUT-09,HORA,7.67,29763.0,228282.21,0.0,228282.21,PL-386042,0.0,0.0,,True,False,0.0,False,
LQ-202507-0063,VEH-012,2025-07-26,2025-07-26,RUT-06,HORA,7.3,35271.0,257478.3,0.0,257478.3,PL-626417,0.0,0.0,TER-010,True,True,0.0,False,
LQ-202603-0104,VEH-003,2026-03-05,2026-03-05,RUT-02,KILOMETRO,329.58,4554.0,1500907.32,0.0,1500907.32,PL-526630,1.0,107987.0,,True,False,107987.0,False,
LQ-202409-0005,VEH-007,2024-09-04,2024-09-05,RUT-06,HORA_12,1.0,256064.0,256064.0,0.0,256064.0,,0.0,0.0,,False,False,0.0,False,
LQ-202603-0102,VEH-003,2026-03-12,2026-03-14,RUT-04,HORA_12,1.0,322800.0,322800.0,0.0,322800.0,PL-612805,0.0,0.0,TER-003,True,True,0.0,False,
LQ-202409-0006,VEH-033,2024-09-15,2024-09-15,RUT-08,KILOMETRO,183.84,3892.0,715505.28,0.0,715505.28,,0.0,0.0,,False,False,0.0,False,
LQ-202412-0022,VEH-011,2024-12-13,2024-12-13,RUT-13,KILOMETRO,261.15,3682.0,961554.3,0.0,961554.3,,0.0,0.0,,False,False,0.0,False,
LQ-202410-0009,VEH-039,2024-10-14,2024-10-15,RUT-02,HORA_24,1.0,465980.0,465980.0,0.0,465980.0,,3.0,100800.0,,False,False,302400.0,False,
LQ-202510-0075,VEH-036,2025-10-08,2025-10-08,RUT-15,KILOMETRO,339.19,4513.0,1530764.47,0.0,1530764.47,PL-822586,2.0,104832.0,TER-007,True,True,209664.0,False,
LQ-202409-0002,VEH-033,2024-09-28,2024-09-28,RUT-05,HORA_24,1.0,456345.0,456345.0,0.0,456345.0,,3.0,92947.0,,False,False,278841.0,False,
LQ-202509-0071,VEH-023,2025-09-04,2025-09-04,RUT-04,KILOMETRO,286.88,4077.0,1169609.76,0.0,1169609.76,PL-843636,0.0,0.0,TER-007,True,True,0.0,False,
LQ-202506-0054,VEH-023,2025-06-03,2025-06-05,RUT-07,HORA_24,1.0,513262.0,513262.0,0.0,513262.0,PL-776818,0.0,0.0,,True,False,0.0,False,
LQ-202506-0053,VEH-013,2025-06-02,2025-06-02,RUT-04,HORA_12,1.0,310126.0,310126.0,0.0,310126.0,PL-599168,0.0,0.0,,True,False,0.0,False,
LQ-202411-0015,VEH-021,2024-11-23,2024-11-25,RUT-10,HORA_24,1.0,460437.0,460437.0,0.0,460437.0,,0.0,0.0,,False,False,0.0,False,
LQ-202412-0018,VEH-036,2024-12-07,2024-12-08,RUT-04,HORA_12,1.0,218910.0,218910.0,0.0,218910.0,,0.0,0.0,,False,False,0.0,False,
LQ-202605-0113,VEH-034,2026-05-04,2026-05-04,RUT-02,HORA,11.3,36874.0,416676.2,0.0,416676.2,PL-490012,1.0,112140.0,,True,False,112140.0,False,
LQ-202605-0113,VEH-033,2026-05-09,2026-05-09,RUT-09,HORA,6.81,38546.0,262498.26,0.0,262498.26,PL-739304,0.0,0.0,,True,False,0.0,False,
LQ-202505-0050,VEH-032,2025-05-13,2025-05-15,RUT-12,HORA_12,1.0,274309.0,274309.0,0.0,274309.0,,0.0,0.0,TER-006,False,True,0.0,False,
LQ-202501-0028,VEH-039,2025-01-07,2025-01-07,RUT-03,HORA,5.93,24041.0,142563.13,0.0,142563.13,PL-371914,0.0,0.0,,True,False,0.0,False,
LQ-202412-0020,VEH-019,2024-12-02,2024-12-02,RUT-02,HORA_24,1.0,369037.0,369037.0,0.0,369037.0,PL-740774,3.0,73920.0,,True,False,221760.0,False,
LQ-202505-0047,VEH-018,2025-05-23,2025-05-23,RUT-04,HORA,1.23,37442.0,46053.66,0.0,46053.66,PL-678788,3.0,107827.0,TER-012,True,True,323481.0,False,
LQ-202602-0097,VEH-023,2026-02-28,2026-02-28,RUT-09,HORA_24,1.0,429737.0,429737.0,0.0,429737.0,PL-641887,0.0,0.0,,True,False,0.0,False,
LQ-202506-0057,VEH-026,2025-06-11,2025-06-13,RUT-05,HORA_24,1.0,553428.0,553428.0,0.0,553428.0,PL-153777,0.0,0.0,,True,False,0.0,False,
LQ-202511-0083,VEH-028,2025-11-08,2025-11-11,RUT-13,HORA_24,1.0,453591.0,453591.0,0.0,453591.0,PL-152335,0.0,0.0,,True,False,0.0,False,
LQ-202512-0084,VEH-036,2025-12-17,2025-12-18,RUT-10,HORA_24,1.0,367476.0,367476.0,0.0,367476.0,PL-637531,0.0,0.0,,True,False,0.0,False,
LQ-202511-0081,VEH-002,2025-11-27,2025-11-30,RUT-09,HORA_24,1.0,442727.0,442727.0,0.0,442727.0,PL-936062,0.0,0.0,TER-009,True,True,0.0,False,
LQ-202409-0005,VEH-006,2024-09-02,2024-09-03,RUT-15,HORA_12,1.0,267179.0,267179.0,0.0,267179.0,,0.0,0.0,,False,False,0.0,False,
LQ-202607-0124,VEH-004,2026-07-06,2026-07-09,RUT-04,HORA_24,1.0,483524.0,483524.0,0.0,483524.0,PL-917276,0.0,0.0,TER-004,True,True,0.0,False,
LQ-202509-0069,VEH-015,2025-09-01,2025-09-04,RUT-11,HORA_24,1.0,531008.0,531008.0,0.0,531008.0,PL-430434,0.0,0.0,,True,False,0.0,False,
LQ-202410-0011,VEH-012,2024-10-20,2024-10-20,RUT-10,HORA_24,1.0,490724.0,490724.0,0.0,490724.0,PL-225245,0.0,0.0,TER-003,True,True,0.0,False,
LQ-202501-0025,VEH-019,2025-01-02,2025-01-02,RUT-12,HORA_24,1.0,376513.0,376513.0,0.0,376513.0,PL-579142,0.0,0.0,,True,False,0.0,False,
LQ-202506-0058,VEH-003,2025-06-15,2025-06-15,RUT-04,HORA,12.05,33050.0,398252.5,0.0,398252.5,,0.0,0.0,TER-010,False,True,0.0,False,
LQ-202505-0048,VEH-010,2025-05-06,2025-05-06,RUT-07,HORA,5.57,28200.0,157074.0,0.0,157074.0,PL-878008,0.0,0.0,,True,False,0.0,False,
LQ-202507-0061,VEH-038,2025-07-30,2025-07-30,RUT-03,HORA_24,1.0,457055.0,457055.0,0.0,457055.0,PL-946541,2.0,102296.0,TER-010,True,True,204592.0,False,
LQ-202602-0098,VEH-019,2026-02-01,2026-02-01,RUT-05,HORA_24,1.0,455138.0,455138.0,0.0,455138.0,PL-381495,2.0,98642.0,TER-009,True,True,197284.0,False,
LQ-202510-0074,VEH-036,2025-10-08,2025-10-08,RUT-01,KILOMETRO,255.7,4306.0,1101044.2,0.0,1101044.2,PL-536132,0.0,0.0,,True,False,0.0,False,
LQ-202509-0069,VEH-006,2025-09-03,2025-09-03,RUT-12,KILOMETRO,268.82,4954.0,1331734.28,0.0,1331734.28,PL-799254,0.0,0.0,TER-008,True,True,0.0,False,
LQ-202506-0055,VEH-012,2025-06-22,2025-06-24,RUT-08,HORA_12,1.0,312295.0,312295.0,0.0,312295.0,PL-710397,0.0,0.0,,True,False,0.0,False,
LQ-202604-0112,VEH-038,2026-04-22,2026-04-23,RUT-04,HORA_12,1.0,273490.0,273490.0,0.0,273490.0,PL-870380,0.0,0.0,,True,False,0.0,False,
LQ-202607-0126,VEH-011,2026-07-25,2026-07-25,RUT-11,HORA_24,1.0,491425.0,491425.0,0.0,491425.0,,1.0,106388.0,,False,False,106388.0,False,
LQ-202512-0089,VEH-037,2025-12-14,2025-12-16,RUT-03,HORA_24,1.0,303150.0,303150.0,0.0,303150.0,,0.0,0.0,,False,False,0.0,True,tarifa fuera de rango
LQ-202501-0027,VEH-021,2025-01-22,2025-01-25,RUT-10,HORA_24,1.0,344079.0,344079.0,6.31,322367.62,,0.0,0.0,,False,False,0.0,False,
LQ-202502-0031,VEH-008,2025-02-06,2025-02-08,RUT-01,HORA_24,1.0,417042.0,417042.0,0.0,417042.0,,1.0,94848.0,,False,False,94848.0,False,
LQ-202608-0134,VEH-025,2026-08-03,2026-08-04,RUT-03,HORA_24,1.0,531718.0,531718.0,0.0,531718.0,PL-660111,1.0,103460.0,TER-010,True,True,103460.0,False,
LQ-202501-0027,VEH-017,2025-01-31,2025-01-31,RUT-09,HORA,6.48,26498.0,171707.04,0.0,171707.04,PL-286657,0.0,0.0,TER-007,True,True,0.0,False,
LQ-202410-0010,VEH-029,2024-10-21,2024-10-22,RUT-14,HORA_24,1.0,421592.0,421592.0,0.0,421592.0,PL-375581,0.0,0.0,,True,False,0.0,False,
LQ-202412-0018,VEH-038,2024-12-19,2024-12-22,RUT-01,HORA_24,1.0,310882.0,310882.0,0.0,310882.0,,3.0,73920.0,TER-004,False,True,221760.0,False,
LQ-202410-0010,VEH-008,2024-10-24,2024-10-27,RUT-08,HORA_12,1.0,232396.0,232396.0,0.0,232396.0,,0.0,0.0,,False,False,0.0,False,
LQ-202603-0106,VEH-037,2026-03-17,2026-03-18,RUT-02,HORA_24,1.0,485790.0,485790.0,0.0,485790.0,PL-930184,3.0,107987.0,,True,False,323961.0,False,
LQ-202505-0050,VEH-018,2025-05-18,2025-05-18,RUT-11,HORA,7.35,31921.0,234619.35,0.0,234619.35,PL-702154,0.0,0.0,,True,False,0.0,False,
LQ-202511-0080,VEH-031,2025-11-14,2025-11-14,RUT-01,HORA_24,1.0,423096.0,423096.0,0.0,423096.0,PL-415974,3.0,91973.0,,True,False,275919.0,False,
LQ-202512-0085,VEH-009,2025-12-05,2025-12-08,RUT-01,HORA_24,1.0,355578.0,355578.0,4.86,338296.91,PL-492136,1.0,72264.0,,True,False,72264.0,False,
LQ-202605-0116,VEH-030,2026-05-05,2026-05-05,RUT-09,HORA_24,1.0,498744.0,498744.0,0.0,498744.0,PL-139341,0.0,0.0,,True,False,0.0,False,
LQ-202409-0001,VEH-013,2024-09-07,2024-09-07,RUT-07,HORA,8.88,38180.0,339038.4,0.0,339038.4,,0.0,0.0,,False,False,0.0,False,
LQ-202505-0049,VEH-037,2025-05-07,2025-05-09,RUT-01,HORA_24,1.0,533328.0,533328.0,0.0,533328.0,,0.0,0.0,,False,False,0.0,False,
LQ-202501-0028,VEH-026,2025-01-31,2025-01-31,RUT-09,HORA,3.05,28250.0,86162.5,4.2,82543.68,PL-909891,0.0,0.0,TER-001,True,True,0.0,False,
LQ-202411-0015,VEH-025,2024-11-17,2024-11-19,RUT-04,HORA_12,1.0,278281.0,278281.0,0.0,278281.0,,2.0,94080.0,,False,False,188160.0,False,
LQ-202506-0054,VEH-001,2025-06-15,2025-06-15,RUT-05,HORA_24,1.0,513874.0,513874.0,0.0,513874.0,PL-831715,2.0,104173.0,,True,False,208346.0,False,
LQ-202604-0111,VEH-022,2026-04-29,2026-04-30,RUT-10,HORA_24,1.0,455094.0,455094.0,0.0,455094.0,PL-398644,0.0,0.0,,True,False,0.0,False,
LQ-202510-0077,VEH-005,2025-10-05,2025-10-05,RUT-09,HORA_24,1.0,493967.0,493967.0,0.0,493967.0,PL-562534,1.0,104832.0,,True,False,104832.0,False,
LQ-202502-0029,VEH-029,2025-02-03,2025-02-03,RUT-12,KILOMETRO,385.26,4532.0,1745998.32,0.0,1745998.32,PL-157450,0.0,0.0,,True,False,0.0,False,
LQ-202501-0025,VEH-008,2025-01-18,2025-01-18,RUT-14,KILOMETRO,219.26,3382.0,741537.32,0.0,741537.32,,0.0,0.0,,False,False,0.0,False,
LQ-202601-0092,VEH-032,2026-01-08,2026-01-09,RUT-10,HORA_24,1.0,391282.0,391282.0,0.0,391282.0,PL-733544,0.0,0.0,,True,False,0.0,False,
LQ-202511-0079,VEH-001,2025-11-01,2025-11-01,RUT-14,HORA_24,1.0,458545.0,458545.0,0.0,458545.0,PL-483727,0.0,0.0,,True,False,0.0,False,
LQ-202602-0099,VEH-008,2026-02-06,2026-02-06,RUT-10,HORA,11.96,26053.0,311593.88,0.0,311593.88,PL-415267,0.0,0.0,,True,False,0.0,False,
LQ-202509-0072,VEH-036,2025-09-04,2025-09-06,RUT-07,HORA_24,1.0,458988.0,458988.0,0.0,458988.0,PL-333057,0.0,0.0,,True,False,0.0,False,
LQ-202410-0009,VEH-001,2024-10-24,2024-10-24,RUT-03,HORA,4.42,34024.0,150386.08,0.0,150386.08,,1.0,100800.0,,False,False,100800.0,False,
LQ-202510-0077,VEH-035,2025-10-15,2025-10-17,RUT-12,HORA_12,1.0,269625.0,269625.0,0.0,269625.0,PL-957877,0.0,0.0,,True,False,0.0,False,
LQ-202606-0122,VEH-018,2026-06-19,2026-06-19,RUT-10,HORA,2.32,30163.0,69978.16,0.0,69978.16,PL-480708,0.0,0.0,,True,False,0.0,False,
LQ-202507-0059,VEH-035,2025-07-03,2025-07-03,RUT-02,HORA,13.74,31968.0,439240.32,0.0,439240.32,PL-303602,3.0,108826.0,,True,False,326478.0,False,
LQ-202409-0002,VEH-016,2024-09-08,2024-09-09,RUT-01,HORA_24,1.0,411872.0,411872.0,0.0,411872.0,,0.0,0.0,,False,False,0.0,False,
LQ-202604-0109,VEH-028,2026-04-15,2026-04-16,RUT-02,HORA_24,1.0,453987.0,453987.0,0.0,453987.0,PL-828205,0.0,0.0,,True,False,0.0,False,
LQ-202605-0117,VEH-033,2026-05-08,2026-05-11,RUT-13,HORA_24,1.0,486334.0,486334.0,0.0,486334.0,PL-888334,0.0,0.0,,True,False,0.0,False,
LQ-202505-0048,VEH-032,2025-05-28,2025-05-28,RUT-09,KILOMETRO,295.43,4326.0,1278030.18,0.0,1278030.18,PL-396376,0.0,0.0,,True,False,0.0,False,
LQ-202607-0125,VEH-034,2026-07-07,2026-07-10,RUT-10,HORA_24,1.0,455447.0,455447.0,0.0,455447.0,PL-731408,0.0,0.0,,True,False,0.0,False,
LQ-202605-0116,VEH-021,2026-05-19,2026-05-19,RUT-14,HORA,8.61,41714.0,359157.54,0.0,359157.54,,0.0,0.0,,False,False,0.0,False,
LQ-202411-0013,VEH-013,2024-11-02,2024-11-02,RUT-04,HORA,8.62,36941.0,318431.42,0.0,318431.42,,0.0,0.0,,False,False,0.0,False,
LQ-202512-0089,VEH-032,2025-12-16,2025-12-17,RUT-13,HORA_12,1.0,187945.0,187945.0,0.0,187945.0,PL-483832,0.0,0.0,,True,False,0.0,False,
LQ-202502-0029,VEH-033,2025-02-08,2025-02-09,RUT-02,HORA_12,1.0,247412.0,247412.0,0.0,247412.0,PL-313340,1.0,94848.0,,True,False,94848.0,False,
LQ-202604-0111,VEH-015,2026-04-07,2026-04-10,RUT-11,HORA_24,1.0,506792.0,506792.0,0.0,506792.0,PL-119211,0.0,0.0,,True,False,0.0,False,
LQ-202509-0071,VEH-023,2025-09-27,2025-09-27,RUT-11,KILOMETRO,202.56,4479.0,907266.24,4.53,866167.08,PL-954894,0.0,0.0,TER-008,True,True,0.0,False,
LQ-202508-0065,VEH-030,2025-08-11,2025-08-14,RUT-04,HORA_12,1.0,277898.0,277898.0,0.0,277898.0,PL-709258,0.0,0.0,,True,False,0.0,False,
LQ-202506-0057,VEH-019,2025-06-21,2025-06-21,RUT-15,KILOMETRO,322.47,4945.0,1594614.15,0.0,1594614.15,PL-472007,0.0,0.0,,True,False,0.0,False,
LQ-202606-0119,VEH-015,2026-06-01,2026-06-03,RUT-07,HORA_24,1.0,532800.0,532800.0,0.0,532800.0,,0.0,0.0,,False,False,0.0,False,
LQ-202409-0002,VEH-022,2024-09-09,2024-09-12,RUT-04,HORA_12,1.0,230929.0,230929.0,2.41,225363.61,,2.0,92947.0,,False,False,185894.0,False,
LQ-202502-0032,VEH-027,2025-02-09,2025-02-11,RUT-14,HORA_24,1.0,447810.0,447810.0,1.94,439122.49,PL-416181,0.0,0.0,,True,False,0.0,False,
LQ-202603-0107,VEH-030,2026-03-08,2026-03-08,RUT-07,KILOMETRO,331.11,4960.0,1642305.6,0.0,1642305.6,PL-556988,1.0,101508.0,,True,False,101508.0,False,
LQ-202603-0103,VEH-031,2026-03-13,2026-03-14,RUT-08,HORA_24,1.0,429282.0,429282.0,0.0,429282.0,PL-541521,0.0,0.0,,True,False,0.0,False,
LQ-202412-0019,VEH-024,2024-12-13,2024-12-13,RUT-02,KILOMETRO,275.9,3112.0,858600.8,0.0,858600.8,PL-213132,0.0,0.0,TER-011,True,True,0.0,False,
LQ-202410-0010,VEH-027,2024-10-21,2024-10-21,RUT-09,KILOMETRO,317.71,4350.0,1382038.5,0.0,1382038.5,,0.0,0.0,,False,False,0.0,False,
LQ-202505-0050,VEH-018,2025-05-19,2025-05-19,RUT-04,HORA,7.9,31648.0,250019.2,0.0,250019.2,PL-209015,0.0,0.0,,True,False,0.0,False,
LQ-202412-0021,VEH-007,2024-12-28,2024-12-28,RUT-10,HORA_12,1.0,169313.0,169313.0,0.0,169313.0,PL-645865,0.0,0.0,,True,False,0.0,True,tarifa fuera de rango
LQ-202606-0119,VEH-033,2026-06-10,2026-06-12,RUT-13,HORA_24,1.0,509836.0,509836.0,0.0,509836.0,PL-835171,0.0,0.0,,True,False,0.0,False,
LQ-202512-0085,VEH-001,2025-12-24,2025-12-24,RUT-12,HORA_24,1.0,367013.0,367013.0,0.0,367013.0,PL-258913,0.0,0.0,,True,False,0.0,False,
LQ-202506-0053,VEH-018,2025-06-07,2025-06-10,RUT-07,HORA_24,1.0,599128.0,599128.0,0.0,599128.0,PL-830706,3.0,110822.0,,True,False,332466.0,False,
LQ-202605-0113,VEH-033,2026-05-03,2026-05-05,RUT-09,HORA_24,1.0,555099.0,555099.0,0.0,555099.0,PL-161144,0.0,0.0,TER-006,True,True,0.0,False,
LQ-202603-0103,VEH-013,2026-03-12,2026-03-13,RUT-13,HORA_24,1.0,545655.0,545655.0,0.0,545655.0,PL-815593,0.0,0.0,,True,False,0.0,False,
LQ-202511-0080,VEH-026,2025-11-10,2025-11-11,RUT-14,HORA_24,1.0,413359.0,413359.0,0.0,413359.0,PL-295268,0.0,0.0,TER-002,True,True,0.0,False,
LQ-202410-0007,VEH-010,2024-10-11,2024-10-12,RUT-02,HORA_12,1.0,263499.0,263499.0,0.0,263499.0,PL-201514,1.0,100800.0,TER-007,True,True,100800.0,False,
LQ-202604-0108,VEH-021,2026-04-11,2026-04-13,RUT-11,HORA_12,1.0,284708.0,284708.0,0.0,284708.0,PL-336830,0.0,0.0,,True,False,0.0,False,
LQ-202412-0023,VEH-038,2024-12-06,2024-12-08,RUT-07,HORA_24,1.0,324789.0,324789.0,0.0,324789.0,PL-142675,0.0,0.0,TER-011,True,True,0.0,False,
LQ-202606-0121,VEH-034,2026-06-23,2026-06-24,RUT-09,HORA_24,1.0,583722.0,583722.0,0.0,583722.0,PL-199454,0.0,0.0,TER-007,True,True,0.0,False,
LQ-202607-0127,VEH-005,2026-07-15,2026-07-15,RUT-02,HORA_24,1.0,591403.0,591403.0,0.0,591403.0,PL-545237,2.0,113179.0,,True,False,226358.0,False,
LQ-202605-0115,VEH-037,2026-05-23,2026-05-25,RUT-08,HORA_12,1.0,310941.0,310941.0,0.0,310941.0,PL-459933,0.0,0.0,,True,False,0.0,False,
LQ-202511-0080,VEH-028,2025-11-08,2025-11-11,RUT-03,HORA_12,1.0,272573.0,272573.0,4.92,259162.41,PL-895217,2.0,91973.0,,True,False,183946.0,False,
LQ-202506-0058,VEH-006,2025-06-10,2025-06-12,RUT-15,HORA_24,1.0,547844.0,547844.0,4.5,523191.02,PL-141433,0.0,0.0,,True,False,0.0,False,
LQ-202506-0058,VEH-027,2025-06-26,2025-06-28,RUT-02,HORA_24,1.0,528922.0,528922.0,0.0,528922.0,,0.0,0.0,,False,False,0.0,False,
LQ-202604-0109,VEH-021,2026-04-01,2026-04-01,RUT-08,HORA_12,1.0,240098.0,240098.0,0.0,240098.0,,0.0,0.0,,False,False,0.0,False,
LQ-202409-0006,VEH-039,2024-09-26,2024-09-27,RUT-09,HORA_24,1.0,429586.0,429586.0,0.0,429586.0,,0.0,0.0,,False,False,0.0,False,
LQ-202506-0054,VEH-014,2025-06-10,2025-06-10,RUT-12,KILOMETRO,236.14,4280.0,1010679.2,0.0,1010679.2,PL-668293,0.0,0.0,,True,False,0.0,False,
LQ-202504-0042,VEH-008,2025-04-08,2025-04-08,RUT-06,HORA,4.79,28622.0,137099.38,0.0,137099.38,PL-826739,0.0,0.0,TER-012,True,True,0.0,False,
LQ-202503-0038,VEH-025,2025-03-23,2025-03-23,RUT-07,KILOMETRO,365.69,4503.0,1646702.07,0.0,1646702.07,PL-326636,0.0,0.0,,True,False,0.0,False,
LQ-202601-0092,VEH-010,2026-01-08,2026-01-08,RUT-15,HORA,1.05,25590.0,26869.5,0.0,26869.5,PL-611549,0.0,0.0,TER-005,True,True,0.0,False,
LQ-202504-0043,VEH-002,2025-04-20,2025-04-20,RUT-02,HORA,5.77,32927.0,189988.79,0.0,189988.79,,3.0,101837.0,TER-007,False,True,305511.0,False,
LQ-202603-0103,VEH-001,2026-03-09,2026-03-09,RUT-15,KILOMETRO,282.87,4886.0,1382102.82,0.0,1382102.82,PL-416874,0.0,0.0,,True,False,0.0,False,
LQ-202506-0057,VEH-015,2025-06-09,2025-06-09,RUT-14,HORA_24,1.0,524330.0,524330.0,0.0,524330.0,,0.0,0.0,,False,False,0.0,False,
LQ-202411-0016,VEH-020,2024-11-11,2024-11-14,RUT-12,HORA_24,1.0,450457.0,450457.0,0.0,450457.0,,0.0,0.0,,False,False,0.0,False,
LQ-202507-0061,VEH-024,2025-07-10,2025-07-13,RUT-07,HORA_24,1.0,487842.0,487842.0,0.0,487842.0,PL-894462,0.0,0.0,TER-001,True,True,0.0,False,
LQ-202605-0116,VEH-006,2026-05-28,2026-05-28,RUT-13,KILOMETRO,366.67,4671.0,1712715.57,0.0,1712715.57,PL-379883,0.0,0.0,,True,False,0.0,False,
LQ-202504-0046,VEH-008,2025-04-20,2025-04-20,RUT-07,HORA_12,1.0,257060.0,257060.0,6.2,241122.28,PL-698469,0.0,0.0,TER-003,True,True,0.0,False,
LQ-202503-0035,VEH-025,2025-03-17,2025-03-17,RUT-07,HORA,8.38,33225.0,278425.5,0.0,278425.5,PL-237801,0.0,0.0,TER-002,True,True,0.0,False,
LQ-202606-0118,VEH-011,2026-06-09,2026-06-09,RUT-07,HORA,7.61,29679.0,225857.19,0.0,225857.19,PL-378100,0.0,0.0,,True,False,0.0,False,
LQ-202603-0106,VEH-023,2026-03-01,2026-03-04,RUT-14,HORA_24,1.0,524474.0,524474.0,0.0,524474.0,,0.0,0.0,,False,False,0.0,False,
LQ-202409-0003,VEH-032,2024-09-15,2024-09-17,RUT-11,HORA_12,1.0,239506.0,239506.0,0.0,239506.0,,0.0,0.0,,False,False,0.0,False,
LQ-202602-0097,VEH-015,2026-02-01,2026-02-01,RUT-15,KILOMETRO,351.35,4466.0,1569129.1,0.0,1569129.1,PL-103135,0.0,0.0,TER-009,True,True,0.0,False,
LQ-202607-0128,VEH-025,2026-07-23,2026-07-26,RUT-14,HORA_24,1.0,493206.0,493206.0,0.0,493206.0,PL-933524,0.0,0.0,,True,False,0.0,False,
LQ-202409-0004,VEH-038,2024-09-11,2024-09-12,RUT-02,HORA_24,1.0,444200.0,444200.0,4.87,422567.46,,3.0,92947.0,,False,False,278841.0,False,
LQ-202509-0067,VEH-002,2025-09-06,2025-09-06,RUT-01,HORA,9.75,39148.0,381693.0,0.0,381693.0,PL-166092,0.0,0.0,,True,False,0.0,False,
LQ-202608-0129,VEH-034,2026-08-07,2026-08-09,RUT-12,HORA_12,1.0,312112.0,312112.0,0.0,312112.0,PL-131729,0.0,0.0,,True,False,0.0,False,
LQ-202510-0073,VEH-020,2025-10-05,2025-10-05,RUT-12,KILOMETRO,260.05,4330.0,1126016.5,4.13,1079512.02,,0.0,0.0,TER-005,False,True,0.0,False,
LQ-202504-0041,VEH-016,2025-04-16,2025-04-18,RUT-11,HORA_12,1.0,295306.0,295306.0,0.0,295306.0,PL-210553,0.0,0.0,,True,False,0.0,False,
LQ-202605-0113,VEH-039,2026-05-24,2026-05-24,RUT-07,HORA,8.68,42794.0,371451.92,0.0,371451.92,PL-569016,0.0,0.0,,True,False,0.0,False,
LQ-202509-0070,VEH-003,2025-09-14,2025-09-17,RUT-14,HORA_24,1.0,435358.0,435358.0,0.0,435358.0,PL-501777,0.0,0.0,TER-007,True,True,0.0,False,
LQ-202501-0026,VEH-014,2025-01-24,2025-01-26,RUT-03,HORA_24,1.0,389057.0,389057.0,0.0,389057.0,PL-987060,1.0,76957.0,,True,False,76957.0,False,
LQ-202507-0063,VEH-007,2025-07-07,2025-07-10,RUT-09,HORA_12,1.0,293873.0,293873.0,0.0,293873.0,PL-397700,0.0,0.0,,True,False,0.0,False,
LQ-202603-0105,VEH-002,2026-03-15,2026-03-15,RUT-11,HORA,9.55,31091.0,296919.05,6.28,278272.53,PL-925814,0.0,0.0,,True,False,0.0,False,
LQ-202508-0066,VEH-039,2025-08-04,2025-08-05,RUT-14,HORA_24,1.0,468147.0,468147.0,0.0,468147.0,PL-771190,0.0,0.0,,True,False,0.0,False,
LQ-202503-0040,VEH-037,2025-03-20,2025-03-20,RUT-14,HORA,183.04,37092.0,6789319.68,0.0,6789319.68,PL-931023,0.0,0.0,,True,False,0.0,True,cantidad fuera de rango
LQ-202507-0062,VEH-009,2025-07-13,2025-07-13,RUT-12,KILOMETRO,214.56,5768.0,1237582.08,0.0,1237582.08,,0.0,0.0,TER-001,False,True,0.0,False,
LQ-202503-0039,VEH-039,2025-03-08,2025-03-08,RUT-15,HORA,4.98,33255.0,165609.9,0.0,165609.9,PL-322481,0.0,0.0,,True,False,0.0,False,
LQ-202511-0079,VEH-003,2025-11-18,2025-11-18,RUT-05,KILOMETRO,270.46,4328.0,1170550.88,0.0,1170550.88,,2.0,97843.0,TER-004,False,True,195686.0,False,
LQ-202503-0040,VEH-039,2025-03-31,2025-03-31,RUT-07,HORA_24,1.0,492543.0,492543.0,0.0,492543.0,,0.0,0.0,TER-007,False,True,0.0,False,
LQ-202505-0051,VEH-007,2025-05-12,2025-05-12,RUT-09,HORA,10.6,35127.0,372346.2,0.0,372346.2,,1.0,107827.0,,False,False,107827.0,False,
LQ-202503-0040,VEH-010,2025-03-18,2025-03-19,RUT-13,HORA_12,1.0,267127.0,267127.0,0.0,267127.0,PL-868661,0.0,0.0,TER-010,True,True,0.0,False,
LQ-202606-0122,VEH-019,2026-06-05,2026-06-05,RUT-10,HORA_24,1.0,511197.0,511197.0,0.0,511197.0,PL-957904,0.0,0.0,,True,False,0.0,False,
LQ-202512-0084,VEH-004,2025-12-05,2025-12-06,RUT-10,HORA_12,1.0,223931.0,223931.0,0.0,223931.0,PL-375106,0.0,0.0,,True,False,0.0,False,
LQ-202506-0056,VEH-015,2025-06-26,2025-06-29,RUT-05,HORA_12,1.0,287476.0,287476.0,0.0,287476.0,PL-353781,2.0,104173.0,,True,False,208346.0,False,
LQ-202411-0017,VEH-013,2024-11-08,2024-11-08,RUT-13,HORA,6.5,31531.0,204951.5,0.0,204951.5,,0.0,0.0,,False,False,0.0,False,
LQ-202602-0100,VEH-027,2026-02-06,2026-02-07,RUT-06,HORA_24,11.75,441919.0,5192548.25,0.0,5192548.25,PL-550717,0.0,0.0,,True,False,0.0,True,cantidad fuera de rango
LQ-202510-0075,VEH-004,2025-10-06,2025-10-07,RUT-11,HORA_12,1.0,281711.0,281711.0,0.0,281711.0,PL-329994,0.0,0.0,,True,False,0.0,False,
LQ-202409-0005,VEH-008,2024-09-15,2024-09-18,RUT-10,HORA_24,1.0,414867.0,414867.0,0.0,414867.0,,0.0,0.0,,False,False,0.0,False,
LQ-202412-0023,VEH-013,2024-12-15,2024-12-16,RUT-03,HORA_24,1.0,358201.0,358201.0,0.0,358201.0,PL-452207,0.0,0.0,TER-012,True,True,0.0,False,
LQ-202507-0059,VEH-036,2025-07-19,2025-07-19,RUT-02,HORA_24,1.0,546043.0,546043.0,0.0,546043.0,PL-997423,1.0,108826.0,,True,False,108826.0,False,
LQ-202509-0070,VEH-030,2025-09-26,2025-09-26,RUT-03,HORA,3.22,33407.0,107570.54,8.81,98093.58,PL-488019,0.0,0.0,,True,False,0.0,False,
LQ-202605-0114,VEH-004,2026-05-23,2026-05-23,RUT-03,HORA,3.65,30993.0,113124.45,0.0,113124.45,PL-950804,0.0,0.0,,True,False,0.0,False,
LQ-202603-0107,VEH-027,2026-03-16,2026-03-16,RUT-05,HORA_24,1.0,489843.0,489843.0,0.0,489843.0,PL-186924,1.0,101508.0,,True,False,101508.0,False,
LQ-202411-0014,VEH-025,2024-11-14,2024-11-14,RUT-02,HORA,10.08,25138.0,253391.04,0.0,253391.04,,2.0,88435.0,,False,False,176870.0,False,
LQ-202411-0017,VEH-030,2024-11-29,2024-11-29,RUT-08,HORA,12.58,27528.0,346302.24,8.83,315723.75,,0.0,0.0,,False,False,0.0,False,
LQ-202604-0111,VEH-026,2026-04-27,2026-04-29,RUT-08,HORA_24,1.0,428260.0,428260.0,0.0,428260.0,PL-132498,0.0,0.0,,True,False,0.0,False,
LQ-202606-0122,VEH-031,2026-06-13,2026-06-15,RUT-02,HORA_12,1.0,287903.0,287903.0,0.0,287903.0,PL-693264,2.0,108340.0,,True,False,216680.0,False,
LQ-202410-0007,VEH-009,2024-10-19,2024-10-21,RUT-09,HORA_24,1.0,454051.0,454051.0,0.0,454051.0,,0.0,0.0,,False,False,0.0,False,
LQ-202502-0032,VEH-012,2025-02-25,2025-02-27,RUT-02,HORA_24,1.0,452882.0,452882.0,0.0,452882.0,PL-369789,3.0,89157.0,,True,False,267471.0,False,
LQ-202506-0055,VEH-003,2025-06-21,2025-06-21,RUT-06,KILOMETRO,244.65,90345.0,22102904.25,0.0,22102904.25,PL-392450,0.0,0.0,,True,False,0.0,True,tarifa fuera de rango
LQ-202503-0035,VEH-012,2025-03-23,2025-03-26,RUT-06,HORA_24,1.0,476477.0,476477.0,0.0,476477.0,PL-142875,0.0,0.0,TER-011,True,True,0.0,False,
LQ-202410-0008,VEH-039,2024-10-06,2024-10-08,RUT-08,HORA_24,1.0,460610.0,460610.0,0.0,460610.0,,3.0,94752.0,,False,False,284256.0,False,
LQ-202509-0071,VEH-014,2025-09-12,2025-09-12,RUT-10,HORA,7.94,35102.0,278709.88,0.0,278709.88,PL-346028,0.0,0.0,TER-003,True,True,0.0,False,
LQ-202501-0028,VEH-026,2025-01-23,2025-01-25,RUT-08,HORA_12,1.0,204790.0,204790.0,0.0,204790.0,,0.0,0.0,TER-005,False,True,0.0,False,
LQ-202509-0068,VEH-016,2025-09-06,2025-09-06,RUT-03,HORA,7.37,34345.0,253122.65,0.0,253122.65,PL-194465,0.0,0.0,TER-007,True,True,0.0,False,
LQ-202512-0089,VEH-034,2025-12-11,2025-12-14,RUT-08,HORA_24,1.0,334075.0,334075.0,0.0,334075.0,PL-920972,0.0,0.0,,True,False,0.0,False,
LQ-202606-0119,VEH-005,2026-06-04,2026-06-04,RUT-03,HORA_12,1.0,298553.0,298553.0,0.0,298553.0,PL-668372,3.0,108340.0,TER-002,True,True,325020.0,False,
LQ-202608-0134,VEH-028,2026-08-04,2026-08-04,RUT-01,HORA_12,1.0,277474.0,277474.0,0.0,277474.0,PL-591028,1.0,103460.0,,True,False,103460.0,False,
LQ-202507-0060,VEH-033,2025-07-05,2025-07-05,RUT-02,KILOMETRO,279.03,4291.0,1197317.73,0.0,1197317.73,,0.0,0.0,,False,False,0.0,False,
LQ-202602-0097,VEH-031,2026-02-12,2026-02-12,RUT-05,HORA,5.33,33489.0,178496.37,0.0,178496.37,,3.0,92723.0,,False,False,278169.0,False,
LQ-202608-0134,VEH-039,2026-08-06,2026-08-08,RUT-02,HORA_12,1.0,283553.0,283553.0,0.0,283553.0,PL-126465,3.0,103460.0,,True,False,310380.0,False,
LQ-202410-0011,VEH-025,2024-10-21,2024-10-21,RUT-04,HORA,9.94,34298.0,340922.12,0.0,340922.12,,1.0,100800.0,,False,False,100800.0,False,
LQ-202606-0118,VEH-004,2026-06-21,2026-06-23,RUT-06,HORA_24,1.0,521261.0,521261.0,4.65,497022.36,PL-925116,0.0,0.0,,True,False,0.0,False,
LQ-202512-0084,VEH-029,2025-12-23,2025-12-23,RUT-13,HORA_12,1.0,199175.0,199175.0,0.0,199175.0,PL-131184,0.0,0.0,,True,False,0.0,False,
LQ-202505-0049,VEH-008,2025-05-12,2025-05-13,RUT-01,HORA_24,1.0,528504.0,528504.0,4.53,504562.77,PL-598796,0.0,0.0,,True,False,0.0,False,
LQ-202501-0025,VEH-024,2025-01-11,2025-01-13,RUT-14,HORA_12,1.0,244571.0,244571.0,0.0,244571.0,PL-200488,0.0,0.0,,True,False,0.0,False,
LQ-202410-0012,VEH-019,2024-10-08,2024-10-09,RUT-06,HORA_12,1.0,250700.0,250700.0,0.0,250700.0,,0.0,0.0,TER-001,False,True,0.0,False,
LQ-202503-0037,VEH-002,2025-03-29,2025-03-29,RUT-07,HORA_24,1.0,456674.0,456674.0,0.0,456674.0,PL-715698,0.0,0.0,,True,False,0.0,False,
LQ-202606-0119,VEH-034,2026-06-27,2026-06-30,RUT-06,HORA_24,1.0,567413.0,567413.0,0.0,567413.0,PL-978377,2.0,108340.0,,True,False,216680.0,False,
LQ-202607-0127,VEH-023,2026-07-30,2026-07-30,RUT-13,KILOMETRO,384.59,4202.0,1616047.18,0.0,1616047.18,PL-869795,0.0,0.0,,True,False,0.0,False,
LQ-202505-0051,VEH-034,2025-05-21,2025-05-21,RUT-06,HORA_24,1.0,549456.0,549456.0,0.0,549456.0,PL-370289,0.0,0.0,TER-010,True,True,0.0,False,
LQ-202505-0049,VEH-010,2025-05-21,2025-05-22,RUT-03,HORA_24,1.0,483722.0,483722.0,0.0,483722.0,PL-667092,0.0,0.0,,True,False,0.0,False,
LQ-202511-0082,VEH-022,2025-11-03,2025-11-03,RUT-11,HORA,7.07,31787.0,224734.09,0.0,224734.09,PL-752354,0.0,0.0,,True,False,0.0,False,
LQ-202507-0060,VEH-029,2025-07-14,2025-07-14,RUT-10,HORA_24,1.0,493636.0,493636.0,0.0,493636.0,PL-319240,0.0,0.0,TER-004,True,True,0.0,False,
LQ-202602-0098,VEH-006,2026-02-21,2026-02-22,RUT-14,HORA_24,1.0,381878.0,381878.0,0.0,381878.0,PL-817621,0.0,0.0,,True,False,0.0,False,
LQ-202603-0103,VEH-010,2026-03-02,2026-03-02,RUT-05,HORA,4.02,36108.0,145154.16,0.0,145154.16,,0.0,0.0,TER-002,False,True,0.0,False,
LQ-202410-0011,VEH-005,2024-10-19,2024-10-21,RUT-10,HORA_12,1.0,288555.0,288555.0,0.0,288555.0,,0.0,0.0,,False,False,0.0,False,
LQ-202506-0055,VEH-012,2025-06-22,2025-06-22,RUT-04,HORA,5.44,35584.0,193576.96,0.0,193576.96,PL-506698,1.0,110822.0,,True,False,110822.0,False,
LQ-202501-0025,VEH-025,2025-01-31,2025-01-31,RUT-11,HORA_24,1.0,422166.0,422166.0,0.0,422166.0,PL-544692,0.0,0.0,TER-004,True,True,0.0,False,
LQ-202503-0040,VEH-025,2025-03-12,2025-03-13,RUT-07,HORA_12,1.0,282584.0,282584.0,0.0,282584.0,PL-769760,0.0,0.0,TER-005,True,True,0.0,False,
LQ-202601-0093,VEH-038,2026-01-19,2026-01-22,RUT-02,HORA_24,1.0,389889.0,389889.0,0.0,389889.0,PL-871587,2.0,80035.0,,True,False,160070.0,False,
LQ-202605-0116,VEH-012,2026-05-28,2026-05-30,RUT-05,HORA_24,1.0,484423.0,484423.0,0.0,484423.0,PL-755898,2.0,112140.0,,True,False,224280.0,False,
LQ-202509-0070,VEH-016,2025-09-23,2025-09-26,RUT-07,HORA_24,1.0,431834.0,431834.0,0.0,431834.0,PL-602249,3.0,96665.0,,True,False,289995.0,False,
LQ-202504-0044,VEH-028,2025-04-23,2025-04-25,RUT-08,HORA_12,1.0,277781.0,277781.0,0.0,277781.0,PL-783768,0.0,0.0,,True,False,0.0,False,
LQ-202603-0105,VEH-001,2026-03-23,2026-03-24,RUT-04,HORA_24,1.0,490536.0,490536.0,0.0,490536.0,PL-546949,0.0,0.0,TER-002,True,True,0.0,False,
LQ-202505-0047,VEH-024,2025-05-17,2025-05-17,RUT-13,HORA,2.35,37333.0,87732.55,0.0,87732.55,PL-796510,0.0,0.0,TER-011,True,True,0.0,False,
LQ-202503-0037,VEH-029,2025-03-23,2025-03-26,RUT-03,HORA_24,1.0,441911.0,441911.0,0.0,441911.0,PL-781880,2.0,103834.0,,True,False,207668.0,False,
LQ-202512-0087,VEH-037,2025-12-25,2025-12-25,RUT-12,KILOMETRO,385.88,2812.0,1085094.56,0.0,1085094.56,PL-979380,0.0,0.0,,True,False,0.0,False,
LQ-202511-0083,VEH-008,2025-11-12,2025-11-12,RUT-07,HORA,11.08,29016.0,321497.28,0.0,321497.28,PL-885242,0.0,0.0,TER-003,True,True,0.0,False,
LQ-202603-0103,VEH-035,2026-03-31,2026-03-31,RUT-14,HORA_24,1.0,492898.0,492898.0,0.0,492898.0,PL-916415,0.0,0.0,,True,False,0.0,False,
LQ-202502-0034,VEH-005,2025-02-09,2025-02-12,RUT-02,HORA_24,1.0,399641.0,399641.0,0.0,399641.0,PL-760150,1.0,89157.0,,True,False,89157.0,False,
LQ-202409-0006,VEH-024,2024-09-21,2024-09-21,RUT-14,HORA,11.66,31965.0,372711.9,0.0,372711.9,PL-558176,0.0,0.0,,True,False,0.0,False,
LQ-202506-0053,VEH-008,2025-06-07,2025-06-08,RUT-09,HORA_12,1.0,294121.0,294121.0,0.0,294121.0,,0.0,0.0,,False,False,0.0,False,
LQ-202501-0026,VEH-032,2025-01-15,2025-01-18,RUT-05,HORA_24,1.0,382012.0,382012.0,0.0,382012.0,PL-659383,0.0,0.0,,True,False,0.0,False,
LQ-202505-0052,VEH-035,2025-05-29,2025-05-29,RUT-03,HORA,7.79,30551.0,237992.29,0.0,237992.29,,1.0,101358.0,,False,False,101358.0,False,
LQ-202608-0134,VEH-002,2026-08-09,2026-08-10,RUT-14,HORA_12,1.0,251874.0,251874.0,0.0,251874.0,PL-278920,0.0,0.0,TER-010,True,True,0.0,False,
LQ-202502-0033,VEH-014,2025-02-13,2025-02-13,RUT-12,HORA_12,1.0,275083.0,275083.0,0.0,275083.0,,0.0,0.0,,False,False,0.0,False,
LQ-202605-0117,VEH-006,2026-05-14,2026-05-17,RUT-03,HORA_24,1.0,571516.0,571516.0,0.0,571516.0,PL-910983,0.0,0.0,,True,False,0.0,False,
LQ-202506-0053,VEH-036,2025-06-07,2025-06-07,RUT-06,HORA_24,11.48,572400.0,6571152.0,0.0,6571152.0,,0.0,0.0,TER-008,False,True,0.0,True,cantidad fuera de rango
LQ-202608-0133,VEH-020,2026-08-12,2026-08-15,RUT-08,HORA_24,1.0,476348.0,476348.0,0.0,476348.0,PL-684493,0.0,0.0,,True,False,0.0,False,
LQ-202601-0092,VEH-019,2026-01-23,2026-01-23,RUT-15,HORA_24,1.0,400528.0,400528.0,0.0,400528.0,PL-264599,0.0,0.0,,True,False,0.0,False,
LQ-202601-0095,VEH-017,2026-01-13,2026-01-13,RUT-15,HORA,5.92,28055.0,166085.6,0.0,166085.6,PL-835837,0.0,0.0,,True,False,0.0,False,
LQ-202601-0092,VEH-010,2026-01-21,2026-01-21,RUT-10,KILOMETRO,142.78,3310.0,472601.8,4.53,451192.94,,0.0,0.0,,False,False,0.0,False,
LQ-202510-0075,VEH-008,2025-10-06,2025-10-08,RUT-05,HORA_24,1.0,500778.0,500778.0,0.0,500778.0,PL-395074,0.0,0.0,,True,False,0.0,False,
LQ-202504-0046,VEH-004,2025-04-17,2025-04-17,RUT-10,KILOMETRO,301.59,4507.0,1359266.13,0.0,1359266.13,PL-492415,0.0,0.0,,True,False,0.0,False,
LQ-202607-0126,VEH-008,2026-07-29,2026-07-31,RUT-09,HORA_24,1.0,489560.0,489560.0,0.0,489560.0,,0.0,0.0,,False,False,0.0,False,
LQ-202510-0073,VEH-038,2025-10-26,2025-10-28,RUT-02,HORA_24,1.0,512920.0,512920.0,0.0,512920.0,PL-356469,3.0,104832.0,,True,False,314496.0,False,
LQ-202605-0116,VEH-005,2026-05-31,2026-05-31,RUT-01,HORA_24,1.0,539564.0,539564.0,0.0,539564.0,PL-779855,0.0,0.0,,True,False,0.0,False,
LQ-202409-0005,VEH-019,2024-09-17,2024-09-17,RUT-09,KILOMETRO,379.17,4360.0,1653181.2,0.0,1653181.2,PL-506235,0.0,0.0,,True,False,0.0,False,
LQ-202505-0049,VEH-034,2025-05-11,2025-05-11,RUT-13,HORA_12,1.0,297908.0,297908.0,0.0,297908.0,PL-207596,0.0,0.0,,True,False,0.0,False,
LQ-202507-0062,VEH-006,2025-07-30,2025-07-31,RUT-06,HORA_24,1.0,510750.0,510750.0,5.65,481892.62,PL-586806,0.0,0.0,TER-003,True,True,0.0,False,
LQ-202503-0035,VEH-040,2025-03-20,2025-03-20,RUT-15,KILOMETRO,294.78,3625.0,1068577.5,0.0,1068577.5,PL-582716,1.0,103834.0,,True,False,103834.0,False,
LQ-202502-0032,VEH-004,2025-02-15,2025-02-15,RUT-03,HORA_12,1.0,252633.0,252633.0,1.37,249171.93,PL-765181,1.0,89157.0,,True,False,89157.0,False,
LQ-202506-0055,VEH-026,2025-06-07,2025-06-08,RUT-04,HORA_12,1.0,296245.0,296245.0,0.0,296245.0,PL-111737,0.0,0.0,,True,False,0.0,False,
LQ-202409-0003,VEH-018,2024-09-27,2024-09-27,RUT-11,HORA_24,1.0,435692.0,435692.0,0.0,435692.0,PL-704238,0.0,0.0,TER-003,True,True,0.0,False,
LQ-202501-0027,VEH-011,2025-01-30,2025-01-31,RUT-13,HORA_12,1.0,200620.0,200620.0,0.0,200620.0,,0.0,0.0,,False,False,0.0,False,
LQ-202512-0086,VEH-036,2025-12-17,2025-12-17,RUT-04,KILOMETRO,186.85,3463.0,647061.55,4.54,617684.96,PL-226642,0.0,0.0,,True,False,0.0,False,
LQ-202601-0090,VEH-025,2026-01-11,2026-01-11,RUT-14,HORA_24,1.0,384764.0,384764.0,0.0,384764.0,PL-265366,0.0,0.0,,True,False,0.0,False,
LQ-202506-0053,VEH-026,2025-06-13,2025-06-13,RUT-08,HORA,8.47,36023.0,305114.81,0.0,305114.81,PL-828326,0.0,0.0,TER-002,True,True,0.0,False,
LQ-202409-0003,VEH-016,2024-09-15,2024-09-15,RUT-08,HORA_12,1.0,262004.0,262004.0,1.61,257785.74,PL-421080,0.0,0.0,,True,False,0.0,False,
LQ-202511-0081,VEH-034,2025-11-23,2025-11-23,RUT-10,HORA,3.19,29617.0,94478.23,0.0,94478.23,PL-372285,0.0,0.0,TER-003,True,True,0.0,False,
LQ-202508-0066,VEH-004,2025-08-21,2025-08-23,RUT-07,HORA_24,1.0,498907.0,498907.0,0.0,498907.0,,0.0,0.0,,False,False,0.0,False,
LQ-202409-0005,VEH-019,2024-09-10,2024-09-11,RUT-04,HORA_24,1.0,526967.0,526967.0,0.0,526967.0,PL-444061,0.0,0.0,TER-008,True,True,0.0,False,
LQ-202601-0095,VEH-013,2026-01-22,2026-01-25,RUT-09,HORA_12,1.0,232866.0,232866.0,0.0,232866.0,PL-798621,0.0,0.0,,True,False,0.0,False,
LQ-202507-0063,VEH-029,2025-07-08,2025-07-08,RUT-15,HORA,11.01,35620.0,392176.2,0.0,392176.2,PL-854304,0.0,0.0,,True,False,0.0,False,
LQ-202412-0020,VEH-033,2024-12-03,2024-12-03,RUT-15,HORA,7.31,22109.0,161616.79,0.0,161616.79,PL-261562,2.0,73920.0,TER-008,True,True,147840.0,False,
LQ-202605-0113,VEH-015,2026-05-15,2026-05-15,RUT-04,KILOMETRO,357.99,5500.0,1968945.0,0.0,1968945.0,,0.0,0.0,,False,False,0.0,False,
LQ-202510-0074,VEH-013,2025-10-11,2025-10-13,RUT-11,HORA_24,1.0,416270.0,416270.0,0.0,416270.0,PL-304785,0.0,0.0,,True,False,0.0,False,
LQ-202509-0071,VEH-015,2025-09-28,2025-09-29,RUT-11,HORA_24,1.0,479118.0,479118.0,0.0,479118.0,PL-701530,2.0,102835.0,,True,False,205670.0,False,
LQ-202601-0092,VEH-040,2026-01-18,2026-01-18,RUT-08,HORA_12,1.0,221347.0,221347.0,0.0,221347.0,PL-162782,0.0,0.0,TER-004,True,True,0.0,False,
LQ-202509-0070,VEH-037,2025-09-26,2025-09-26,RUT-09,KILOMETRO,111.39,4325.0,481761.75,0.0,481761.75,PL-295106,0.0,0.0,TER-010,True,True,0.0,False,
LQ-202512-0086,VEH-005,2025-12-01,2025-12-01,RUT-07,KILOMETRO,340.27,4020.0,1367885.4,0.0,1367885.4,PL-483749,0.0,0.0,,True,False,0.0,False,
LQ-202509-0070,VEH-001,2025-09-04,2025-09-04,RUT-13,KILOMETRO,191.82,4279.0,820797.78,0.0,820797.78,PL-819737,0.0,0.0,,True,False,0.0,False,
LQ-202502-0033,VEH-012,2025-02-06,2025-02-06,RUT-14,HORA_24,1.0,409551.0,409551.0,6.7,382111.08,PL-155021,0.0,0.0,TER-009,True,True,0.0,False,
LQ-202410-0010,VEH-034,2024-10-26,2024-10-27,RUT-11,HORA_12,1.0,207865.0,207865.0,0.0,207865.0,PL-282927,0.0,0.0,,True,False,0.0,False,
LQ-202506-0054,VEH-038,2025-06-08,2025-06-11,RUT-04,HORA_12,1.0,286462.0,286462.0,7.21,265808.09,PL-485999,0.0,0.0,,True,False,0.0,False,
LQ-202503-0036,VEH-039,2025-03-07,2025-03-10,RUT-05,HORA_24,1.0,464395.0,464395.0,3.53,448001.86,PL-226200,3.0,97604.0,TER-011,True,True,292812.0,False,
LQ-202507-0060,VEH-011,2025-07-14,2025-07-14,RUT-03,HORA_24,1.0,492299.0,492299.0,0.0,492299.0,PL-379068,0.0,0.0,,True,False,0.0,False,
LQ-202501-0027,VEH-009,2025-01-17,2025-01-20,RUT-05,HORA_24,1.0,417191.0,417191.0,0.0,417191.0,PL-686741,2.0,81869.0,TER-003,True,True,163738.0,False,
LQ-202509-0071,VEH-018,2025-09-04,2025-09-04,RUT-03,HORA,12.05,32648.0,393408.4,0.0,393408.4,PL-243349,2.0,102835.0,TER-012,True,True,205670.0,False,
LQ-202607-0126,VEH-011,2026-07-13,2026-07-14,RUT-12,HORA_24,1.0,467345.0,467345.0,0.0,467345.0,PL-532210,0.0,0.0,,True,False,0.0,False,
LQ-202506-0053,VEH-028,2025-06-10,2025-06-11,RUT-01,HORA_24,1.0,536463.0,536463.0,0.0,536463.0,PL-741337,3.0,110822.0,TER-003,True,True,332466.0,False,
LQ-202605-0115,VEH-031,2026-05-09,2026-05-09,RUT-04,KILOMETRO,370.85,4681.0,1735948.85,0.0,1735948.85,PL-171992,0.0,0.0,TER-010,True,True,0.0,False,
LQ-202508-0064,VEH-020,2025-08-06,2025-08-09,RUT-11,HORA_12,1.0,302131.0,302131.0,0.0,302131.0,PL-914375,0.0,0.0,,True,False,0.0,False,
LQ-202409-0006,VEH-016,2024-09-05,2024-09-07,RUT-12,HORA_12,1.0,246579.0,246579.0,0.0,246579.0,PL-698384,0.0,0.0,,True,False,0.0,False,
LQ-202410-0007,VEH-036,2024-10-15,2024-10-17,RUT-08,HORA_12,1.0,274635.0,274635.0,0.0,274635.0,PL-770872,0.0,0.0,,True,False,0.0,False,
LQ-202411-0013,VEH-022,2024-11-05,2024-11-08,RUT-07,HORA_24,1.0,433566.0,433566.0,4.33,414792.59,PL-824056,0.0,0.0,TER-012,True,True,0.0,False,
LQ-202412-0020,VEH-039,2024-12-17,2024-12-17,RUT-11,HORA,4.75,23179.0,110100.25,0.0,110100.25,PL-926471,0.0,0.0,,True,False,0.0,False,
LQ-202605-0116,VEH-027,2026-05-02,2026-05-02,RUT-06,KILOMETRO,345.3,4670.0,1612551.0,0.0,1612551.0,PL-942560,0.0,0.0,,True,False,0.0,False,
LQ-202503-0035,VEH-013,2025-03-24,2025-03-26,RUT-07,HORA_24,1.0,519638.0,519638.0,0.0,519638.0,PL-602577,0.0,0.0,,True,False,0.0,False,
LQ-202410-0009,VEH-015,2024-10-11,2024-10-14,RUT-13,HORA_24,1.0,487947.0,487947.0,3.85,469161.04,PL-635482,0.0,0.0,,True,False,0.0,False,
LQ-202503-0038,VEH-017,2025-03-19,2025-03-22,RUT-11,HORA_12,1.0,250302.0,250302.0,0.0,250302.0,PL-978012,0.0,0.0,,True,False,0.0,False,
LQ-202409-0006,VEH-026,2024-09-30,2024-09-30,RUT-03,HORA_12,1.0,278597.0,278597.0,0.0,278597.0,PL-235215,0.0,0.0,,True,False,0.0,False,
LQ-202607-0128,VEH-033,2026-07-17,2026-07-17,RUT-04,HORA_24,1.0,515178.0,515178.0,0.0,515178.0,PL-718543,3.0,106388.0,,True,False,319164.0,False,
LQ-202503-0040,VEH-007,2025-03-10,2025-03-13,RUT-02,HORA_24,1.0,469982.0,469982.0,0.0,469982.0,PL-245342,2.0,97604.0,,True,False,195208.0,False,
LQ-202507-0062,VEH-036,2025-07-05,2025-07-08,RUT-11,HORA_24,1.0,608618.0,608618.0,0.0,608618.0,PL-501010,0.0,0.0,,True,False,0.0,False,
LQ-202602-0097,VEH-021,2026-02-05,2026-02-05,RUT-11,HORA,7.73,30511.0,235850.03,0.0,235850.03,PL-204992,0.0,0.0,TER-005,True,True,0.0,False,
LQ-202506-0056,VEH-016,2025-06-25,2025-06-27,RUT-10,HORA_12,1.0,281237.0,281237.0,0.0,281237.0,PL-259072,0.0,0.0,TER-010,True,True,0.0,False,
LQ-202601-0090,VEH-037,2026-01-04,2026-01-07,RUT-13,HORA_24,1.0,409849.0,409849.0,0.0,409849.0,PL-593238,0.0,0.0,,True,False,0.0,False,
LQ-202410-0007,VEH-035,2024-10-20,2024-10-20,RUT-07,HORA,7.73,34205.0,264404.65,0.0,264404.65,PL-403742,0.0,0.0,,True,False,0.0,False,
LQ-202511-0083,VEH-006,2025-11-07,2025-11-10,RUT-05,HORA_12,1.0,234440.0,234440.0,7.46,216950.78,PL-668571,0.0,0.0,,True,False,0.0,False,
LQ-202409-0003,VEH-035,2024-09-08,2024-09-08,RUT-05,HORA,4.25,33285.0,141461.25,0.0,141461.25,PL-232731,3.0,98880.0,TER-001,True,True,296640.0,False,
LQ-202506-0058,VEH-038,2025-06-18,2025-06-21,RUT-05,HORA_12,1.0,269289.0,269289.0,0.5,267942.56,PL-757501,2.0,104173.0,,True,False,208346.0,False,
LQ-202603-0107,VEH-023,2026-03-15,2026-03-15,RUT-05,KILOMETRO,328.43,4535.0,1489430.05,0.0,1489430.05,PL-540375,1.0,101508.0,TER-008,True,True,101508.0,False,
LQ-202601-0090,VEH-027,2026-01-08,2026-01-08,RUT-11,HORA,2.7,27488.0,74217.6,0.0,74217.6,,0.0,0.0,,False,False,0.0,False,
LQ-202508-0065,VEH-035,2025-08-12,2025-08-13,RUT-15,HORA_24,1.0,513277.0,513277.0,0.0,513277.0,PL-673268,0.0,0.0,TER-009,True,True,0.0,False,
LQ-202608-0134,VEH-011,2026-08-08,2026-08-08,RUT-13,HORA_12,1.0,252280.0,252280.0,7.88,232400.34,PL-267712,0.0,0.0,,True,False,0.0,False,
LQ-202602-0098,VEH-011,2026-02-16,2026-02-16,RUT-01,HORA_12,1.0,283730.0,283730.0,0.0,283730.0,PL-220501,1.0,98642.0,,True,False,98642.0,False,
LQ-202604-0111,VEH-012,2026-04-15,2026-04-18,RUT-03,HORA_24,1.0,473082.0,473082.0,0.0,473082.0,PL-521386,0.0,0.0,TER-002,True,True,0.0,False,
LQ-202507-0059,VEH-007,2025-07-06,2025-07-07,RUT-06,HORA_24,1.0,562728.0,562728.0,0.0,562728.0,,0.0,0.0,,False,False,0.0,False,
LQ-202606-0122,VEH-004,2026-06-28,2026-06-30,RUT-07,HORA_24,1.0,480331.0,480331.0,0.0,480331.0,PL-604244,0.0,0.0,TER-012,True,True,0.0,False,
LQ-202607-0126,VEH-021,2026-07-21,2026-07-21,RUT-14,HORA,10.2,35730.0,364446.0,0.0,364446.0,PL-320344,0.0,0.0,,True,False,0.0,False,
LQ-202409-0006,VEH-019,2024-09-11,2024-09-11,RUT-11,HORA,7.99,34203.0,273281.97,0.0,273281.97,PL-970068,0.0,0.0,,True,False,0.0,False,
LQ-202607-0123,VEH-034,2026-07-21,2026-07-21,RUT-06,HORA,6.11,36373.0,222239.03,0.0,222239.03,PL-921498,0.0,0.0,,True,False,0.0,False,
LQ-202411-0013,VEH-025,2024-11-03,2024-11-06,RUT-10,HORA_12,1.0,240533.0,240533.0,0.0,240533.0,PL-655575,0.0,0.0,TER-001,True,True,0.0,False,
LQ-202410-0009,VEH-006,2024-10-25,2024-10-27,RUT-02,HORA_12,1.0,293792.0,293792.0,0.0,293792.0,PL-380989,0.0,0.0,TER-012,True,True,0.0,False,
LQ-202606-0122,VEH-026,2026-06-01,2026-06-04,RUT-13,HORA_12,1.0,285908.0,285908.0,0.0,285908.0,PL-986070,0.0,0.0,,True,False,0.0,False,
LQ-202603-0107,VEH-036,2026-03-24,2026-03-24,RUT-12,HORA_24,1.0,457440.0,457440.0,0.0,457440.0,PL-983877,0.0,0.0,TER-008,True,True,0.0,False,
LQ-202509-0067,VEH-036,2025-09-03,2025-09-03,RUT-11,HORA_12,1.0,275435.0,275435.0,0.0,275435.0,PL-772676,0.0,0.0,TER-006,True,True,0.0,False,
LQ-202607-0128,VEH-008,2026-07-19,2026-07-20,RUT-14,HORA_24,1.0,429000.0,429000.0,0.0,429000.0,PL-210396,3.0,106388.0,,True,False,319164.0,False,
LQ-202409-0006,VEH-012,2024-09-15,2024-09-15,RUT-11,HORA,10.26,29671.0,304424.46,0.0,304424.46,PL-950916,0.0,0.0,TER-012,True,True,0.0,False,
LQ-202508-0065,VEH-004,2025-08-15,2025-08-15,RUT-06,KILOMETRO,335.62,4264.0,1431083.68,0.0,1431083.68,PL-951307,0.0,0.0,TER-009,True,True,0.0,False,
LQ-202602-0101,VEH-040,2026-02-24,2026-02-24,RUT-14,HORA,8.31,32169.0,267324.39,0.0,267324.39,PL-616968,0.0,0.0,,True,False,0.0,False,
LQ-202410-0009,VEH-026,2024-10-17,2024-10-19,RUT-10,HORA_24,1.0,506241.0,506241.0,0.0,506241.0,PL-182857,0.0,0.0,,True,False,0.0,False,
LQ-202410-0011,VEH-006,2024-10-15,2024-10-15,RUT-04,KILOMETRO,307.66,4964.0,1527224.24,0.0,1527224.24,PL-265271,1.0,100800.0,,True,False,100800.0,False,
LQ-202605-0114,VEH-003,2026-05-05,2026-05-08,RUT-11,HORA_24,1.0,594950.0,594950.0,0.0,594950.0,PL-158651,0.0,0.0,TER-004,True,True,0.0,False,
LQ-202410-0009,VEH-014,2024-10-16,2024-10-16,RUT-12,HORA,8.66,36680.0,317648.8,0.0,317648.8,PL-488712,0.0,0.0,,True,False,0.0,False,
LQ-202607-0128,VEH-020,2026-07-22,2026-07-25,RUT-04,HORA_12,1.0,264279.0,264279.0,0.0,264279.0,,2.0,106388.0,TER-004,False,True,212776.0,False,
LQ-202512-0084,VEH-019,2025-12-01,2025-12-01,RUT-15,HORA,9.35,23445.0,219210.75,4.82,208644.79,PL-949877,3.0,76877.0,,True,False,230631.0,False,
LQ-202504-0046,VEH-019,2025-04-22,2025-04-24,RUT-10,HORA_24,1.0,462424.0,462424.0,0.0,462424.0,PL-904083,0.0,0.0,,True,False,0.0,False,
LQ-202410-0008,VEH-030,2024-10-08,2024-10-10,RUT-14,HORA_12,1.0,4245749.0,4245749.0,0.0,4245749.0,PL-160423,0.0,0.0,,True,False,0.0,True,tarifa fuera de rango
LQ-202509-0071,VEH-018,2025-09-26,2025-09-29,RUT-06,HORA_24,1.0,491301.0,491301.0,0.0,491301.0,PL-856805,0.0,0.0,,True,False,0.0,False,
LQ-202503-0040,VEH-020,2025-03-17,2025-03-20,RUT-14,HORA_12,1.0,262372.0,262372.0,0.0,262372.0,PL-524209,0.0,0.0,,True,False,0.0,False,
LQ-202410-0011,VEH-010,2024-10-23,2024-10-23,RUT-12,HORA_24,1.0,438662.0,438662.0,0.0,438662.0,PL-195643,0.0,0.0,,True,False,0.0,False,
LQ-202509-0069,VEH-036,2025-09-10,2025-09-10,RUT-15,KILOMETRO,289.71,4364.0,1264294.44,0.0,1264294.44,PL-418389,0.0,0.0,,True,False,0.0,False,
LQ-202410-0007,VEH-024,2024-10-22,2024-10-22,RUT-10,HORA_24,1.0,506013.0,506013.0,0.0,506013.0,PL-933510,0.0,0.0,,True,False,0.0,False,
LQ-202412-0019,VEH-015,2024-12-03,2024-12-06,RUT-03,HORA_24,1.0,318758.0,318758.0,0.0,318758.0,,0.0,0.0,TER-003,False,True,0.0,False,
LQ-202505-0050,VEH-019,2025-05-13,2025-05-14,RUT-06,HORA_24,1.0,481527.0,481527.0,0.0,481527.0,PL-743217,0.0,0.0,,True,False,0.0,False,
LQ-202601-0090,VEH-028,2026-01-26,2026-01-26,RUT-07,HORA_12,1.0,217318.0,217318.0,0.0,217318.0,PL-550257,0.0,0.0,TER-003,True,True,0.0,False,
LQ-202504-0044,VEH-013,2025-04-09,2025-04-09,RUT-12,HORA_12,1.0,267315.0,267315.0,0.0,267315.0,PL-822171,3.0,95727.0,,True,False,287181.0,False,
LQ-202411-0015,VEH-020,2024-11-01,2024-11-01,RUT-09,HORA_24,1.0,418452.0,418452.0,0.0,418452.0,PL-633030,0.0,0.0,,True,False,0.0,False,
LQ-202507-0062,VEH-008,2025-07-25,2025-07-26,RUT-03,HORA_12,1.0,288204.0,288204.0,0.0,288204.0,PL-364168,2.0,108826.0,,True,False,217652.0,False,
LQ-202411-0017,VEH-034,2024-11-06,2024-11-06,RUT-13,HORA,2.05,27023.0,55397.15,0.0,55397.15,PL-582418,0.0,0.0,,True,False,0.0,False,
LQ-202506-0054,VEH-031,2025-06-07,2025-06-09,RUT-06,HORA_24,1.0,519885.0,519885.0,0.0,519885.0,PL-766076,0.0,0.0,,True,False,0.0,False,
LQ-202606-0122,VEH-028,2026-06-24,2026-06-27,RUT-03,HORA_12,1.0,318638.0,318638.0,4.56,304108.11,PL-632651,0.0,0.0,,True,False,0.0,False,
LQ-202505-0050,VEH-002,2025-05-01,2025-05-03,RUT-03,HORA_24,1.0,529914.0,529914.0,4.05,508452.48,PL-864472,0.0,0.0,,True,False,0.0,False,
LQ-202605-0117,VEH-014,2026-05-21,2026-05-22,RUT-03,HORA_12,1.0,301181.0,301181.0,0.0,301181.0,PL-879158,0.0,0.0,,True,False,0.0,False,
LQ-202608-0129,VEH-006,2026-08-26,2026-08-26,RUT-09,HORA_24,1.0,547690.0,547690.0,0.0,547690.0,PL-956560,0.0,0.0,,True,False,0.0,False,
LQ-202410-0012,VEH-015,2024-10-22,2024-10-24,RUT-02,HORA_12,1.0,267930.0,267930.0,0.0,267930.0,PL-680493,3.0,94752.0,TER-007,True,True,284256.0,False,
LQ-202511-0079,VEH-025,2025-11-15,2025-11-18,RUT-15,HORA_12,1.0,263392.0,263392.0,0.0,263392.0,PL-109339,0.0,0.0,,True,False,0.0,False,
LQ-202512-0085,VEH-008,2025-12-15,2025-12-15,RUT-10,HORA,13.61,25371.0,345299.31,0.0,345299.31,PL-702383,0.0,0.0,,True,False,0.0,False,
LQ-202608-0131,VEH-030,2026-08-24,2026-08-27,RUT-11,HORA_24,1.0,578803.0,578803.0,0.0,578803.0,PL-557874,0.0,0.0,TER-002,True,True,0.0,False,
LQ-202508-0064,VEH-037,2025-08-21,2025-08-21,RUT-12,HORA,3.15,37802.0,119076.3,3.65,114730.02,PL-725163,0.0,0.0,,True,False,0.0,False,
LQ-202412-0022,VEH-007,2024-12-21,2024-12-21,RUT-03,HORA_24,1.0,315542.0,315542.0,0.0,315542.0,PL-578344,0.0,0.0,,True,False,0.0,False,
LQ-202603-0104,VEH-025,2026-03-23,2026-03-23,RUT-14,HORA,9.53,38026.0,362387.78,0.0,362387.78,PL-693492,0.0,0.0,,True,False,0.0,False,
LQ-202507-0059,VEH-033,2025-07-23,2025-07-24,RUT-12,HORA_12,1.0,300147.0,300147.0,0.0,300147.0,PL-350176,0.0,0.0,,True,False,0.0,False,
LQ-202502-0032,VEH-021,2025-02-24,2025-02-27,RUT-04,HORA_12,1.0,219170.0,219170.0,0.0,219170.0,,2.0,89157.0,,False,False,178314.0,False,
LQ-202409-0006,VEH-032,2024-09-13,2024-09-13,RUT-15,HORA,13.04,33462.0,436344.48,0.0,436344.48,PL-485191,0.0,0.0,,True,False,0.0,False,
LQ-202602-0096,VEH-010,2026-02-10,2026-02-10,RUT-07,HORA,10.74,28436.0,305402.64,0.0,305402.64,PL-679838,0.0,0.0,TER-012,True,True,0.0,False,
LQ-202504-0042,VEH-019,2025-04-14,2025-04-14,RUT-14,HORA_12,1.0,261918.0,261918.0,0.0,261918.0,PL-660737,0.0,0.0,,True,False,0.0,False,
LQ-202410-0010,VEH-020,2024-10-12,2024-10-15,RUT-06,HORA_12,1.0,252618.0,252618.0,0.0,252618.0,PL-744333,0.0,0.0,,True,False,0.0,False,
LQ-202601-0095,VEH-025,2026-01-08,2026-01-10,RUT-06,HORA_24,1.0,386840.0,386840.0,0.0,386840.0,PL-787149,0.0,0.0,,True,False,0.0,False,
LQ-202608-0131,VEH-019,2026-08-24,2026-08-27,RUT-02,HORA_12,1.0,302098.0,302098.0,0.0,302098.0,PL-430983,1.0,110064.0,,True,False,110064.0,False,
LQ-202507-0059,VEH-005,2025-07-06,2025-07-09,RUT-05,HORA_24,1.0,463258.0,463258.0,0.0,463258.0,PL-714973,3.0,108826.0,,True,False,326478.0,False,
LQ-202607-0125,VEH-004,2026-07-23,2026-07-25,RUT-08,HORA_24,1.0,540110.0,540110.0,0.0,540110.0,PL-103038,0.0,0.0,,True,False,0.0,False,
LQ-202512-0088,VEH-013,2025-12-10,2025-12-11,RUT-08,HORA_24,1.0,364610.0,364610.0,0.5,362786.95,PL-833787,0.0,0.0,TER-007,True,True,0.0,False,
LQ-202409-0004,VEH-012,2024-09-14,2024-09-15,RUT-06,HORA_24,1.0,445375.0,445375.0,0.0,445375.0,PL-278240,0.0,0.0,TER-010,True,True,0.0,False,
LQ-202603-0103,VEH-035,2026-03-30,2026-03-30,RUT-05,HORA_24,1.0,484927.0,484927.0,6.93,451321.56,PL-798071,3.0,101508.0,,True,False,304524.0,False,
LQ-202607-0128,VEH-005,2026-07-01,2026-07-02,RUT-08,HORA_24,1.0,469368.0,469368.0,0.0,469368.0,,0.0,0.0,,False,False,0.0,False,
LQ-202607-0124,VEH-016,2026-07-11,2026-07-11,RUT-01,HORA,10.01,38998.0,390369.98,0.0,390369.98,PL-928695,3.0,106388.0,TER-006,True,True,319164.0,False,
LQ-202503-0037,VEH-011,2025-03-08,2025-03-09,RUT-12,HORA_24,1.0,441602.0,441602.0,0.0,441602.0,PL-625986,0.0,0.0,,True,False,0.0,False,
LQ-202602-0097,VEH-038,2026-02-17,2026-02-18,RUT-02,HORA_24,1.0,449549.0,449549.0,1.69,441951.62,PL-910210,2.0,92723.0,,True,False,185446.0,False,
LQ-202607-0126,VEH-038,2026-07-10,2026-07-11,RUT-01,HORA_12,1.0,284519.0,284519.0,0.0,284519.0,PL-887789,0.0,0.0,,True,False,0.0,False,
LQ-202505-0047,VEH-003,2025-05-16,2025-05-16,RUT-08,HORA,4.67,37685.0,175988.95,0.0,175988.95,PL-481024,2.0,107827.0,,True,False,215654.0,False,
LQ-202512-0085,VEH-021,2025-12-15,2025-12-18,RUT-01,HORA_12,1.0,198802.0,198802.0,0.0,198802.0,PL-168879,0.0,0.0,,True,False,0.0,False,
LQ-202605-0114,VEH-011,2026-05-15,2026-05-15,RUT-15,HORA_12,1.0,258895.0,258895.0,0.0,258895.0,PL-319790,0.0,0.0,,True,False,0.0,False,
LQ-202503-0040,VEH-037,2025-03-03,2025-03-04,RUT-09,HORA_12,1.0,266336.0,266336.0,0.0,266336.0,PL-455772,0.0,0.0,,True,False,0.0,False,
LQ-202502-0029,VEH-026,2025-02-01,2025-02-01,RUT-04,HORA,7.92,31296.0,247864.32,0.0,247864.32,,0.0,0.0,,False,False,0.0,False,
LQ-202608-0134,VEH-002,2026-08-07,2026-08-07,RUT-07,HORA_24,1.0,470241.0,470241.0,0.0,470241.0,PL-106190,0.0,0.0,,True,False,0.0,False,
LQ-202603-0107,VEH-009,2026-03-04,2026-03-04,RUT-13,HORA,5.95,36685.0,218275.75,0.0,218275.75,PL-611491,0.0,0.0,,True,False,0.0,False,
LQ-202602-0098,VEH-028,2026-02-13,2026-02-16,RUT-08,HORA_24,1.0,416053.0,416053.0,0.0,416053.0,PL-729091,0.0,0.0,TER-003,True,True,0.0,False,
LQ-202504-0045,VEH-023,2025-04-09,2025-04-09,RUT-08,HORA_24,1.0,487708.0,487708.0,0.0,487708.0,PL-909889,0.0,0.0,,True,False,0.0,False,
LQ-202412-0022,VEH-032,2024-12-01,2024-12-01,RUT-10,KILOMETRO,380.78,3267.0,1244008.26,0.0,1244008.26,,0.0,0.0,,False,False,0.0,False,
LQ-202512-0087,VEH-016,2025-12-28,2025-12-29,RUT-10,HORA_12,1.0,206170.0,206170.0,0.0,206170.0,PL-752161,0.0,0.0,,True,False,0.0,False,
LQ-202608-0134,VEH-018,2026-08-14,2026-08-14,RUT-08,HORA_24,1.0,510278.0,510278.0,0.0,510278.0,PL-691915,0.0,0.0,,True,False,0.0,False,
LQ-202607-0126,VEH-016,2026-07-24,2026-07-24,RUT-01,HORA_12,1.0,270251.0,270251.0,0.0,270251.0,PL-698401,0.0,0.0,,True,False,0.0,False,
LQ-202602-0099,VEH-030,2026-02-25,2026-02-27,RUT-01,HORA_24,1.0,435133.0,435133.0,0.0,435133.0,PL-322577,0.0,0.0,,True,False,0.0,False,
LQ-202509-0072,VEH-037,2025-09-05,2025-09-05,RUT-02,HORA_12,1.0,249436.0,249436.0,0.0,249436.0,PL-355486,1.0,96665.0,,True,False,96665.0,False,
LQ-202607-0127,VEH-013,2026-07-06,2026-07-08,RUT-03,HORA_24,1.0,496774.0,496774.0,0.0,496774.0,PL-842372,1.0,113179.0,TER-006,True,True,113179.0,False,
LQ-202601-0090,VEH-028,2026-01-10,2026-01-13,RUT-11,HORA_24,1.0,397879.0,397879.0,0.0,397879.0,PL-358317,0.0,0.0,,True,False,0.0,False,
LQ-202506-0055,VEH-033,2025-06-26,2025-06-26,RUT-14,HORA_12,1.0,320331.0,320331.0,0.0,320331.0,PL-252465,0.0,0.0,,True,False,0.0,False,
LQ-202505-0047,VEH-002,2025-05-20,2025-05-20,RUT-05,HORA_24,1.0,523551.0,523551.0,0.0,523551.0,PL-331757,2.0,107827.0,,True,False,215654.0,False,
LQ-202411-0014,VEH-040,2024-11-22,2024-11-23,RUT-03,HORA_24,1.0,387506.0,387506.0,0.0,387506.0,PL-381342,0.0,0.0,,True,False,0.0,False,
LQ-202512-0085,VEH-021,2025-12-18,2025-12-18,RUT-06,HORA_24,1.0,341635.0,341635.0,0.0,341635.0,PL-975736,0.0,0.0,,True,False,0.0,False,
LQ-202608-0129,VEH-038,2026-08-06,2026-08-07,RUT-01,HORA_12,1.0,293254.0,293254.0,0.0,293254.0,,2.0,110064.0,,False,False,220128.0,False,
LQ-202511-0083,VEH-030,2025-11-22,2025-11-22,RUT-04,HORA_24,1.0,485351.0,485351.0,0.0,485351.0,,3.0,91973.0,TER-008,False,True,275919.0,False,
LQ-202412-0018,VEH-026,2024-12-18,2024-12-20,RUT-13,HORA_24,1.0,350865.0,350865.0,0.0,350865.0,PL-100205,0.0,0.0,,True,False,0.0,False,
LQ-202504-0046,VEH-007,2025-04-14,2025-04-15,RUT-05,HORA_12,1.0,268667.0,268667.0,0.0,268667.0,PL-587506,0.0,0.0,,True,False,0.0,False,
LQ-202605-0115,VEH-011,2026-05-10,2026-05-11,RUT-04,HORA_24,1.0,451123.0,451123.0,0.0,451123.0,,1.0,105412.0,TER-012,False,True,105412.0,False,
LQ-202504-0046,VEH-021,2025-04-15,2025-04-17,RUT-05,HORA_24,1.0,457993.0,457993.0,4.43,437703.91,PL-331795,3.0,95727.0,TER-005,True,True,287181.0,False,
LQ-202509-0072,VEH-001,2025-09-04,2025-09-04,RUT-13,KILOMETRO,1892.4,3756.0,7107854.4,0.0,7107854.4,PL-792051,0.0,0.0,TER-007,True,True,0.0,True,cantidad fuera de rango
LQ-202510-0078,VEH-040,2025-10-27,2025-10-27,RUT-13,HORA,8.32,34167.0,284269.44,0.0,284269.44,PL-123701,0.0,0.0,TER-003,True,True,0.0,False,
LQ-202410-0008,VEH-025,2024-10-12,2024-10-12,RUT-07,HORA,2.76,25102.0,69281.52,0.0,69281.52,PL-493892,0.0,0.0,TER-011,True,True,0.0,False,
LQ-202502-0032,VEH-030,2025-02-23,2025-02-23,RUT-01,HORA,7.91,35018.0,276992.38,0.0,276992.38,,3.0,89157.0,TER-004,False,True,267471.0,False,
LQ-202411-0016,VEH-015,2024-11-05,2024-11-08,RUT-14,HORA_12,1.0,224762.0,224762.0,0.0,224762.0,PL-165914,2.0,94080.0,TER-004,True,True,188160.0,False,
LQ-202608-0134,VEH-035,2026-08-21,2026-08-22,RUT-12,HORA_12,1.0,291549.0,291549.0,0.0,291549.0,PL-129002,0.0,0.0,TER-010,True,True,0.0,False,
LQ-202508-0064,VEH-037,2025-08-26,2025-08-29,RUT-03,HORA_12,1.0,275592.0,275592.0,0.0,275592.0,PL-448781,0.0,0.0,TER-005,True,True,0.0,False,
LQ-202409-0002,VEH-039,2024-09-23,2024-09-24,RUT-10,HORA_24,1.0,444071.0,444071.0,3.25,429638.69,PL-944657,0.0,0.0,TER-010,True,True,0.0,False,
LQ-202507-0060,VEH-031,2025-07-18,2025-07-19,RUT-02,HORA_24,1.0,454686.0,454686.0,0.0,454686.0,PL-401134,0.0,0.0,,True,False,0.0,False,
LQ-202502-0032,VEH-026,2025-02-17,2025-02-19,RUT-14,HORA_24,1.0,413633.0,413633.0,0.0,413633.0,PL-878246,0.0,0.0,,True,False,0.0,False,
LQ-202608-0129,VEH-033,2026-08-14,2026-08-14,RUT-01,HORA,9.06,34762.0,314943.72,1.96,308770.82,PL-242309,0.0,0.0,,True,False,0.0,False,
LQ-202510-0078,VEH-023,2025-10-01,2025-10-01,RUT-12,HORA_24,1.0,456622.0,456622.0,0.0,456622.0,,0.0,0.0,,False,False,0.0,False,
LQ-202602-0097,VEH-037,2026-02-01,2026-02-03,RUT-08,HORA_24,1.0,430601.0,430601.0,0.0,430601.0,PL-506322,0.0,0.0,,True,False,0.0,False,
LQ-202412-0018,VEH-028,2024-12-21,2024-12-21,RUT-13,HORA,5.95,28745.0,171032.75,0.0,171032.75,,0.0,0.0,TER-003,False,True,0.0,False,
LQ-202501-0025,VEH-027,2025-01-03,2025-01-04,RUT-09,HORA_24,1.0,386100.0,386100.0,0.0,386100.0,PL-942725,0.0,0.0,,True,False,0.0,False,
LQ-202602-0096,VEH-032,2026-02-20,2026-02-22,RUT-10,HORA_24,1.0,410169.0,410169.0,0.0,410169.0,,0.0,0.0,,False,False,0.0,False,
LQ-202512-0089,VEH-032,2025-12-02,2025-12-04,RUT-15,HORA_24,1.0,325527.0,325527.0,0.0,325527.0,PL-950249,0.0,0.0,,True,False,0.0,False,
LQ-202605-0113,VEH-019,2026-05-25,2026-05-27,RUT-10,HORA_12,1.0,303869.0,303869.0,0.0,303869.0,PL-187430,0.0,0.0,,True,False,0.0,False,
LQ-202411-0013,VEH-002,2024-11-13,2024-11-13,RUT-10,HORA,6.14,31670.0,194453.8,0.0,194453.8,PL-787237,0.0,0.0,,True,False,0.0,False,
LQ-202602-0101,VEH-028,2026-02-20,2026-02-23,RUT-05,HORA_24,1.0,395287.0,395287.0,0.0,395287.0,PL-425772,2.0,92723.0,,True,False,185446.0,False,
LQ-202411-0016,VEH-040,2024-11-22,2024-11-22,RUT-07,HORA_24,1.0,478284.0,478284.0,0.0,478284.0,PL-166309,0.0,0.0,,True,False,0.0,False,
LQ-202410-0011,VEH-017,2024-10-16,2024-10-16,RUT-03,HORA,8.1,29122.0,235888.2,0.0,235888.2,PL-275073,3.0,100800.0,,True,False,302400.0,False,
LQ-202602-0098,VEH-017,2026-02-18,2026-02-18,RUT-06,HORA,6.86,30476.0,209065.36,0.0,209065.36,PL-972490,0.0,0.0,,True,False,0.0,False,
LQ-202506-0053,VEH-005,2025-06-19,2025-06-21,RUT-06,HORA_12,1.0,288430.0,288430.0,0.0,288430.0,PL-696850,0.0,0.0,TER-006,True,True,0.0,False,
LQ-202501-0025,VEH-038,2025-01-14,2025-01-17,RUT-14,HORA_24,1.0,380259.0,380259.0,0.0,380259.0,,0.0,0.0,TER-011,False,True,0.0,False,
LQ-202502-0032,VEH-020,2025-02-24,2025-02-25,RUT-03,HORA_12,1.0,260861.0,260861.0,0.0,260861.0,PL-399214,1.0,89157.0,,True,False,89157.0,False,
LQ-202606-0121,VEH-039,2026-06-25,2026-06-27,RUT-14,HORA_24,1.0,511734.0,511734.0,6.55,478215.42,PL-176518,0.0,0.0,,True,False,0.0,False,
LQ-202505-0051,VEH-002,2025-05-14,2025-05-17,RUT-11,HORA_24,1.0,477376.0,477376.0,0.0,477376.0,PL-615101,0.0,0.0,TER-009,True,True,0.0,False,
LQ-202607-0128,VEH-009,2026-07-29,2026-07-29,RUT-15,HORA,6.2,35439.0,219721.8,0.0,219721.8,PL-937872,0.0,0.0,TER-001,True,True,0.0,False,
LQ-202503-0039,VEH-017,2025-03-02,2025-03-02,RUT-13,HORA_24,1.0,498085.0,498085.0,4.31,476617.54,PL-445326,0.0,0.0,,True,False,0.0,False,
LQ-202412-0019,VEH-014,2024-12-16,2024-12-16,RUT-08,HORA_24,1.0,317373.0,317373.0,0.0,317373.0,PL-313701,0.0,0.0,,True,False,0.0,False,
LQ-202503-0038,VEH-029,2025-03-09,2025-03-12,RUT-02,HORA_24,1.0,442013.0,442013.0,6.65,412619.14,PL-540110,0.0,0.0,,True,False,0.0,False,
LQ-202601-0092,VEH-027,2026-01-30,2026-01-30,RUT-02,HORA,9.79,25978.0,254324.62,0.0,254324.62,PL-938721,3.0,85144.0,,True,False,255432.0,False,
LQ-202507-0059,VEH-022,2025-07-07,2025-07-07,RUT-11,HORA_12,1.0,340791.0,340791.0,0.0,340791.0,PL-316356,1.0,108826.0,,True,False,108826.0,False,
LQ-202501-0026,VEH-035,2025-01-22,2025-01-25,RUT-05,HORA_12,1.0,211539.0,211539.0,0.0,211539.0,,2.0,76957.0,TER-001,False,True,153914.0,False,
LQ-202606-0122,VEH-003,2026-06-23,2026-06-25,RUT-13,HORA_24,1.0,546340.0,546340.0,0.0,546340.0,PL-941131,0.0,0.0,,True,False,0.0,False,
LQ-202502-0032,VEH-016,2025-02-20,2025-02-20,RUT-01,KILOMETRO,399.01,3680.0,1468356.8,0.0,1468356.8,PL-486326,3.0,89157.0,,True,False,267471.0,False,
LQ-202503-0038,VEH-008,2025-03-20,2025-03-23,RUT-06,HORA_24,1.0,475260.0,475260.0,0.0,475260.0,PL-391897,0.0,0.0,,True,False,0.0,False,
LQ-202505-0047,VEH-022,2025-05-14,2025-05-16,RUT-13,HORA_24,1.0,538513.0,538513.0,5.09,511102.69,PL-768868,0.0,0.0,,True,False,0.0,False,
LQ-202607-0126,VEH-022,2026-07-13,2026-07-13,RUT-03,HORA,10.02,38408.0,384848.16,0.0,384848.16,PL-439040,0.0,0.0,TER-003,True,True,0.0,False,
LQ-202503-0035,VEH-032,2025-03-24,2025-03-24,RUT-10,HORA_24,1.0,478971.0,478971.0,0.0,478971.0,,0.0,0.0,,False,False,0.0,False,
LQ-202502-0029,VEH-005,2025-02-13,2025-02-13,RUT-13,HORA,8.56,30578.0,261747.68,0.0,261747.68,PL-664814,0.0,0.0,TER-011,True,True,0.0,False,
LQ-202509-0070,VEH-010,2025-09-02,2025-09-03,RUT-10,HORA_24,1.0,421571.0,421571.0,0.0,421571.0,PL-329465,0.0,0.0,,True,False,0.0,False,
LQ-202410-0011,VEH-008,2024-10-11,2024-10-13,RUT-12,HORA_24,1.0,513884.0,513884.0,0.0,513884.0,PL-626428,0.0,0.0,,True,False,0.0,False,
LQ-202604-0110,VEH-035,2026-04-10,2026-04-11,RUT-09,HORA_24,1.0,534104.0,534104.0,0.0,534104.0,PL-145048,1.0,105910.0,,True,False,105910.0,False,
LQ-202504-0042,VEH-019,2025-04-09,2025-04-09,RUT-11,HORA_24,1.0,440158.0,440158.0,0.0,440158.0,,0.0,0.0,,False,False,0.0,False,
LQ-202601-0095,VEH-017,2026-01-09,2026-01-10,RUT-01,HORA_24,1.0,385038.0,385038.0,0.0,385038.0,PL-256224,2.0,80035.0,,True,False,160070.0,False,
LQ-202501-0026,VEH-034,2025-01-20,2025-01-20,RUT-10,HORA_24,1.0,380837.0,380837.0,0.0,380837.0,,0.0,0.0,,False,False,0.0,False,
LQ-202501-0027,VEH-020,2025-01-16,2025-01-18,RUT-13,HORA_24,1.0,420743.0,420743.0,0.0,420743.0,PL-982416,0.0,0.0,TER-007,True,True,0.0,False,
LQ-202503-0035,VEH-012,2025-03-26,2025-03-26,RUT-12,HORA_24,1.0,471819.0,471819.0,0.0,471819.0,PL-297833,0.0,0.0,,True,False,0.0,False,
LQ-202607-0125,VEH-014,2026-07-19,2026-07-22,RUT-02,HORA_24,1.0,475434.0,475434.0,0.0,475434.0,PL-487512,0.0,0.0,TER-001,True,True,0.0,False,
LQ-202511-0081,VEH-028,2025-11-27,2025-11-29,RUT-09,HORA_24,1.0,443126.0,443126.0,0.0,443126.0,,0.0,0.0,TER-008,False,True,0.0,False,
LQ-202601-0090,VEH-036,2026-01-28,2026-01-31,RUT-08,HORA_24,1.0,382430.0,382430.0,0.0,382430.0,PL-335515,0.0,0.0,,True,False,0.0,False,
LQ-202509-0068,VEH-009,2025-09-29,2025-09-30,RUT-08,HORA_24,1.0,448849.0,448849.0,6.89,417923.3,PL-123359,0.0,0.0,,True,False,0.0,False,
LQ-202412-0021,VEH-007,2024-12-17,2024-12-17,RUT-03,HORA_12,1.0,171709.0,171709.0,0.0,171709.0,,0.0,0.0,,False,False,0.0,True,tarifa fuera de rango
LQ-202504-0043,VEH-031,2025-04-07,2025-04-07,RUT-08,HORA_24,1.0,532302.0,532302.0,0.0,532302.0,PL-494873,0.0,0.0,TER-002,True,True,0.0,False,
LQ-202606-0121,VEH-039,2026-06-14,2026-06-14,RUT-03,HORA,6.74,34448.0,232179.52,0.0,232179.52,PL-315996,0.0,0.0,TER-001,True,True,0.0,False,
LQ-202502-0033,VEH-025,2025-02-03,2025-02-03,RUT-10,HORA,8.15,28225.0,230033.75,0.0,230033.75,PL-785684,0.0,0.0,,True,False,0.0,False,
LQ-202603-0104,VEH-014,2026-03-29,2026-03-31,RUT-12,HORA_24,1.0,485694.0,485694.0,0.0,485694.0,PL-720617,0.0,0.0,,True,False,0.0,False,
LQ-202512-0085,VEH-011,2025-12-31,2025-12-31,RUT-13,HORA_24,1.0,346831.0,346831.0,0.0,346831.0,PL-433434,0.0,0.0,TER-002,True,True,0.0,False,
LQ-202410-0010,VEH-003,2024-10-16,2024-10-18,RUT-14,HORA_24,1.0,431235.0,431235.0,0.0,431235.0,PL-204411,0.0,0.0,,True,False,0.0,False,
LQ-202512-0087,VEH-022,2025-12-11,2025-12-11,RUT-14,HORA_12,1.0,197224.0,197224.0,0.0,197224.0,PL-232998,0.0,0.0,,True,False,0.0,False,
LQ-202412-0022,VEH-025,2024-12-21,2024-12-21,RUT-03,KILOMETRO,250.65,3485.0,873515.25,0.0,873515.25,PL-379378,0.0,0.0,TER-006,True,True,0.0,False,
LQ-202607-0128,VEH-030,2026-07-22,2026-07-24,RUT-05,HORA_24,1.0,482752.0,482752.0,0.0,482752.0,PL-356139,0.0,0.0,TER-007,True,True,0.0,False,
LQ-202503-0037,VEH-020,2025-03-16,2025-03-17,RUT-03,HORA_24,1.0,471869.0,471869.0,0.0,471869.0,PL-593024,0.0,0.0,,True,False,0.0,False,
LQ-202512-0087,VEH-026,2025-12-26,2025-12-27,RUT-04,HORA_12,1.0,203028.0,203028.0,0.0,203028.0,PL-403138,0.0,0.0,TER-003,True,True,0.0,False,
LQ-202603-0104,VEH-007,2026-03-26,2026-03-26,RUT-05,HORA,11.58,37259.0,431459.22,0.0,431459.22,PL-212724,0.0,0.0,TER-010,True,True,0.0,False,
LQ-202602-0098,VEH-035,2026-02-08,2026-02-11,RUT-04,HORA_12,1.0,270151.0,270151.0,7.83,248998.18,PL-920443,1.0,98642.0,,True,False,98642.0,False,
LQ-202608-0134,VEH-016,2026-08-29,2026-08-29,RUT-03,HORA_24,1.0,519786.0,519786.0,0.0,519786.0,PL-788692,3.0,103460.0,,True,False,310380.0,False,
LQ-202504-0044,VEH-001,2025-04-06,2025-04-06,RUT-03,HORA,6.52,34598.0,225578.96,0.0,225578.96,PL-433120,0.0,0.0,,True,False,0.0,False,
LQ-202606-0119,VEH-020,2026-06-03,2026-06-03,RUT-08,HORA,4.84,35975.0,174119.0,0.0,174119.0,PL-739966,0.0,0.0,,True,False,0.0,False,
LQ-202502-0029,VEH-027,2025-02-01,2025-02-04,RUT-15,HORA_24,1.0,429297.0,429297.0,7.28,398044.18,PL-682788,1.0,94848.0,,True,False,94848.0,False,
LQ-202603-0102,VEH-018,2026-03-11,2026-03-14,RUT-09,HORA_12,1.0,299168.0,299168.0,0.0,299168.0,,0.0,0.0,,False,False,0.0,False,
LQ-202504-0041,VEH-017,2025-04-13,2025-04-16,RUT-15,HORA_24,1.0,502563.0,502563.0,0.0,502563.0,PL-220034,0.0,0.0,TER-012,True,True,0.0,False,
LQ-202507-0063,VEH-013,2025-07-03,2025-07-05,RUT-05,HORA_24,1.0,511987.0,511987.0,0.0,511987.0,,2.0,102296.0,TER-003,False,True,204592.0,False,
LQ-202604-0111,VEH-036,2026-04-19,2026-04-19,RUT-07,KILOMETRO,338.66,4646.0,1573414.36,0.0,1573414.36,PL-449207,0.0,0.0,,True,False,0.0,False,
LQ-202412-0018,VEH-039,2024-12-12,2024-12-14,RUT-09,HORA_12,1.0,207394.0,207394.0,0.0,207394.0,PL-681456,0.0,0.0,TER-009,True,True,0.0,False,
LQ-202502-0030,VEH-003,2025-02-11,2025-02-12,RUT-07,HORA_12,1.0,240739.0,240739.0,7.36,223020.61,PL-620021,0.0,0.0,TER-001,True,True,0.0,False,
LQ-202411-0014,VEH-023,2024-11-07,2024-11-09,RUT-10,HORA_12,1.0,258098.0,258098.0,0.0,258098.0,PL-837606,0.0,0.0,,True,False,0.0,False,
LQ-202506-0055,VEH-039,2025-06-09,2025-06-11,RUT-02,HORA_12,1.0,290794.0,290794.0,0.0,290794.0,PL-638462,0.0,0.0,TER-006,True,True,0.0,False,
LQ-202601-0093,VEH-039,2026-01-09,2026-01-09,RUT-09,HORA,6.61,27218.0,179910.98,3.77,173128.34,PL-139008,0.0,0.0,TER-008,True,True,0.0,False,
LQ-202502-0032,VEH-013,2025-02-06,2025-02-07,RUT-07,HORA_24,1.0,378225.0,378225.0,0.0,378225.0,,0.0,0.0,TER-002,False,True,0.0,False,
LQ-202502-0032,VEH-006,2025-02-18,2025-02-21,RUT-09,HORA_12,1.0,3372619.0,3372619.0,0.0,3372619.0,,0.0,0.0,,False,False,0.0,True,tarifa fuera de rango
LQ-202411-0014,VEH-008,2024-11-26,2024-11-29,RUT-08,HORA_12,1.0,241346.0,241346.0,0.0,241346.0,PL-238948,0.0,0.0,,True,False,0.0,False,
LQ-202605-0115,VEH-016,2026-05-07,2026-05-08,RUT-12,HORA_24,1.0,513078.0,513078.0,2.39,500815.44,PL-385664,0.0,0.0,,True,False,0.0,False,
LQ-202603-0103,VEH-008,2026-03-13,2026-03-14,RUT-05,HORA_24,1.0,487268.0,487268.0,0.0,487268.0,PL-127261,0.0,0.0,,True,False,0.0,False,
LQ-202605-0117,VEH-002,2026-05-31,2026-05-31,RUT-08,HORA_12,1.0,283942.0,283942.0,0.0,283942.0,,0.0,0.0,,False,False,0.0,False,
LQ-202505-0047,VEH-021,2025-05-21,2025-05-21,RUT-06,KILOMETRO,260.82,4997.0,1303317.54,0.0,1303317.54,,0.0,0.0,,False,False,0.0,False,
LQ-202501-0027,VEH-039,2025-01-27,2025-01-30,RUT-08,HORA_24,1.0,414741.0,414741.0,0.0,414741.0,,0.0,0.0,TER-001,False,True,0.0,False,
LQ-202409-0001,VEH-017,2024-09-14,2024-09-15,RUT-05,HORA_24,1.0,445922.0,445922.0,0.0,445922.0,PL-624902,0.0,0.0,,True,False,0.0,False,
LQ-202512-0087,VEH-007,2025-12-09,2025-12-09,RUT-09,HORA,13.21,25447.0,336154.87,0.0,336154.87,PL-691042,3.0,72264.0,TER-001,True,True,216792.0,False,
LQ-202512-0085,VEH-019,2025-12-04,2025-12-04,RUT-11,HORA_24,1.0,366295.0,366295.0,0.0,366295.0,PL-576915,0.0,0.0,,True,False,0.0,False,
LQ-202505-0047,VEH-011,2025-05-18,2025-05-18,RUT-07,HORA,12.53,39966.0,500773.98,0.0,500773.98,PL-580005,0.0,0.0,,True,False,0.0,False,
LQ-202509-0070,VEH-022,2025-09-17,2025-09-17,RUT-09,HORA_24,1.0,493118.0,493118.0,0.0,493118.0,,0.0,0.0,,False,False,0.0,False,
LQ-202505-0049,VEH-033,2025-05-09,2025-05-12,RUT-10,HORA_24,1.0,479972.0,479972.0,0.0,479972.0,,0.0,0.0,,False,False,0.0,False,
LQ-202601-0094,VEH-039,2026-01-11,2026-01-11,RUT-14,KILOMETRO,241.09,3511.0,846466.99,0.0,846466.99,PL-808814,0.0,0.0,,True,False,0.0,False,
LQ-202410-0011,VEH-025,2024-10-12,2024-10-12,RUT-09,HORA_24,1.0,403748.0,403748.0,0.0,403748.0,PL-990247,3.0,100800.0,,True,False,302400.0,False,
LQ-202505-0047,VEH-028,2025-05-11,2025-05-13,RUT-05,HORA_24,1.0,557241.0,557241.0,0.0,557241.0,,2.0,107827.0,,False,False,215654.0,False,
LQ-202607-0128,VEH-015,2026-07-15,2026-07-16,RUT-10,HORA_12,1.0,268759.0,268759.0,3.89,258304.27,PL-140721,0.0,0.0,TER-002,True,True,0.0,False,
LQ-202512-0084,VEH-040,2025-12-01,2025-12-01,RUT-12,HORA_12,1.0,176635.0,176635.0,0.0,176635.0,PL-538878,0.0,0.0,,True,False,0.0,False,
LQ-202509-0068,VEH-034,2025-09-23,2025-09-25,RUT-15,HORA_24,1.0,455650.0,455650.0,0.0,455650.0,PL-705355,0.0,0.0,,True,False,0.0,False,
LQ-202510-0075,VEH-019,2025-10-07,2025-10-09,RUT-09,HORA_24,1.0,515419.0,515419.0,0.0,515419.0,,0.0,0.0,,False,False,0.0,False,
LQ-202503-0038,VEH-011,2025-03-27,2025-03-27,RUT-09,HORA,6.29,27260.0,171465.4,0.0,171465.4,PL-699982,0.0,0.0,,True,False,0.0,False,
LQ-202507-0061,VEH-008,2025-07-02,2025-07-02,RUT-15,HORA_24,1.0,8278340.0,8278340.0,0.0,8278340.0,PL-651510,0.0,0.0,,True,False,0.0,True,tarifa fuera de rango
LQ-202512-0089,VEH-009,2025-12-06,2025-12-06,RUT-05,KILOMETRO,177.64,3227.0,573244.28,0.0,573244.28,PL-931975,0.0,0.0,,True,False,0.0,False,
LQ-202411-0017,VEH-021,2024-11-05,2024-11-06,RUT-03,HORA_24,1.0,441851.0,441851.0,6.93,411230.73,PL-599284,0.0,0.0,,True,False,0.0,False,
LQ-202507-0063,VEH-033,2025-07-04,2025-07-04,RUT-06,HORA,8.53,535763.0,4570058.39,0.0,4570058.39,PL-211369,0.0,0.0,,True,False,0.0,True,tarifa fuera de rango
LQ-202512-0089,VEH-040,2025-12-09,2025-12-09,RUT-08,KILOMETRO,455.23,3246.0,1477676.58,0.0,1477676.58,PL-220486,0.0,0.0,,True,False,0.0,False,
LQ-202502-0029,VEH-037,2025-02-08,2025-02-09,RUT-06,HORA_24,1.0,473215.0,473215.0,0.0,473215.0,PL-805097,0.0,0.0,TER-007,True,True,0.0,False,
LQ-202608-0134,VEH-015,2026-08-15,2026-08-18,RUT-07,HORA_12,1.0,270165.0,270165.0,3.66,260276.96,PL-124847,3.0,103460.0,,True,False,310380.0,False,
LQ-202511-0083,VEH-024,2025-11-27,2025-11-30,RUT-11,HORA_12,1.0,238974.0,238974.0,4.23,228865.4,PL-531905,0.0,0.0,,True,False,0.0,False,
LQ-202601-0094,VEH-030,2026-01-12,2026-01-12,RUT-07,HORA,10.61,27160.0,288167.6,0.0,288167.6,PL-526476,0.0,0.0,TER-010,True,True,0.0,False,
LQ-202411-0015,VEH-035,2024-11-03,2024-11-03,RUT-09,HORA_24,1.0,453696.0,453696.0,0.0,453696.0,PL-659106,0.0,0.0,TER-002,True,True,0.0,False,
LQ-202507-0059,VEH-027,2025-07-26,2025-07-26,RUT-01,HORA_12,1.0,333759.0,333759.0,0.0,333759.0,PL-215780,1.0,108826.0,,True,False,108826.0,False,
LQ-202607-0124,VEH-030,2026-07-26,2026-07-26,RUT-15,HORA,7.35,28842.0,211988.7,0.0,211988.7,,0.0,0.0,,False,False,0.0,False,
LQ-202509-0069,VEH-007,2025-09-04,2025-09-07,RUT-02,HORA_24,1.0,437982.0,437982.0,0.0,437982.0,,0.0,0.0,,False,False,0.0,False,
LQ-202501-0027,VEH-027,2025-01-30,2025-01-30,RUT-03,HORA,8.9,25695.0,228685.5,0.0,228685.5,PL-927659,3.0,81869.0,TER-002,True,True,245607.0,False,
LQ-202501-0027,VEH-033,2025-01-09,2025-01-09,RUT-14,HORA,8.98,22714.0,203971.72,0.0,203971.72,,0.0,0.0,TER-011,False,True,0.0,False,
LQ-202511-0083,VEH-026,2025-11-16,2025-11-16,RUT-01,HORA,4.97,32622.0,162131.34,0.0,162131.34,,0.0,0.0,TER-009,False,True,0.0,False,
LQ-202503-0037,VEH-030,2025-03-28,2025-03-28,RUT-14,HORA_12,1.0,285968.0,285968.0,0.0,285968.0,PL-182578,0.0,0.0,,True,False,0.0,False,
LQ-202601-0094,VEH-015,2026-01-18,2026-01-19,RUT-06,HORA_24,1.0,447804.0,447804.0,0.0,447804.0,PL-151767,3.0,85144.0,,True,False,255432.0,False,
LQ-202511-0080,VEH-026,2025-11-24,2025-11-25,RUT-13,HORA_24,1.0,385701.0,385701.0,0.0,385701.0,PL-153433,3.0,91973.0,,True,False,275919.0,False,
LQ-202411-0016,VEH-035,2024-11-03,2024-11-05,RUT-10,HORA_24,1.0,411694.0,411694.0,0.0,411694.0,PL-305973,0.0,0.0,TER-011,True,True,0.0,False,
LQ-202410-0012,VEH-029,2024-10-21,2024-10-21,RUT-10,HORA,6.51,30356.0,197617.56,0.0,197617.56,PL-177289,0.0,0.0,,True,False,0.0,False,
LQ-202506-0054,VEH-026,2025-06-06,2025-06-07,RUT-12,HORA_12,1.0,253353.0,253353.0,0.0,253353.0,PL-185714,0.0,0.0,,True,False,0.0,False,
LQ-202504-0045,VEH-019,2025-04-14,2025-04-16,RUT-12,HORA_24,1.0,500199.0,500199.0,0.0,500199.0,,0.0,0.0,,False,False,0.0,False,
LQ-202504-0044,VEH-035,2025-04-01,2025-04-03,RUT-02,HORA_24,1.0,428209.0,428209.0,0.0,428209.0,PL-580870,1.0,95727.0,,True,False,95727.0,False,
LQ-202504-0044,VEH-015,2025-04-20,2025-04-21,RUT-08,HORA_24,1.0,411801.0,411801.0,6.48,385116.3,,0.0,0.0,,False,False,0.0,False,
LQ-202506-0057,VEH-012,2025-06-26,2025-06-26,RUT-10,HORA,4.02,32590.0,131011.8,0.0,131011.8,PL-844708,0.0,0.0,TER-004,True,True,0.0,False,
LQ-202602-0101,VEH-018,2026-02-09,2026-02-09,RUT-08,HORA,9.93,525274.0,5215970.82,0.0,5215970.82,PL-191211,0.0,0.0,,True,False,0.0,True,tarifa fuera de rango
LQ-202512-0084,VEH-014,2025-12-16,2025-12-16,RUT-07,HORA,12.87,395204.0,5086275.48,0.0,5086275.48,PL-419480,0.0,0.0,,True,False,0.0,True,tarifa fuera de rango
LQ-202508-0065,VEH-015,2025-08-20,2025-08-20,RUT-13,KILOMETRO,287.75,4595.0,1322211.25,0.0,1322211.25,PL-779505,0.0,0.0,TER-008,True,True,0.0,False,
LQ-202506-0055,VEH-023,2025-06-03,2025-06-03,RUT-02,HORA,7.15,34005.0,243135.75,3.42,234820.51,,0.0,0.0,,False,False,0.0,False,
LQ-202512-0088,VEH-018,2025-12-29,2025-12-29,RUT-14,HORA,11.48,25510.0,292854.8,0.0,292854.8,PL-452987,0.0,0.0,,True,False,0.0,False,
LQ-202512-0087,VEH-027,2025-12-14,2025-12-14,RUT-03,HORA_12,1.0,181274.0,181274.0,0.0,181274.0,PL-438324,1.0,72264.0,,True,False,72264.0,False,
LQ-202607-0124,VEH-006,2026-07-19,2026-07-20,RUT-10,HORA_24,1.0,505444.0,505444.0,0.0,505444.0,PL-420817,0.0,0.0,,True,False,0.0,False,
LQ-202509-0071,VEH-029,2025-09-29,2025-09-30,RUT-06,HORA_24,1.0,491882.0,491882.0,0.0,491882.0,,0.0,0.0,,False,False,0.0,False,
LQ-202505-0048,VEH-019,2025-05-16,2025-05-16,RUT-12,HORA_24,1.0,479874.0,479874.0,6.59,448250.3,PL-489759,0.0,0.0,,True,False,0.0,False,
LQ-202512-0086,VEH-024,2025-12-28,2025-12-28,RUT-03,KILOMETRO,286.62,37829.0,10842547.98,0.0,10842547.98,,0.0,0.0,TER-010,False,True,0.0,True,tarifa fuera de rango
LQ-202411-0014,VEH-012,2024-11-30,2024-11-30,RUT-15,KILOMETRO,280.76,4179.0,1173296.04,0.0,1173296.04,PL-916779,0.0,0.0,TER-006,True,True,0.0,False,
LQ-202511-0081,VEH-011,2025-11-14,2025-11-14,RUT-02,KILOMETRO,191.77,3974.0,762093.98,0.0,762093.98,PL-746749,0.0,0.0,,True,False,0.0,False,
LQ-202505-0051,VEH-039,2025-05-12,2025-05-12,RUT-04,HORA_24,1.0,514019.0,514019.0,0.0,514019.0,PL-492343,0.0,0.0,,True,False,0.0,False,
LQ-202511-0083,VEH-007,2025-11-11,2025-11-12,RUT-05,HORA_12,1.0,256871.0,256871.0,0.0,256871.0,PL-165844,3.0,91973.0,,True,False,275919.0,False,
LQ-202505-0048,VEH-020,2025-05-05,2025-05-05,RUT-10,HORA,9.87,35507.0,350454.09,0.0,350454.09,PL-290407,0.0,0.0,TER-009,True,True,0.0,False,
LQ-202601-0092,VEH-001,2026-01-13,2026-01-16,RUT-15,HORA_12,1.0,261292.0,261292.0,0.0,261292.0,PL-515461,0.0,0.0,TER-003,True,True,0.0,False,
LQ-202504-0042,VEH-036,2025-04-05,2025-04-08,RUT-02,HORA_12,1.0,244255.0,244255.0,0.0,244255.0,PL-353162,2.0,95727.0,,True,False,191454.0,False,
LQ-202505-0049,VEH-022,2025-05-30,2025-05-31,RUT-06,HORA_24,1.0,483342.0,483342.0,0.0,483342.0,PL-129881,1.0,107827.0,,True,False,107827.0,False,
LQ-202602-0096,VEH-016,2026-02-01,2026-02-02,RUT-03,HORA_24,1.0,464353.0,464353.0,0.0,464353.0,PL-687686,3.0,98642.0,,True,False,295926.0,False,
LQ-202503-0037,VEH-008,2025-03-01,2025-03-03,RUT-14,HORA_24,1.0,482553.0,482553.0,0.0,482553.0,PL-162471,0.0,0.0,,True,False,0.0,False,
LQ-202503-0039,VEH-037,2025-03-13,2025-03-14,RUT-10,HORA_12,1.0,267472.0,267472.0,0.0,267472.0,PL-104872,0.0,0.0,,True,False,0.0,False,
LQ-202506-0054,VEH-027,2025-06-01,2025-06-03,RUT-07,HORA_12,1.0,263186.0,263186.0,0.0,263186.0,,0.0,0.0,TER-004,False,True,0.0,False,
LQ-202601-0095,VEH-001,2026-01-22,2026-01-25,RUT-14,HORA_24,1.0,377992.0,377992.0,0.0,377992.0,PL-632563,0.0,0.0,,True,False,0.0,False,
LQ-202608-0130,VEH-025,2026-08-17,2026-08-20,RUT-12,HORA_12,1.0,294920.0,294920.0,0.0,294920.0,PL-928452,0.0,0.0,,True,False,0.0,False,
LQ-202601-0091,VEH-004,2026-01-08,2026-01-08,RUT-03,KILOMETRO,276.36,3463.0,957034.68,0.0,957034.68,PL-179833,2.0,80035.0,,True,False,160070.0,False,
LQ-202506-0055,VEH-010,2025-06-02,2025-06-04,RUT-03,HORA_24,1.0,556245.0,556245.0,0.0,556245.0,PL-978050,3.0,110822.0,TER-008,True,True,332466.0,False,
LQ-202409-0005,VEH-016,2024-09-23,2024-09-25,RUT-14,HORA_12,1.0,262382.0,262382.0,5.22,248685.66,PL-556839,0.0,0.0,,True,False,0.0,False,
LQ-202604-0112,VEH-030,2026-04-25,2026-04-25,RUT-08,HORA_24,1.0,493257.0,493257.0,0.0,493257.0,PL-124911,0.0,0.0,,True,False,0.0,False,
LQ-202505-0051,VEH-014,2025-05-11,2025-05-11,RUT-12,KILOMETRO,317.26,4871.0,1545373.46,6.59,1443533.35,PL-698889,0.0,0.0,,True,False,0.0,False,
LQ-202603-0107,VEH-023,2026-03-02,2026-03-03,RUT-12,HORA_24,1.0,475328.0,475328.0,0.0,475328.0,PL-549338,0.0,0.0,,True,False,0.0,False,
LQ-202412-0020,VEH-008,2024-12-23,2024-12-24,RUT-15,HORA_12,1.0,203624.0,203624.0,0.0,203624.0,PL-840532,0.0,0.0,,True,False,0.0,False,
LQ-202503-0039,VEH-038,2025-03-09,2025-03-09,RUT-12,HORA,3.21,36235.0,116314.35,0.0,116314.35,,0.0,0.0,TER-004,False,True,0.0,False,
LQ-202504-0046,VEH-021,2025-04-19,2025-04-19,RUT-10,KILOMETRO,343.19,4155.0,1425954.45,0.0,1425954.45,,0.0,0.0,TER-010,False,True,0.0,False,
LQ-202601-0091,VEH-032,2026-01-23,2026-01-26,RUT-01,HORA_24,1.0,370020.0,370020.0,0.0,370020.0,PL-978007,0.0,0.0,,True,False,0.0,False,
LQ-202504-0043,VEH-019,2025-04-11,2025-04-11,RUT-10,HORA_12,1.0,277801.0,277801.0,0.0,277801.0,PL-387150,0.0,0.0,,True,False,0.0,False,
LQ-202603-0106,VEH-032,2026-03-23,2026-03-26,RUT-06,HORA_12,1.0,305468.0,305468.0,0.0,305468.0,PL-227167,0.0,0.0,,True,False,0.0,False,
LQ-202507-0062,VEH-035,2025-07-31,2025-07-31,RUT-08,HORA_12,1.0,261927.0,261927.0,0.0,261927.0,PL-854117,0.0,0.0,,True,False,0.0,False,
LQ-202604-0110,VEH-037,2026-04-19,2026-04-19,RUT-14,KILOMETRO,578.55,4668.0,2700671.4,0.0,2700671.4,,0.0,0.0,,False,False,0.0,True,cantidad fuera de rango
LQ-202608-0131,VEH-029,2026-08-16,2026-08-17,RUT-01,HORA_24,1.0,481676.0,481676.0,0.0,481676.0,PL-491401,3.0,110064.0,,True,False,330192.0,False,
LQ-202410-0010,VEH-023,2024-10-24,2024-10-24,RUT-02,HORA,8.95,27072.0,242294.4,0.0,242294.4,PL-991401,0.0,0.0,TER-009,True,True,0.0,False,
LQ-202512-0087,VEH-016,2025-12-25,2025-12-28,RUT-10,HORA_12,1.0,194704.0,194704.0,0.0,194704.0,PL-103887,0.0,0.0,,True,False,0.0,False,
LQ-202604-0111,VEH-028,2026-04-05,2026-04-06,RUT-03,HORA_24,1.0,476655.0,476655.0,0.0,476655.0,PL-930693,2.0,99556.0,,True,False,199112.0,False,
LQ-202607-0128,VEH-014,2026-07-20,2026-07-23,RUT-10,HORA_24,1.0,447478.0,447478.0,0.0,447478.0,PL-797030,0.0,0.0,TER-001,True,True,0.0,False,
LQ-202410-0007,VEH-037,2024-10-13,2024-10-14,RUT-14,HORA_12,1.0,271819.0,271819.0,0.0,271819.0,PL-834549,0.0,0.0,TER-001,True,True,0.0,False,
LQ-202510-0078,VEH-036,2025-10-29,2025-10-30,RUT-05,HORA_24,1.0,472479.0,472479.0,5.16,448099.08,PL-687150,0.0,0.0,,True,False,0.0,False,
LQ-202604-0109,VEH-036,2026-04-23,2026-04-24,RUT-08,HORA_24,1.0,420952.0,420952.0,0.0,420952.0,PL-962645,0.0,0.0,,True,False,0.0,False,
LQ-202510-0075,VEH-016,2025-10-31,2025-10-31,RUT-11,HORA_24,1.0,422214.0,422214.0,0.0,422214.0,PL-555138,0.0,0.0,,True,False,0.0,False,
LQ-202505-0047,VEH-021,2025-05-05,2025-05-05,RUT-01,HORA_24,1.0,543344.0,543344.0,0.0,543344.0,,0.0,0.0,,False,False,0.0,False,
LQ-202503-0036,VEH-036,2025-03-07,2025-03-08,RUT-13,HORA_12,1.0,273725.0,273725.0,3.95,262912.86,PL-846169,0.0,0.0,TER-009,True,True,0.0,False,
LQ-202509-0070,VEH-019,2025-09-11,2025-09-13,RUT-07,HORA_24,1.0,475356.0,475356.0,0.0,475356.0,PL-210905,0.0,0.0,,True,False,0.0,False,
LQ-202605-0114,VEH-012,2026-05-14,2026-05-17,RUT-11,HORA_24,1.0,520312.0,520312.0,0.0,520312.0,PL-753891,0.0,0.0,,True,False,0.0,False,
LQ-202503-0039,VEH-023,2025-03-09,2025-03-09,RUT-03,HORA,6.52,34365.0,224059.8,0.0,224059.8,PL-842479,1.0,103834.0,,True,False,103834.0,False,
LQ-202601-0091,VEH-025,2026-01-30,2026-01-30,RUT-01,KILOMETRO,261.1,3453.0,901578.3,0.0,901578.3,,1.0,80035.0,,False,False,80035.0,False,
LQ-202501-0024,VEH-040,2025-01-10,2025-01-13,RUT-01,HORA_24,1.0,346349.0,346349.0,0.0,346349.0,PL-668784,0.0,0.0,,True,False,0.0,False,
LQ-202411-0016,VEH-011,2024-11-01,2024-11-02,RUT-07,HORA_12,1.0,236991.0,236991.0,3.7,228222.33,PL-241268,0.0,0.0,,True,False,0.0,False,
LQ-202602-0096,VEH-015,2026-02-10,2026-02-12,RUT-11,HORA_24,1.0,495901.0,495901.0,0.0,495901.0,PL-822089,0.0,0.0,,True,False,0.0,False,
LQ-202409-0001,VEH-021,2024-09-19,2024-09-21,RUT-10,HORA_24,1.0,467509.0,467509.0,0.0,467509.0,PL-350280,0.0,0.0,TER-003,True,True,0.0,False,
LQ-202510-0076,VEH-019,2025-10-01,2025-10-03,RUT-10,HORA_24,1.0,429034.0,429034.0,0.0,429034.0,PL-560929,0.0,0.0,,True,False,0.0,False,
LQ-202606-0119,VEH-029,2026-06-01,2026-06-03,RUT-11,HORA_12,1.0,291546.0,291546.0,0.0,291546.0,PL-552018,0.0,0.0,TER-004,True,True,0.0,False,
LQ-202510-0076,VEH-027,2025-10-01,2025-10-02,RUT-09,HORA_12,1.0,239673.0,239673.0,0.0,239673.0,PL-187184,0.0,0.0,,True,False,0.0,False,
LQ-202503-0038,VEH-025,2025-03-05,2025-03-06,RUT-08,HORA_12,1.0,214940.0,214940.0,0.0,214940.0,PL-165431,3.0,97604.0,,True,False,292812.0,False,
LQ-202509-0070,VEH-018,2025-09-02,2025-09-02,RUT-03,HORA,15.24,28080.0,427939.2,0.0,427939.2,PL-849096,0.0,0.0,,True,False,0.0,False,
LQ-202511-0083,VEH-013,2025-11-14,2025-11-17,RUT-01,HORA_12,1.0,268983.0,268983.0,0.0,268983.0,PL-319120,0.0,0.0,,True,False,0.0,False,
LQ-202602-0097,VEH-005,2026-02-02,2026-02-05,RUT-15,HORA_24,1.0,491483.0,491483.0,0.0,491483.0,PL-145802,0.0,0.0,,True,False,0.0,False,
LQ-202412-0023,VEH-027,2024-12-25,2024-12-25,RUT-04,KILOMETRO,256.91,3115.0,800274.65,0.0,800274.65,,1.0,69485.0,,False,False,69485.0,False,
LQ-202412-0022,VEH-037,2024-12-27,2024-12-30,RUT-13,HORA_24,1.0,401022.0,401022.0,0.0,401022.0,,0.0,0.0,TER-004,False,True,0.0,False,
LQ-202608-0129,VEH-024,2026-08-21,2026-08-21,RUT-08,HORA,5.6,33122.0,185483.2,0.0,185483.2,PL-955954,0.0,0.0,TER-005,True,True,0.0,False,
LQ-202607-0125,VEH-035,2026-07-24,2026-07-27,RUT-10,HORA_12,1.0,319898.0,319898.0,4.94,304095.04,PL-492284,0.0,0.0,,True,False,0.0,False,
LQ-202512-0085,VEH-039,2025-12-27,2025-12-27,RUT-12,KILOMETRO,403.85,2871.0,1159453.35,0.0,1159453.35,PL-174755,0.0,0.0,,True,False,0.0,False,
LQ-202502-0032,VEH-031,2025-02-12,2025-02-15,RUT-02,HORA_12,1.0,240164.0,240164.0,0.0,240164.0,PL-790318,0.0,0.0,,True,False,0.0,False,
LQ-202501-0025,VEH-003,2025-01-03,2025-01-03,RUT-02,HORA,10.7,27079.0,289745.3,6.17,271868.01,,2.0,81869.0,TER-011,False,True,163738.0,False,
LQ-202505-0052,VEH-037,2025-05-17,2025-05-18,RUT-12,HORA_24,1.0,454426.0,454426.0,0.0,454426.0,PL-304054,0.0,0.0,,True,False,0.0,False,
LQ-202510-0075,VEH-037,2025-10-22,2025-10-25,RUT-05,HORA_12,1.0,262463.0,262463.0,0.0,262463.0,PL-398033,3.0,104832.0,,True,False,314496.0,False,
LQ-202606-0119,VEH-024,2026-06-22,2026-06-22,RUT-14,HORA,12.46,39233.0,488843.18,0.0,488843.18,PL-961782,0.0,0.0,,True,False,0.0,False,
LQ-202512-0087,VEH-027,2025-12-25,2025-12-27,RUT-13,HORA_24,1.0,311304.0,311304.0,0.0,311304.0,PL-244409,0.0,0.0,,True,False,0.0,False,
LQ-202501-0025,VEH-017,2025-01-20,2025-01-22,RUT-02,HORA_12,1.0,216606.0,216606.0,0.0,216606.0,PL-758501,0.0,0.0,,True,False,0.0,False,
LQ-202608-0134,VEH-029,2026-08-17,2026-08-19,RUT-05,HORA_24,1.0,443228.0,443228.0,0.0,443228.0,PL-165310,2.0,103460.0,TER-008,True,True,206920.0,False,
LQ-202605-0116,VEH-018,2026-05-24,2026-05-24,RUT-12,HORA_24,1.0,484011.0,484011.0,0.0,484011.0,PL-497498,0.0,0.0,,True,False,0.0,False,
LQ-202502-0031,VEH-010,2025-02-19,2025-02-19,RUT-06,HORA_12,1.0,234581.0,234581.0,0.0,234581.0,PL-446292,1.0,94848.0,,True,False,94848.0,False,
LQ-202512-0087,VEH-031,2025-12-14,2025-12-14,RUT-02,HORA_24,1.0,333494.0,333494.0,0.0,333494.0,PL-129650,2.0,72264.0,,True,False,144528.0,False,
LQ-202410-0007,VEH-031,2024-10-23,2024-10-23,RUT-01,HORA,5.12,30830.0,157849.6,0.0,157849.6,PL-651002,2.0,100800.0,,True,False,201600.0,False,
LQ-202501-0027,VEH-007,2025-01-23,2025-01-26,RUT-07,HORA_24,1.0,376399.0,376399.0,0.0,376399.0,PL-684056,0.0,0.0,TER-006,True,True,0.0,False,
LQ-202502-0034,VEH-012,2025-02-13,2025-02-14,RUT-02,HORA_24,1.0,464247.0,464247.0,0.0,464247.0,,1.0,89157.0,,False,False,89157.0,False,
LQ-202508-0065,VEH-035,2025-08-30,2025-08-30,RUT-09,HORA,6.76,35461.0,239716.36,0.0,239716.36,PL-244955,0.0,0.0,TER-002,True,True,0.0,False,
LQ-202507-0061,VEH-008,2025-07-25,2025-07-26,RUT-01,HORA_24,1.0,481767.0,481767.0,0.0,481767.0,PL-510702,1.0,102296.0,TER-009,True,True,102296.0,False,
LQ-202411-0013,VEH-007,2024-11-19,2024-11-19,RUT-03,HORA_24,1.0,396533.0,396533.0,0.0,396533.0,PL-923914,0.0,0.0,TER-009,True,True,0.0,False,
LQ-202409-0006,VEH-028,2024-09-30,2024-09-30,RUT-11,KILOMETRO,183.66,4439.0,815266.74,0.0,815266.74,PL-633188,0.0,0.0,,True,False,0.0,False,
LQ-202411-0017,VEH-007,2024-11-13,2024-11-13,RUT-15,HORA_24,1.0,390385.0,390385.0,0.0,390385.0,PL-685766,0.0,0.0,TER-005,True,True,0.0,False,
LQ-202603-0102,VEH-040,2026-03-01,2026-03-01,RUT-08,KILOMETRO,285.56,5034.0,1437509.04,0.0,1437509.04,,0.0,0.0,,False,False,0.0,False,
LQ-202506-0054,VEH-020,2025-06-23,2025-06-23,RUT-14,HORA,6.96,39377.0,274063.92,0.0,274063.92,PL-478471,0.0,0.0,,True,False,0.0,False,
LQ-202607-0126,VEH-018,2026-07-14,2026-07-14,RUT-03,HORA,4.26,33838.0,144149.88,0.0,144149.88,PL-913225,3.0,106388.0,,True,False,319164.0,False,
LQ-202504-0044,VEH-040,2025-04-28,2025-04-30,RUT-13,HORA_24,1.0,449185.0,449185.0,0.0,449185.0,,0.0,0.0,,False,False,0.0,False,
LQ-202605-0117,VEH-011,2026-05-27,2026-05-27,RUT-09,HORA,3.37,33632.0,113339.84,3.41,109474.95,PL-525909,0.0,0.0,,True,False,0.0,False,
LQ-202505-0047,VEH-033,2025-05-04,2025-05-05,RUT-08,HORA_24,1.0,493658.0,493658.0,0.0,493658.0,PL-593361,0.0,0.0,,True,False,0.0,False,
LQ-202511-0079,VEH-016,2025-11-02,2025-11-02,RUT-01,HORA,9.38,33681.0,315927.78,2.98,306513.13,PL-931813,2.0,97843.0,TER-012,True,True,195686.0,False,
LQ-202604-0112,VEH-032,2026-04-30,2026-04-30,RUT-05,HORA,5.78,31570.0,182474.6,0.0,182474.6,PL-529855,1.0,105910.0,,True,False,105910.0,False,
LQ-202512-0088,VEH-040,2025-12-05,2025-12-05,RUT-01,HORA,5.3,25971.0,137646.3,0.0,137646.3,PL-363166,1.0,76877.0,TER-011,True,True,76877.0,False,
LQ-202507-0059,VEH-033,2025-07-01,2025-07-02,RUT-03,HORA_24,1.0,497706.0,497706.0,0.0,497706.0,PL-773068,3.0,108826.0,,True,False,326478.0,False,
LQ-202507-0063,VEH-017,2025-07-30,2025-07-30,RUT-10,KILOMETRO,393.04,4343.0,1706972.72,6.82,1590557.18,PL-183473,0.0,0.0,,True,False,0.0,False,
LQ-202602-0099,VEH-024,2026-02-19,2026-02-20,RUT-05,HORA_12,1.0,244999.0,244999.0,0.0,244999.0,PL-740361,0.0,0.0,,True,False,0.0,False,
LQ-202602-0101,VEH-023,2026-02-12,2026-02-12,RUT-02,HORA,8.47,34663.0,293595.61,0.0,293595.61,PL-356951,1.0,92723.0,,True,False,92723.0,False,
LQ-202603-0105,VEH-010,2026-03-19,2026-03-20,RUT-02,HORA_24,1.0,465992.0,465992.0,4.66,444276.77,PL-676411,0.0,0.0,,True,False,0.0,False,
LQ-202608-0132,VEH-018,2026-08-26,2026-08-28,RUT-14,HORA_24,1.0,501192.0,501192.0,0.0,501192.0,PL-468934,0.0,0.0,,True,False,0.0,False,
LQ-202512-0084,VEH-038,2025-12-06,2025-12-08,RUT-05,HORA_12,1.0,202598.0,202598.0,0.0,202598.0,PL-194397,0.0,0.0,,True,False,0.0,False,
LQ-202412-0021,VEH-006,2024-12-30,2024-12-30,RUT-02,HORA,7.02,23614.0,165770.28,0.0,165770.28,PL-952336,1.0,69485.0,,True,False,69485.0,False,
LQ-202604-0108,VEH-036,2026-04-14,2026-04-17,RUT-03,HORA_24,1.0,454480.0,454480.0,0.0,454480.0,PL-147682,0.0,0.0,,True,False,0.0,False,
LQ-202508-0064,VEH-003,2025-08-27,2025-08-27,RUT-13,KILOMETRO,322.35,3577.0,1153045.95,0.0,1153045.95,PL-311807,0.0,0.0,TER-005,True,True,0.0,False,
LQ-202603-0107,VEH-008,2026-03-10,2026-03-12,RUT-02,HORA_24,1.0,534722.0,534722.0,0.5,532048.39,,0.0,0.0,TER-003,False,True,0.0,False,
LQ-202601-0094,VEH-001,2026-01-22,2026-01-23,RUT-06,HORA_24,1.0,428945.0,428945.0,0.0,428945.0,PL-742643,0.0,0.0,,True,False,0.0,False,
LQ-202608-0131,VEH-021,2026-08-31,2026-08-31,RUT-13,HORA_24,1.0,498430.0,498430.0,0.0,498430.0,PL-148218,0.0,0.0,,True,False,0.0,False,
LQ-202409-0002,VEH-007,2024-09-24,2024-09-24,RUT-14,HORA,3.87,28184.0,109072.08,0.0,109072.08,PL-501124,0.0,0.0,,True,False,0.0,False,
LQ-202411-0017,VEH-029,2024-11-15,2024-11-17,RUT-15,HORA_24,1.0,396992.0,396992.0,0.0,396992.0,PL-534098,0.0,0.0,TER-001,True,True,0.0,False,
LQ-202604-0111,VEH-013,2026-04-14,2026-04-17,RUT-13,HORA_12,1.0,260165.0,260165.0,8.55,237920.89,PL-228103,0.0,0.0,,True,False,0.0,False,
LQ-202601-0091,VEH-004,2026-01-10,2026-01-10,RUT-06,HORA,6.45,25923.0,167203.35,0.0,167203.35,PL-319707,0.0,0.0,,True,False,0.0,False,
LQ-202604-0111,VEH-013,2026-04-23,2026-04-25,RUT-01,HORA_24,1.0,454597.0,454597.0,0.0,454597.0,PL-724756,2.0,99556.0,,True,False,199112.0,False,
LQ-202504-0041,VEH-015,2025-04-07,2025-04-09,RUT-04,HORA_12,1.0,268430.0,268430.0,0.0,268430.0,PL-310965,0.0,0.0,,True,False,0.0,False,
LQ-202602-0101,VEH-022,2026-02-23,2026-02-23,RUT-03,HORA_24,1.0,465092.0,465092.0,0.0,465092.0,PL-752862,0.0,0.0,,True,False,0.0,False,
LQ-202608-0129,VEH-010,2026-08-08,2026-08-11,RUT-05,HORA_24,1.0,514990.0,514990.0,0.0,514990.0,PL-471300,0.0,0.0,,True,False,0.0,False,
LQ-202412-0022,VEH-008,2024-12-20,2024-12-22,RUT-03,HORA_24,1.0,357749.0,357749.0,0.0,357749.0,PL-733152,3.0,73920.0,TER-010,True,True,221760.0,False,
LQ-202511-0079,VEH-001,2025-11-14,2025-11-16,RUT-09,HORA_12,1.0,2474210.0,2474210.0,0.0,2474210.0,PL-276341,0.0,0.0,TER-003,True,True,0.0,True,tarifa fuera de rango
LQ-202410-0008,VEH-026,2024-10-18,2024-10-21,RUT-01,HORA_24,1.0,460527.0,460527.0,0.0,460527.0,PL-366817,1.0,94752.0,,True,False,94752.0,False,
LQ-202503-0038,VEH-040,2025-03-01,2025-03-02,RUT-14,HORA_12,1.0,283109.0,283109.0,0.5,281693.46,,0.0,0.0,,False,False,0.0,False,
LQ-202608-0133,VEH-020,2026-08-30,2026-08-30,RUT-07,HORA_12,1.0,295511.0,295511.0,0.0,295511.0,PL-320580,0.0,0.0,,True,False,0.0,False,
LQ-202604-0111,VEH-014,2026-04-22,2026-04-22,RUT-07,HORA_12,1.0,260753.0,260753.0,0.0,260753.0,PL-421475,0.0,0.0,,True,False,0.0,False,
LQ-202504-0045,VEH-028,2025-04-26,2025-04-26,RUT-08,HORA,11.35,32239.0,365912.65,0.0,365912.65,PL-866461,0.0,0.0,,True,False,0.0,False,
LQ-202608-0134,VEH-007,2026-08-23,2026-08-23,RUT-12,KILOMETRO,354.11,4262.0,1509216.82,1.95,1479787.09,PL-788031,0.0,0.0,,True,False,0.0,False,
LQ-202508-0065,VEH-014,2025-08-14,2025-08-17,RUT-08,HORA_12,1.0,302230.0,302230.0,0.0,302230.0,PL-226349,0.0,0.0,,True,False,0.0,False,
LQ-202603-0103,VEH-011,2026-03-05,2026-03-06,RUT-13,HORA_24,1.0,513115.0,513115.0,0.0,513115.0,PL-179229,0.0,0.0,TER-011,True,True,0.0,False,
LQ-202608-0130,VEH-024,2026-08-06,2026-08-06,RUT-13,KILOMETRO,321.37,3931.0,1263305.47,0.0,1263305.47,PL-736000,0.0,0.0,,True,False,0.0,False,
LQ-202512-0087,VEH-038,2025-12-19,2025-12-19,RUT-05,HORA,5.9,251467.0,1483655.3,0.0,1483655.3,PL-319011,2.0,72264.0,TER-004,True,True,144528.0,True,tarifa fuera de rango
LQ-202410-0010,VEH-019,2024-10-09,2024-10-10,RUT-09,HORA_12,1.0,250182.0,250182.0,0.0,250182.0,PL-700556,0.0,0.0,TER-009,True,True,0.0,False,
LQ-202602-0101,VEH-033,2026-02-01,2026-02-01,RUT-08,HORA,13.27,30763.0,408225.01,0.0,408225.01,PL-896015,0.0,0.0,,True,False,0.0,False,
LQ-202601-0090,VEH-018,2026-01-31,2026-01-31,RUT-08,HORA_24,1.0,401083.0,401083.0,0.0,401083.0,,0.0,0.0,TER-003,False,True,0.0,False,
LQ-202501-0025,VEH-028,2025-01-15,2025-01-16,RUT-14,HORA_24,12.43,394373.0,4902056.39,0.0,4902056.39,PL-297955,0.0,0.0,,True,False,0.0,True,cantidad fuera de rango
LQ-202510-0073,VEH-003,2025-10-28,2025-10-28,RUT-03,HORA,12.44,32487.0,404138.28,0.0,404138.28,PL-416430,1.0,104832.0,TER-007,True,True,104832.0,False,
LQ-202502-0032,VEH-026,2025-02-04,2025-02-04,RUT-13,HORA,2.7,26779.0,72303.3,3.37,69866.68,PL-860448,0.0,0.0,,True,False,0.0,False,
LQ-202604-0110,VEH-011,2026-04-05,2026-04-05,RUT-09,KILOMETRO,288.97,5126.0,1481260.22,0.0,1481260.22,PL-938201,0.0,0.0,TER-008,True,True,0.0,False,
LQ-202506-0053,VEH-007,2025-06-21,2025-06-21,RUT-08,KILOMETRO,310.67,4452.0,1383102.84,0.0,1383102.84,PL-742321,0.0,0.0,TER-012,True,True,0.0,False,
LQ-202601-0091,VEH-035,2026-01-28,2026-01-28,RUT-07,HORA,6.47,23969.0,155079.43,0.0,155079.43,PL-134582,0.0,0.0,,True,False,0.0,False,
LQ-202602-0096,VEH-010,2026-02-24,2026-02-24,RUT-02,HORA_12,1.0,236597.0,236597.0,0.0,236597.0,PL-264344,3.0,98642.0,TER-009,True,True,295926.0,False,
LQ-202505-0047,VEH-035,2025-05-17,2025-05-17,RUT-06,HORA_24,1.0,543007.0,543007.0,0.0,543007.0,PL-183306,0.0,0.0,,True,False,0.0,False,
LQ-202604-0112,VEH-022,2026-04-09,2026-04-11,RUT-15,HORA_12,1.0,335363.0,335363.0,0.0,335363.0,PL-708837,0.0,0.0,,True,False,0.0,False,
LQ-202412-0019,VEH-040,2024-12-09,2024-12-10,RUT-01,HORA_12,1.0,210991.0,210991.0,7.26,195673.05,PL-384459,3.0,69485.0,TER-011,True,True,208455.0,False,
LQ-202607-0125,VEH-019,2026-07-24,2026-07-24,RUT-08,HORA,9.51,36413.0,346287.63,0.0,346287.63,,0.0,0.0,,False,False,0.0,False,
LQ-202510-0074,VEH-028,2025-10-30,2025-10-30,RUT-11,HORA_24,1.0,462164.0,462164.0,0.0,462164.0,PL-669838,0.0,0.0,,True,False,0.0,False,
LQ-202605-0115,VEH-025,2026-05-01,2026-05-03,RUT-06,HORA_24,1.0,5338897.0,5338897.0,0.0,5338897.0,PL-240513,0.0,0.0,,True,False,0.0,True,tarifa fuera de rango
LQ-202511-0083,VEH-008,2025-11-22,2025-11-22,RUT-08,HORA_24,1.0,383773.0,383773.0,0.0,383773.0,PL-818366,0.0,0.0,,True,False,0.0,False,
LQ-202512-0084,VEH-024,2025-12-15,2025-12-15,RUT-10,HORA,4.64,20530.0,95259.2,0.0,95259.2,PL-389873,0.0,0.0,,True,False,0.0,False,
LQ-202410-0010,VEH-006,2024-10-19,2024-10-21,RUT-03,HORA_24,1.0,420115.0,420115.0,0.0,420115.0,PL-522419,1.0,94752.0,,True,False,94752.0,False,
LQ-202505-0051,VEH-004,2025-05-11,2025-05-13,RUT-03,HORA_12,1.0,312981.0,312981.0,0.0,312981.0,PL-510320,1.0,107827.0,,True,False,107827.0,False,
LQ-202411-0016,VEH-027,2024-11-08,2024-11-08,RUT-13,HORA_24,1.0,466319.0,466319.0,0.0,466319.0,PL-370328,0.0,0.0,TER-012,True,True,0.0,False,
LQ-202501-0028,VEH-008,2025-01-28,2025-01-28,RUT-14,HORA_24,1.0,380843.0,380843.0,0.0,380843.0,PL-747561,0.0,0.0,TER-009,True,True,0.0,False,
LQ-202608-0130,VEH-007,2026-08-15,2026-08-18,RUT-04,HORA_24,1.0,489090.0,489090.0,0.0,489090.0,PL-236502,0.0,0.0,,True,False,0.0,False,
LQ-202409-0003,VEH-027,2024-09-27,2024-09-27,RUT-09,HORA_24,1.0,516547.0,516547.0,0.0,516547.0,PL-156837,0.0,0.0,TER-006,True,True,0.0,False,
LQ-202504-0043,VEH-012,2025-04-22,2025-04-22,RUT-04,HORA,6.0,38961.0,233766.0,0.0,233766.0,PL-869194,2.0,101837.0,,True,False,203674.0,False,
LQ-202608-0133,VEH-031,2026-08-17,2026-08-20,RUT-11,HORA_24,1.0,494916.0,494916.0,0.0,494916.0,PL-211593,0.0,0.0,TER-004,True,True,0.0,False,
LQ-202505-0050,VEH-016,2025-05-14,2025-05-14,RUT-05,HORA,9.04,34377.0,310768.08,0.0,310768.08,PL-435706,0.0,0.0,,True,False,0.0,False,
LQ-202601-0090,VEH-024,2026-01-29,2026-01-30,RUT-11,HORA_12,1.0,233005.0,233005.0,0.0,233005.0,PL-285961,0.0,0.0,,True,False,0.0,False,
LQ-202510-0076,VEH-038,2025-10-09,2025-10-11,RUT-07,HORA_12,1.0,263652.0,263652.0,3.84,253527.76,PL-928686,0.0,0.0,TER-001,True,True,0.0,False,
LQ-202504-0043,VEH-018,2025-04-21,2025-04-21,RUT-07,HORA,8.9,35100.0,312390.0,0.0,312390.0,PL-189041,0.0,0.0,TER-009,True,True,0.0,False,
LQ-202502-0032,VEH-007,2025-02-11,2025-02-11,RUT-02,HORA_24,1.0,377783.0,377783.0,0.0,377783.0,,3.0,89157.0,TER-001,False,True,267471.0,False,
LQ-202604-0108,VEH-004,2026-04-01,2026-04-02,RUT-08,HORA_12,1.0,291108.0,291108.0,0.0,291108.0,PL-578145,0.0,0.0,,True,False,0.0,False,
LQ-202510-0077,VEH-020,2025-10-31,2025-10-31,RUT-04,HORA_24,1.0,484278.0,484278.0,0.0,484278.0,PL-240929,0.0,0.0,,True,False,0.0,False,
LQ-202606-0120,VEH-004,2026-06-24,2026-06-24,RUT-02,HORA_24,1.0,499609.0,499609.0,0.0,499609.0,PL-845070,2.0,115255.0,,True,False,230510.0,False,
LQ-202509-0068,VEH-030,2025-09-30,2025-09-30,RUT-06,KILOMETRO,375.68,4657.0,1749541.76,0.0,1749541.76,PL-478752,0.0,0.0,,True,False,0.0,False,
LQ-202412-0020,VEH-040,2024-12-17,2024-12-20,RUT-08,HORA_12,1.0,188461.0,188461.0,0.0,188461.0,PL-344026,0.0,0.0,,True,False,0.0,False,
LQ-202411-0016,VEH-019,2024-11-28,2024-11-28,RUT-12,HORA_12,1.0,274106.0,274106.0,0.0,274106.0,PL-925115,0.0,0.0,,True,False,0.0,False,
LQ-202607-0128,VEH-007,2026-07-11,2026-07-11,RUT-09,HORA,4.99,39908.0,199140.92,0.0,199140.92,PL-904500,0.0,0.0,,True,False,0.0,False,
LQ-202410-0011,VEH-001,2024-10-29,2024-10-29,RUT-02,HORA_24,1.0,480181.0,480181.0,0.0,480181.0,PL-356430,1.0,100800.0,TER-006,True,True,100800.0,False,
LQ-202512-0086,VEH-015,2025-12-31,2025-12-31,RUT-06,HORA_24,1.0,348019.0,348019.0,0.0,348019.0,PL-812392,0.0,0.0,,True,False,0.0,False,
LQ-202504-0044,VEH-038,2025-04-29,2025-04-29,RUT-06,HORA,6.81,26623.0,181302.63,0.0,181302.63,PL-857213,0.0,0.0,,True,False,0.0,False,
LQ-202507-0062,VEH-020,2025-07-18,2025-07-18,RUT-07,HORA,8.69,38171.0,331705.99,0.0,331705.99,PL-991041,0.0,0.0,,True,False,0.0,False,
LQ-202510-0076,VEH-028,2025-10-05,2025-10-05,RUT-05,HORA_24,1.0,452081.0,452081.0,0.0,452081.0,PL-685761,2.0,98542.0,,True,False,197084.0,False,
LQ-202411-0016,VEH-005,2024-11-15,2024-11-15,RUT-09,KILOMETRO,309.27,3928.0,1214812.56,0.0,1214812.56,PL-362865,0.0,0.0,TER-012,True,True,0.0,False,
LQ-202512-0085,VEH-004,2025-12-22,2025-12-24,RUT-08,HORA_12,1.0,202544.0,202544.0,0.0,202544.0,PL-620304,0.0,0.0,,True,False,0.0,False,
LQ-202502-0033,VEH-010,2025-02-06,2025-02-07,RUT-11,HORA_24,1.0,431958.0,431958.0,0.0,431958.0,PL-319955,0.0,0.0,TER-012,True,True,0.0,False,
LQ-202501-0026,VEH-025,2025-01-02,2025-01-02,RUT-12,HORA_24,1.0,407308.0,407308.0,0.0,407308.0,PL-733952,1.0,76957.0,,True,False,76957.0,False,
LQ-202601-0092,VEH-027,2026-01-02,2026-01-02,RUT-15,HORA_24,1.0,415270.0,415270.0,0.0,415270.0,,0.0,0.0,,False,False,0.0,False,
LQ-202508-0065,VEH-009,2025-08-29,2025-08-29,RUT-03,KILOMETRO,263.29,4791.0,1261422.39,0.0,1261422.39,PL-127584,0.0,0.0,TER-001,True,True,0.0,False,
LQ-202602-0101,VEH-022,2026-02-24,2026-02-24,RUT-09,HORA,6.5,33818.0,219817.0,0.0,219817.0,PL-498456,0.0,0.0,,True,False,0.0,False,
LQ-202502-0030,VEH-032,2025-02-05,2025-02-05,RUT-14,HORA,5.17,31118.0,160880.06,0.0,160880.06,PL-319401,0.0,0.0,,True,False,0.0,False,
LQ-202607-0126,VEH-039,2026-07-05,2026-07-05,RUT-01,HORA,9.8,31035.0,304143.0,0.0,304143.0,PL-938991,0.0,0.0,,True,False,0.0,False,
LQ-202603-0103,VEH-005,2026-03-09,2026-03-09,RUT-02,HORA,9.99,36846.0,368091.54,0.0,368091.54,PL-373715,1.0,101508.0,,True,False,101508.0,False,
LQ-202605-0116,VEH-028,2026-05-27,2026-05-27,RUT-08,HORA,9.1,41786.0,380252.6,0.0,380252.6,PL-236766,0.0,0.0,,True,False,0.0,False,
LQ-202412-0018,VEH-009,2024-12-05,2024-12-05,RUT-10,HORA_12,1.0,183106.0,183106.0,3.96,175855.0,PL-377860,0.0,0.0,,True,False,0.0,False,
LQ-202603-0106,VEH-026,2026-03-04,2026-03-04,RUT-04,HORA_24,1.0,506386.0,506386.0,0.0,506386.0,PL-425833,1.0,107987.0,,True,False,107987.0,False,
LQ-202503-0039,VEH-013,2025-03-26,2025-03-29,RUT-12,HORA_24,1.0,540264.0,540264.0,0.0,540264.0,PL-362241,0.0,0.0,TER-011,True,True,0.0,False,
LQ-202602-0100,VEH-003,2026-02-07,2026-02-07,RUT-13,HORA_24,1.0,485736.0,485736.0,0.0,485736.0,PL-698711,1.0,98642.0,,True,False,98642.0,False,
LQ-202608-0129,VEH-007,2026-08-25,2026-08-28,RUT-06,HORA_12,1.0,272563.0,272563.0,0.0,272563.0,PL-818714,0.0,0.0,,True,False,0.0,False,
LQ-202508-0065,VEH-035,2025-08-01,2025-08-01,RUT-01,KILOMETRO,339.84,4632.0,1574138.88,0.0,1574138.88,PL-905592,1.0,105830.0,,True,False,105830.0,False,
LQ-202509-0070,VEH-033,2025-09-07,2025-09-07,RUT-12,HORA_24,1.0,457109.0,457109.0,0.0,457109.0,PL-198080,0.0,0.0,,True,False,0.0,False,
LQ-202507-0061,VEH-003,2025-07-05,2025-07-05,RUT-05,HORA,10.0,36482.0,364820.0,0.0,364820.0,PL-969880,3.0,102296.0,,True,False,306888.0,False,
LQ-202601-0094,VEH-002,2026-01-10,2026-01-13,RUT-02,HORA_12,1.0,221408.0,221408.0,0.0,221408.0,,3.0,85144.0,,False,False,255432.0,False,
LQ-202409-0003,VEH-036,2024-09-21,2024-09-24,RUT-08,HORA_12,1.0,271111.0,271111.0,0.0,271111.0,PL-237377,0.0,0.0,,True,False,0.0,False,
LQ-202409-0001,VEH-030,2024-09-20,2024-09-20,RUT-07,HORA,8.68,29877.0,259332.36,6.34,242890.69,PL-654816,0.0,0.0,TER-009,True,True,0.0,False,
LQ-202604-0108,VEH-018,2026-04-09,2026-04-09,RUT-10,KILOMETRO,146.63,4294.0,629629.22,0.0,629629.22,PL-128648,0.0,0.0,TER-008,True,True,0.0,False,
LQ-202603-0106,VEH-010,2026-03-05,2026-03-05,RUT-14,KILOMETRO,320.13,4932.0,1578881.16,0.0,1578881.16,PL-134658,0.0,0.0,TER-010,True,True,0.0,False,
LQ-202606-0120,VEH-008,2026-06-24,2026-06-25,RUT-05,HORA_24,1.0,580693.0,580693.0,0.0,580693.0,PL-170892,2.0,115255.0,,True,False,230510.0,False,
LQ-202409-0006,VEH-031,2024-09-15,2024-09-15,RUT-13,HORA,10.47,31642.0,331291.74,0.0,331291.74,PL-975679,0.0,0.0,TER-011,True,True,0.0,False,
LQ-202507-0062,VEH-007,2025-07-22,2025-07-24,RUT-04,HORA_24,1.0,492719.0,492719.0,0.0,492719.0,,3.0,108826.0,,False,False,326478.0,False,
LQ-202606-0119,VEH-018,2026-06-12,2026-06-12,RUT-14,HORA_12,1.0,329242.0,329242.0,0.0,329242.0,PL-181971,0.0,0.0,,True,False,0.0,False,
LQ-202605-0117,VEH-024,2026-05-15,2026-05-15,RUT-04,HORA_24,1.0,489832.0,489832.0,0.0,489832.0,PL-889306,0.0,0.0,,True,False,0.0,False,
LQ-202606-0118,VEH-001,2026-06-11,2026-06-13,RUT-04,HORA_12,17.94,330610.0,5931143.4,0.0,5931143.4,PL-414210,2.0,115255.0,,True,False,230510.0,True,cantidad fuera de rango
LQ-202607-0126,VEH-013,2026-07-23,2026-07-23,RUT-05,HORA_24,1.0,499905.0,499905.0,0.0,499905.0,PL-934558,0.0,0.0,TER-002,True,True,0.0,False,
LQ-202507-0060,VEH-039,2025-07-29,2025-07-31,RUT-13,HORA_24,1.0,508168.0,508168.0,7.49,470106.22,PL-127096,0.0,0.0,,True,False,0.0,False,
LQ-202509-0069,VEH-006,2025-09-28,2025-09-30,RUT-03,HORA_24,1.0,489027.0,489027.0,0.0,489027.0,,3.0,102835.0,TER-002,False,True,308505.0,False,
LQ-202606-0120,VEH-001,2026-06-08,2026-06-09,RUT-06,HORA_24,1.0,555214.0,555214.0,0.0,555214.0,PL-374722,0.0,0.0,,True,False,0.0,False,
LQ-202410-0007,VEH-039,2024-10-19,2024-10-19,RUT-04,KILOMETRO,319.89,4691.0,1500603.99,0.0,1500603.99,PL-983791,2.0,100800.0,,True,False,201600.0,False,
LQ-202602-0099,VEH-008,2026-02-27,2026-02-28,RUT-02,HORA_24,1.0,379313.0,379313.0,0.0,379313.0,PL-941553,2.0,92723.0,,True,False,185446.0,False,
LQ-202510-0076,VEH-006,2025-10-28,2025-10-29,RUT-02,HORA_24,19.96,396721.0,7918551.16,0.0,7918551.16,PL-243843,2.0,98542.0,TER-012,True,True,197084.0,True,cantidad fuera de rango
LQ-202511-0083,VEH-005,2025-11-25,2025-11-26,RUT-07,HORA_12,1.0,242498.0,242498.0,0.0,242498.0,PL-485606,0.0,0.0,,True,False,0.0,False,
LQ-202412-0021,VEH-014,2024-12-23,2024-12-26,RUT-06,HORA_24,1.0,352328.0,352328.0,0.0,352328.0,PL-794668,0.0,0.0,TER-003,True,True,0.0,False,
LQ-202509-0067,VEH-004,2025-09-16,2025-09-16,RUT-15,HORA,10.04,29273.0,293900.92,0.0,293900.92,PL-940115,3.0,102835.0,,True,False,308505.0,False,
LQ-202511-0082,VEH-009,2025-11-10,2025-11-11,RUT-03,HORA_24,1.0,486011.0,486011.0,0.0,486011.0,PL-107594,2.0,97843.0,,True,False,195686.0,False,
LQ-202511-0079,VEH-009,2025-11-12,2025-11-12,RUT-09,HORA_24,1.0,477005.0,477005.0,0.0,477005.0,PL-590281,0.0,0.0,TER-006,True,True,0.0,False,
LQ-202503-0035,VEH-008,2025-03-22,2025-03-23,RUT-15,HORA_24,1.0,533170.0,533170.0,0.0,533170.0,,0.0,0.0,TER-005,False,True,0.0,False,
LQ-202608-0134,VEH-017,2026-08-06,2026-08-08,RUT-13,HORA_24,1.0,478754.0,478754.0,0.0,478754.0,PL-329342,0.0,0.0,,True,False,0.0,False,
LQ-202504-0042,VEH-004,2025-04-12,2025-04-12,RUT-15,KILOMETRO,304.27,4334.0,1318706.18,0.0,1318706.18,PL-349739,0.0,0.0,TER-010,True,True,0.0,False,
LQ-202505-0047,VEH-038,2025-05-03,2025-05-03,RUT-02,HORA,5.48,37180.0,203746.4,0.0,203746.4,PL-592696,2.0,107827.0,,True,False,215654.0,False,
LQ-202608-0134,VEH-008,2026-08-03,2026-08-04,RUT-11,HORA_24,1.0,523778.0,523778.0,0.0,523778.0,PL-705604,0.0,0.0,TER-002,True,True,0.0,False,
LQ-202608-0134,VEH-014,2026-08-16,2026-08-16,RUT-05,HORA,9.2,39466.0,363087.2,0.0,363087.2,PL-617954,1.0,103460.0,,True,False,103460.0,False,
LQ-202412-0018,VEH-035,2024-12-09,2024-12-12,RUT-08,HORA_24,19.2,356961.0,6853651.2,0.0,6853651.2,PL-123205,1.0,73920.0,TER-002,True,True,73920.0,True,cantidad fuera de rango
LQ-202505-0047,VEH-034,2025-05-19,2025-05-19,RUT-03,HORA_12,1.0,291500.0,291500.0,0.0,291500.0,PL-525558,0.0,0.0,,True,False,0.0,False,
LQ-202606-0121,VEH-037,2026-06-14,2026-06-15,RUT-14,HORA_24,1.0,540577.0,540577.0,0.0,540577.0,PL-620664,0.0,0.0,TER-007,True,True,0.0,False,
LQ-202501-0028,VEH-028,2025-01-13,2025-01-13,RUT-14,HORA_12,1.0,197613.0,197613.0,0.0,197613.0,,0.0,0.0,,False,False,0.0,False,
LQ-202604-0112,VEH-040,2026-04-20,2026-04-20,RUT-12,HORA,7.39,30659.0,226570.01,0.0,226570.01,PL-253832,0.0,0.0,TER-006,True,True,0.0,False,
LQ-202503-0040,VEH-011,2025-03-08,2025-03-08,RUT-12,HORA,2.79,33520.0,93520.8,0.0,93520.8,PL-296444,0.0,0.0,,True,False,0.0,False,
LQ-202509-0070,VEH-001,2025-09-20,2025-09-21,RUT-11,HORA_24,1.0,434192.0,434192.0,0.0,434192.0,PL-313137,0.0,0.0,,True,False,0.0,False,
LQ-202501-0026,VEH-025,2025-01-01,2025-01-01,RUT-10,HORA,7.67,20907.0,160356.69,0.0,160356.69,PL-202078,0.0,0.0,,True,False,0.0,False,
LQ-202510-0077,VEH-040,2025-10-04,2025-10-04,RUT-02,HORA,6.2,34472.0,213726.4,0.0,213726.4,PL-144656,3.0,104832.0,,True,False,314496.0,False,
LQ-202410-0009,VEH-016,2024-10-29,2024-10-29,RUT-12,HORA,6.41,35979.0,230625.39,0.0,230625.39,PL-699743,0.0,0.0,,True,False,0.0,False,
LQ-202606-0122,VEH-023,2026-06-13,2026-06-16,RUT-08,HORA_24,1.0,478964.0,478964.0,0.0,478964.0,PL-723407,0.0,0.0,,True,False,0.0,False,
LQ-202502-0031,VEH-034,2025-02-08,2025-02-08,RUT-04,HORA,7.12,26958.0,191940.96,0.0,191940.96,PL-715517,1.0,94848.0,,True,False,94848.0,False,
LQ-202603-0107,VEH-020,2026-03-31,2026-03-31,RUT-07,HORA,0.5,34534.0,17267.0,0.0,17267.0,PL-861560,0.0,0.0,,True,False,0.0,False,
LQ-202410-0011,VEH-032,2024-10-09,2024-10-09,RUT-02,HORA_24,1.0,448149.0,448149.0,0.0,448149.0,PL-694423,1.0,100800.0,TER-003,True,True,100800.0,False,
LQ-202606-0122,VEH-003,2026-06-26,2026-06-28,RUT-08,HORA_24,1.0,491785.0,491785.0,0.0,491785.0,PL-910394,0.0,0.0,,True,False,0.0,False,
LQ-202606-0120,VEH-035,2026-06-30,2026-06-30,RUT-07,HORA_12,1.0,271950.0,271950.0,0.0,271950.0,PL-672503,0.0,0.0,,True,False,0.0,False,
LQ-202508-0066,VEH-020,2025-08-11,2025-08-11,RUT-08,HORA_12,1.0,261754.0,261754.0,0.0,261754.0,PL-905312,0.0,0.0,,True,False,0.0,False,
LQ-202608-0130,VEH-016,2026-08-16,2026-08-16,RUT-14,HORA_24,1.0,475795.0,475795.0,0.0,475795.0,PL-216810,0.0,0.0,,True,False,0.0,False,
LQ-202507-0061,VEH-019,2025-07-11,2025-07-11,RUT-12,HORA_24,1.0,512913.0,512913.0,0.0,512913.0,PL-350417,0.0,0.0,TER-004,True,True,0.0,False,
LQ-202509-0067,VEH-013,2025-09-08,2025-09-08,RUT-07,HORA_12,1.0,305141.0,305141.0,0.0,305141.0,PL-134812,0.0,0.0,,True,False,0.0,False,
LQ-202608-0131,VEH-025,2026-08-28,2026-08-30,RUT-04,HORA_12,1.0,344955.0,344955.0,6.72,321774.02,PL-570949,0.0,0.0,TER-001,True,True,0.0,False,
LQ-202511-0080,VEH-020,2025-11-28,2025-11-30,RUT-06,HORA_24,1.0,460566.0,460566.0,0.0,460566.0,PL-861327,0.0,0.0,,True,False,0.0,False,
LQ-202508-0066,VEH-021,2025-08-10,2025-08-10,RUT-10,HORA_12,1.0,243171.0,243171.0,0.0,243171.0,,0.0,0.0,,False,False,0.0,False,
LQ-202409-0002,VEH-038,2024-09-01,2024-09-03,RUT-14,HORA_24,1.0,405208.0,405208.0,0.0,405208.0,PL-736130,0.0,0.0,,True,False,0.0,False,
LQ-202507-0063,VEH-039,2025-07-05,2025-07-05,RUT-03,HORA_24,1.0,460065.0,460065.0,0.0,460065.0,,0.0,0.0,,False,False,0.0,False,
LQ-202601-0092,VEH-001,2026-01-25,2026-01-25,RUT-09,HORA,8.5,28094.0,238799.0,0.0,238799.0,PL-974633,0.0,0.0,,True,False,0.0,False,
LQ-202601-0094,VEH-038,2026-01-26,2026-01-27,RUT-13,HORA_24,1.0,416444.0,416444.0,0.0,416444.0,PL-266634,0.0,0.0,TER-007,True,True,0.0,False,
LQ-202507-0060,VEH-024,2025-07-02,2025-07-02,RUT-03,HORA_24,1.0,489788.0,489788.0,0.0,489788.0,PL-757594,0.0,0.0,,True,False,0.0,False,
LQ-202507-0063,VEH-012,2025-07-31,2025-07-31,RUT-05,HORA,11.37,39755.0,452014.35,0.0,452014.35,PL-578814,2.0,102296.0,,True,False,204592.0,False,
LQ-202510-0076,VEH-039,2025-10-08,2025-10-08,RUT-05,KILOMETRO,164.52,3510.0,577465.2,0.0,577465.2,PL-703551,3.0,98542.0,TER-007,True,True,295626.0,False,
LQ-202603-0107,VEH-017,2026-03-20,2026-03-21,RUT-05,HORA_24,1.0,468070.0,468070.0,0.0,468070.0,,0.0,0.0,,False,False,0.0,False,
LQ-202504-0043,VEH-040,2025-04-07,2025-04-08,RUT-10,HORA_12,1.0,289963.0,289963.0,2.54,282597.94,,0.0,0.0,,False,False,0.0,False,
LQ-202510-0078,VEH-023,2025-10-01,2025-10-02,RUT-07,HORA_12,1.0,261672.0,261672.0,0.0,261672.0,,0.0,0.0,,False,False,0.0,False,
LQ-202409-0001,VEH-012,2024-09-17,2024-09-18,RUT-14,HORA_12,1.0,284089.0,284089.0,4.97,269969.78,PL-171849,0.0,0.0,,True,False,0.0,False,
LQ-202605-0114,VEH-035,2026-05-03,2026-05-03,RUT-14,HORA_24,1.0,501603.0,501603.0,0.0,501603.0,PL-832460,0.0,0.0,TER-009,True,True,0.0,False,
LQ-202508-0065,VEH-019,2025-08-04,2025-08-07,RUT-11,HORA_12,1.0,252389.0,252389.0,0.0,252389.0,PL-207012,0.0,0.0,,True,False,0.0,False,
LQ-202411-0014,VEH-013,2024-11-29,2024-11-29,RUT-01,HORA,6.79,30569.0,207563.51,0.0,207563.51,PL-118786,0.0,0.0,,True,False,0.0,False,
LQ-202501-0028,VEH-009,2025-01-11,2025-01-14,RUT-09,HORA_24,1.0,373783.0,373783.0,0.0,373783.0,PL-645752,0.0,0.0,,True,False,0.0,False,
LQ-202604-0109,VEH-021,2026-04-21,2026-04-21,RUT-09,HORA_24,1.0,523778.0,523778.0,0.0,523778.0,PL-584974,0.0,0.0,,True,False,0.0,False,
LQ-202607-0125,VEH-009,2026-07-03,2026-07-03,RUT-07,HORA_24,1.0,580713.0,580713.0,0.0,580713.0,PL-214016,0.0,0.0,,True,False,0.0,False,
LQ-202512-0085,VEH-036,2025-12-17,2025-12-17,RUT-04,HORA,12.45,23551.0,293209.95,0.0,293209.95,PL-518738,0.0,0.0,,True,False,0.0,False,
LQ-202601-0094,VEH-002,2026-01-13,2026-01-14,RUT-11,HORA_12,1.0,243967.0,243967.0,0.0,243967.0,PL-118313,0.0,0.0,,True,False,0.0,False,
LQ-202503-0037,VEH-008,2025-03-29,2025-03-31,RUT-15,HORA_24,1.0,509238.0,509238.0,0.0,509238.0,PL-615711,0.0,0.0,TER-002,True,True,0.0,False,
LQ-202501-0028,VEH-001,2025-01-28,2025-01-28,RUT-02,HORA,7.23,24334.0,175934.82,0.0,175934.82,PL-357232,0.0,0.0,,True,False,0.0,False,
LQ-202511-0081,VEH-024,2025-11-22,2025-11-22,RUT-10,KILOMETRO,409.11,4347.0,1778401.17,0.0,1778401.17,PL-915184,2.0,91973.0,TER-001,True,True,183946.0,False,
LQ-202506-0053,VEH-029,2025-06-25,2025-06-25,RUT-10,HORA,6.63,36304.0,240695.52,0.0,240695.52,PL-112581,0.0,0.0,,True,False,0.0,False,
LQ-202511-0083,VEH-028,2025-11-30,2025-11-30,RUT-11,HORA_24,1.0,440866.0,440866.0,0.0,440866.0,,0.0,0.0,TER-004,False,True,0.0,False,
LQ-202409-0006,VEH-039,2024-09-15,2024-09-15,RUT-10,HORA_12,1.0,257572.0,257572.0,0.0,257572.0,PL-662093,0.0,0.0,TER-009,True,True,0.0,False,
LQ-202601-0092,VEH-002,2026-01-10,2026-01-10,RUT-10,HORA,8.1,25625.0,207562.5,0.0,207562.5,PL-421731,0.0,0.0,,True,False,0.0,False,
LQ-202506-0054,VEH-032,2025-06-25,2025-06-27,RUT-06,HORA_24,1.0,485414.0,485414.0,0.0,485414.0,PL-808534,0.0,0.0,,True,False,0.0,False,
LQ-202410-0010,VEH-029,2024-10-18,2024-10-18,RUT-06,HORA,12.71,28601.0,363518.71,0.0,363518.71,PL-672892,3.0,94752.0,TER-007,True,True,284256.0,False,
LQ-202608-0133,VEH-023,2026-08-05,2026-08-07,RUT-15,HORA_24,1.0,542831.0,542831.0,8.09,498915.97,PL-603271,0.0,0.0,,True,False,0.0,False,
LQ-202511-0083,VEH-011,2025-11-07,2025-11-08,RUT-10,HORA_12,1.0,237032.0,237032.0,0.0,237032.0,PL-400973,0.0,0.0,,True,False,0.0,False,
LQ-202507-0060,VEH-009,2025-07-18,2025-07-18,RUT-09,HORA_24,1.0,455095.0,455095.0,0.0,455095.0,,0.0,0.0,TER-007,False,True,0.0,False,
LQ-202604-0112,VEH-031,2026-04-17,2026-04-20,RUT-01,HORA_24,1.0,513570.0,513570.0,3.22,497033.05,PL-101231,0.0,0.0,,True,False,0.0,False,
LQ-202606-0121,VEH-020,2026-06-18,2026-06-18,RUT-14,HORA_24,1.0,496547.0,496547.0,0.0,496547.0,PL-287858,0.0,0.0,,True,False,0.0,False,
LQ-202506-0057,VEH-027,2025-06-12,2025-06-15,RUT-09,HORA_12,1.0,265119.0,265119.0,0.0,265119.0,PL-275002,0.0,0.0,,True,False,0.0,False,
LQ-202409-0002,VEH-015,2024-09-07,2024-09-07,RUT-04,HORA,9.09,30857.0,280490.13,0.0,280490.13,PL-333752,2.0,92947.0,TER-004,True,True,185894.0,False,
LQ-202504-0041,VEH-008,2025-04-30,2025-04-30,RUT-09,HORA_24,1.0,455585.0,455585.0,0.0,455585.0,,3.0,101837.0,,False,False,305511.0,False,
LQ-202504-0042,VEH-034,2025-04-16,2025-04-18,RUT-10,HORA_24,1.0,428122.0,428122.0,4.64,408257.14,PL-341734,0.0,0.0,,True,False,0.0,False,
LQ-202606-0119,VEH-019,2026-06-02,2026-06-02,RUT-04,HORA,6.95,31686.0,220217.7,2.32,215108.65,PL-619432,0.0,0.0,TER-011,True,True,0.0,False,
LQ-202503-0038,VEH-030,2025-03-31,2025-03-31,RUT-08,HORA_24,1.0,423265.0,423265.0,0.0,423265.0,PL-532993,0.0,0.0,,True,False,0.0,False,
LQ-202501-0025,VEH-032,2025-01-11,2025-01-11,RUT-13,HORA_24,1.0,420074.0,420074.0,0.0,420074.0,PL-899301,0.0,0.0,,True,False,0.0,False,
LQ-202601-0092,VEH-014,2026-01-12,2026-01-15,RUT-03,HORA_24,1.0,421898.0,421898.0,3.56,406878.43,PL-332388,0.0,0.0,,True,False,0.0,False,
LQ-202605-0115,VEH-012,2026-05-21,2026-05-21,RUT-05,KILOMETRO,272.5,4819.0,1313177.5,1.69,1290984.8,PL-326704,1.0,105412.0,TER-001,True,True,105412.0,False,
LQ-202507-0059,VEH-009,2025-07-20,2025-07-23,RUT-04,HORA_24,1.0,532724.0,532724.0,0.0,532724.0,,2.0,108826.0,,False,False,217652.0,False,
LQ-202410-0008,VEH-035,2024-10-01,2024-10-01,RUT-13,HORA,6.59,31598.0,208230.82,0.0,208230.82,PL-544730,0.0,0.0,,True,False,0.0,False,
LQ-202508-0065,VEH-011,2025-08-29,2025-08-30,RUT-14,HORA_12,1.0,267506.0,267506.0,1.08,264616.94,PL-792852,0.0,0.0,,True,False,0.0,False,
LQ-202507-0060,VEH-014,2025-07-27,2025-07-27,RUT-03,KILOMETRO,298.8,4419.0,1320397.2,0.0,1320397.2,PL-570872,3.0,102296.0,,True,False,306888.0,False,
LQ-202412-0020,VEH-001,2024-12-31,2024-12-31,RUT-03,HORA_24,1.0,348010.0,348010.0,6.57,325145.74,PL-580921,0.0,0.0,,True,False,0.0,False,
LQ-202510-0075,VEH-032,2025-10-18,2025-10-19,RUT-14,HORA_24,1.0,496383.0,496383.0,0.0,496383.0,PL-286851,0.0,0.0,,True,False,0.0,False,
LQ-202503-0039,VEH-038,2025-03-09,2025-03-09,RUT-07,HORA,5.8,704781.0,4087729.8,0.0,4087729.8,PL-583072,0.0,0.0,TER-006,True,True,0.0,True,tarifa fuera de rango
LQ-202511-0082,VEH-038,2025-11-19,2025-11-22,RUT-04,HORA_24,1.0,432046.0,432046.0,0.0,432046.0,,0.0,0.0,TER-012,False,True,0.0,False,
LQ-202601-0094,VEH-023,2026-01-31,2026-01-31,RUT-09,HORA_12,1.0,233718.0,233718.0,0.0,233718.0,PL-770514,0.0,0.0,,True,False,0.0,False,
LQ-202606-0122,VEH-034,2026-06-27,2026-06-30,RUT-01,HORA_24,1.0,514091.0,514091.0,0.0,514091.0,PL-314942,2.0,108340.0,,True,False,216680.0,False,
LQ-202607-0124,VEH-035,2026-07-14,2026-07-14,RUT-07,HORA_12,1.0,293936.0,293936.0,0.0,293936.0,PL-290905,0.0,0.0,,True,False,0.0,False,
LQ-202603-0104,VEH-017,2026-03-05,2026-03-06,RUT-13,HORA_24,1.0,480671.0,480671.0,0.0,480671.0,,0.0,0.0,,False,False,0.0,False,
LQ-202603-0106,VEH-023,2026-03-16,2026-03-19,RUT-12,HORA_24,1.0,519068.0,519068.0,0.0,519068.0,PL-361301,0.0,0.0,,True,False,0.0,False,
LQ-202507-0061,VEH-018,2025-07-13,2025-07-16,RUT-03,HORA_24,1.0,555394.0,555394.0,0.0,555394.0,PL-636538,1.0,102296.0,TER-006,True,True,102296.0,False,
LQ-202603-0106,VEH-005,2026-03-10,2026-03-10,RUT-11,HORA,3.62,35070.0,126953.4,0.0,126953.4,PL-182518,0.0,0.0,,True,False,0.0,False,
LQ-202410-0008,VEH-025,2024-10-23,2024-10-23,RUT-06,HORA,4.66,30172.0,140601.52,0.0,140601.52,PL-292811,0.0,0.0,,True,False,0.0,False,
LQ-202605-0116,VEH-004,2026-05-17,2026-05-18,RUT-13,HORA_24,1.0,593061.0,593061.0,0.0,593061.0,PL-709149,0.0,0.0,,True,False,0.0,False,
LQ-202409-0002,VEH-001,2024-09-23,2024-09-26,RUT-12,HORA_12,1.0,260613.0,260613.0,0.0,260613.0,PL-887443,0.0,0.0,,True,False,0.0,False,
LQ-202412-0022,VEH-006,2024-12-12,2024-12-12,RUT-12,HORA_12,1.0,211968.0,211968.0,0.0,211968.0,PL-248989,0.0,0.0,,True,False,0.0,False,
LQ-202504-0044,VEH-017,2025-04-21,2025-04-23,RUT-01,HORA_12,1.0,269596.0,269596.0,0.0,269596.0,PL-387492,3.0,95727.0,,True,False,287181.0,False,
LQ-202509-0071,VEH-009,2025-09-10,2025-09-10,RUT-02,HORA,7.65,31164.0,238404.6,0.0,238404.6,,2.0,102835.0,,False,False,205670.0,False,
LQ-202503-0040,VEH-034,2025-03-01,2025-03-03,RUT-08,HORA_24,1.0,448251.0,448251.0,0.0,448251.0,,0.0,0.0,,False,False,0.0,False,
LQ-202606-0118,VEH-010,2026-06-24,2026-06-24,RUT-07,HORA_12,1.0,292239.0,292239.0,0.0,292239.0,PL-533429,0.0,0.0,,True,False,0.0,False,
LQ-202608-0130,VEH-003,2026-08-09,2026-08-11,RUT-06,HORA_24,1.0,476446.0,476446.0,0.0,476446.0,PL-197077,0.0,0.0,,True,False,0.0,False,
LQ-202412-0021,VEH-022,2024-12-07,2024-12-10,RUT-06,HORA_24,1.0,340397.0,340397.0,0.0,340397.0,PL-670977,0.0,0.0,,True,False,0.0,False,
LQ-202506-0054,VEH-031,2025-06-02,2025-06-05,RUT-08,HORA_24,1.0,508004.0,508004.0,0.0,508004.0,PL-936587,3.0,104173.0,,True,False,312519.0,False,
LQ-202504-0046,VEH-031,2025-04-01,2025-04-01,RUT-06,HORA,7.54,34757.0,262067.78,0.0,262067.78,PL-676537,0.0,0.0,,True,False,0.0,False,
LQ-202601-0092,VEH-001,2026-01-28,2026-01-28,RUT-08,HORA,9.85,27716.0,273002.6,0.0,273002.6,,0.0,0.0,TER-003,False,True,0.0,False,
LQ-202410-0009,VEH-006,2024-10-11,2024-10-14,RUT-09,HORA_12,1.0,265863.0,265863.0,0.0,265863.0,PL-625119,0.0,0.0,,True,False,0.0,False,
LQ-202505-0047,VEH-020,2025-05-10,2025-05-12,RUT-12,HORA_12,1.0,279808.0,279808.0,0.0,279808.0,PL-598372,0.0,0.0,,True,False,0.0,False,
LQ-202509-0067,VEH-036,2025-09-16,2025-09-16,RUT-11,KILOMETRO,208.16,4564.0,950042.24,0.0,950042.24,PL-187672,0.0,0.0,,True,False,0.0,False,
LQ-202608-0133,VEH-002,2026-08-16,2026-08-17,RUT-02,HORA_12,1.0,283045.0,283045.0,0.0,283045.0,PL-353052,2.0,110064.0,TER-007,True,True,220128.0,False,
LQ-202503-0037,VEH-036,2025-03-13,2025-03-16,RUT-01,HORA_12,1.0,260337.0,260337.0,0.0,260337.0,PL-845964,0.0,0.0,,True,False,0.0,False,
LQ-202505-0047,VEH-024,2025-05-07,2025-05-08,RUT-12,HORA_24,1.0,542595.0,542595.0,0.0,542595.0,,0.0,0.0,,False,False,0.0,False,
LQ-202412-0023,VEH-031,2024-12-29,2024-12-29,RUT-10,HORA,7.23,19788.0,143067.24,0.0,143067.24,PL-825990,0.0,0.0,TER-003,True,True,0.0,True,tarifa fuera de rango
LQ-202503-0040,VEH-032,2025-03-12,2025-03-12,RUT-10,HORA,8.16,30762.0,251017.92,0.0,251017.92,PL-359533,0.0,0.0,,True,False,0.0,False,
LQ-202605-0114,VEH-024,2026-05-09,2026-05-11,RUT-04,HORA_24,1.0,528563.0,528563.0,0.0,528563.0,PL-603671,0.0,0.0,TER-007,True,True,0.0,False,
LQ-202608-0132,VEH-009,2026-08-16,2026-08-16,RUT-07,HORA_24,1.0,489907.0,489907.0,1.97,480255.83,PL-786795,0.0,0.0,,True,False,0.0,False,
LQ-202509-0072,VEH-022,2025-09-13,2025-09-14,RUT-01,HORA_24,1.0,493198.0,493198.0,0.0,493198.0,PL-321316,0.0,0.0,,True,False,0.0,False,
LQ-202606-0119,VEH-031,2026-06-02,2026-06-04,RUT-03,HORA_24,1.0,485632.0,485632.0,6.65,453337.47,PL-809070,1.0,108340.0,TER-008,True,True,108340.0,False,
LQ-202502-0033,VEH-019,2025-02-13,2025-02-13,RUT-13,KILOMETRO,275.59,3790.0,1044486.1,0.0,1044486.1,PL-396080,0.0,0.0,,True,False,0.0,False,
LQ-202506-0058,VEH-030,2025-06-10,2025-06-10,RUT-14,HORA,59.07,36755.0,2171117.85,0.0,2171117.85,PL-255945,0.0,0.0,,True,False,0.0,True,cantidad fuera de rango
LQ-202503-0038,VEH-030,2025-03-19,2025-03-22,RUT-02,HORA_12,1.0,234657.0,234657.0,3.13,227312.24,PL-765282,0.0,0.0,,True,False,0.0,False,
LQ-202509-0072,VEH-008,2025-09-08,2025-09-11,RUT-07,HORA_24,1.0,475385.0,475385.0,0.0,475385.0,,0.0,0.0,TER-007,False,True,0.0,False,
LQ-202602-0099,VEH-027,2026-02-15,2026-02-15,RUT-08,HORA,3.75,28918.0,108442.5,0.0,108442.5,PL-242506,0.0,0.0,,True,False,0.0,False,
LQ-202512-0084,VEH-034,2025-12-03,2025-12-03,RUT-14,HORA,6.08,27401.0,166598.08,0.0,166598.08,PL-273648,0.0,0.0,,True,False,0.0,False,
LQ-202602-0099,VEH-015,2026-02-26,2026-02-28,RUT-06,HORA_24,1.0,431468.0,431468.0,0.0,431468.0,PL-608006,0.0,0.0,,True,False,0.0,False,
LQ-202608-0133,VEH-031,2026-08-05,2026-08-08,RUT-05,HORA_24,1.0,548750.0,548750.0,0.0,548750.0,PL-148484,3.0,110064.0,,True,False,330192.0,False,
LQ-202411-0016,VEH-006,2024-11-02,2024-11-02,RUT-02,HORA_12,1.0,250464.0,250464.0,0.0,250464.0,PL-419491,3.0,94080.0,TER-012,True,True,282240.0,False,
LQ-202605-0116,VEH-002,2026-05-19,2026-05-20,RUT-15,HORA_24,1.0,518086.0,518086.0,0.0,518086.0,PL-134122,0.0,0.0,TER-004,True,True,0.0,False,
LQ-202606-0121,VEH-006,2026-06-28,2026-06-30,RUT-01,HORA_24,1.0,561710.0,561710.0,0.0,561710.0,,3.0,115255.0,,False,False,345765.0,False,
LQ-202603-0105,VEH-022,2026-03-13,2026-03-13,RUT-12,HORA_24,1.0,462731.0,462731.0,0.0,462731.0,PL-406556,0.0,0.0,,True,False,0.0,False,
LQ-202507-0063,VEH-038,2025-07-14,2025-07-14,RUT-07,HORA,7.77,28963.0,225042.51,0.63,223624.74,PL-631040,0.0,0.0,,True,False,0.0,False,
LQ-202604-0111,VEH-008,2026-04-06,2026-04-06,RUT-12,HORA_24,1.0,485188.0,485188.0,0.0,485188.0,PL-476087,0.0,0.0,TER-001,True,True,0.0,False,
LQ-202512-0089,VEH-005,2025-12-07,2025-12-07,RUT-09,KILOMETRO,459.92,3337.0,1534753.04,4.59,1464307.88,PL-423557,0.0,0.0,,True,False,0.0,False,
LQ-202603-0104,VEH-010,2026-03-17,2026-03-17,RUT-03,HORA,8.63,33676.0,290623.88,0.0,290623.88,PL-122232,1.0,107987.0,TER-003,True,True,107987.0,False,
LQ-202502-0032,VEH-020,2025-02-01,2025-02-01,RUT-04,KILOMETRO,385.78,3325.0,1282718.5,0.0,1282718.5,PL-347879,0.0,0.0,,True,False,0.0,False,
LQ-202604-0110,VEH-030,2026-04-23,2026-04-26,RUT-04,HORA_24,1.0,481873.0,481873.0,0.0,481873.0,PL-552029,3.0,105910.0,TER-003,True,True,317730.0,False,
LQ-202608-0134,VEH-039,2026-08-29,2026-08-30,RUT-08,HORA_24,1.0,491706.0,491706.0,0.0,491706.0,PL-564195,0.0,0.0,TER-012,True,True,0.0,False,
LQ-202504-0045,VEH-025,2025-04-22,2025-04-23,RUT-11,HORA_24,1.0,493102.0,493102.0,5.26,467164.83,PL-263267,0.0,0.0,,True,False,0.0,False,
LQ-202602-0098,VEH-019,2026-02-02,2026-02-05,RUT-12,HORA_12,1.0,296607.0,296607.0,0.0,296607.0,PL-284264,0.0,0.0,TER-012,True,True,0.0,False,
LQ-202412-0020,VEH-037,2024-12-11,2024-12-14,RUT-01,HORA_24,1.0,338198.0,338198.0,0.0,338198.0,PL-735111,0.0,0.0,,True,False,0.0,False,
LQ-202608-0133,VEH-004,2026-08-12,2026-08-13,RUT-13,HORA_24,1.0,500632.0,500632.0,4.1,480106.09,PL-797933,1.0,110064.0,,True,False,110064.0,False,
LQ-202605-0117,VEH-032,2026-05-21,2026-05-21,RUT-07,HORA,12.13,39369.0,477545.97,0.0,477545.97,PL-537834,0.0,0.0,,True,False,0.0,False,
LQ-202502-0031,VEH-007,2025-02-18,2025-02-21,RUT-04,HORA_24,1.0,467652.0,467652.0,0.0,467652.0,PL-473897,1.0,94848.0,,True,False,94848.0,False,
LQ-202505-0047,VEH-010,2025-05-11,2025-05-11,RUT-02,KILOMETRO,428.59,4529.0,1941084.11,0.0,1941084.11,PL-257726,0.0,0.0,,True,False,0.0,False,
LQ-202607-0123,VEH-021,2026-07-31,2026-07-31,RUT-09,HORA_12,1.0,280015.0,280015.0,0.0,280015.0,,0.0,0.0,,False,False,0.0,False,
LQ-202605-0114,VEH-037,2026-05-03,2026-05-04,RUT-01,HORA_24,1.0,545351.0,545351.0,0.0,545351.0,PL-636506,1.0,105412.0,TER-002,True,True,105412.0,False,
LQ-202608-0130,VEH-027,2026-08-31,2026-08-31,RUT-12,KILOMETRO,252.33,4100.0,1034553.0,0.0,1034553.0,PL-614188,0.0,0.0,,True,False,0.0,False,
LQ-202503-0040,VEH-035,2025-03-15,2025-03-15,RUT-06,HORA,5.92,422224.0,2499566.08,0.0,2499566.08,,0.0,0.0,,False,False,0.0,True,tarifa fuera de rango
LQ-202410-0008,VEH-020,2024-10-06,2024-10-09,RUT-05,HORA_24,1.0,465523.0,465523.0,0.0,465523.0,PL-823821,0.0,0.0,TER-005,True,True,0.0,False,
LQ-202503-0037,VEH-003,2025-03-21,2025-03-21,RUT-13,HORA_24,1.0,470222.0,470222.0,0.0,470222.0,,0.0,0.0,,False,False,0.0,False,
LQ-202410-0008,VEH-013,2024-10-12,2024-10-12,RUT-14,KILOMETRO,322.14,3776.0,1216400.64,5.5,1149498.6,PL-154040,0.0,0.0,TER-011,True,True,0.0,False,
LQ-202510-0073,VEH-016,2025-10-02,2025-10-04,RUT-12,HORA_24,1.0,494997.0,494997.0,0.0,494997.0,PL-470150,2.0,104832.0,,True,False,209664.0,False,
LQ-202503-0035,VEH-009,2025-03-14,2025-03-14,RUT-02,KILOMETRO,133.43,4518.0,602836.74,0.0,602836.74,,3.0,103834.0,,False,False,311502.0,False,
LQ-202409-0002,VEH-038,2024-09-02,2024-09-03,RUT-07,HORA_12,1.0,237797.0,237797.0,0.0,237797.0,PL-829308,0.0,0.0,TER-010,True,True,0.0,False,
LQ-202506-0053,VEH-011,2025-06-07,2025-06-07,RUT-02,HORA,2.93,35095.0,102828.35,0.0,102828.35,PL-513839,1.0,110822.0,,True,False,110822.0,False,
LQ-202604-0111,VEH-009,2026-04-12,2026-04-13,RUT-06,HORA_24,1.0,458653.0,458653.0,0.0,458653.0,PL-792751,0.0,0.0,,True,False,0.0,False,
LQ-202509-0071,VEH-015,2025-09-28,2025-09-30,RUT-06,HORA_24,1.0,501194.0,501194.0,0.0,501194.0,,0.0,0.0,,False,False,0.0,False,
LQ-202510-0078,VEH-015,2025-10-09,2025-10-09,RUT-15,KILOMETRO,160.17,4009.0,642121.53,3.19,621637.85,,0.0,0.0,,False,False,0.0,False,
LQ-202504-0042,VEH-009,2025-04-26,2025-04-29,RUT-08,HORA_12,1.0,246535.0,246535.0,0.0,246535.0,,0.0,0.0,TER-007,False,True,0.0,False,
LQ-202510-0073,VEH-031,2025-10-06,2025-10-06,RUT-12,HORA_24,1.0,495755.0,495755.0,0.0,495755.0,,0.0,0.0,,False,False,0.0,False,
LQ-202506-0056,VEH-006,2025-06-28,2025-06-28,RUT-04,HORA_12,1.0,301225.0,301225.0,0.0,301225.0,,1.0,104173.0,,False,False,104173.0,False,
LQ-202602-0101,VEH-021,2026-02-12,2026-02-14,RUT-11,HORA_24,1.0,409943.0,409943.0,0.0,409943.0,PL-334311,1.0,92723.0,TER-001,True,True,92723.0,False,
LQ-202604-0109,VEH-024,2026-04-22,2026-04-22,RUT-13,HORA_24,1.0,479954.0,479954.0,0.0,479954.0,PL-355646,0.0,0.0,,True,False,0.0,False,
LQ-202409-0003,VEH-031,2024-09-23,2024-09-25,RUT-15,HORA_24,1.0,437726.0,437726.0,0.0,437726.0,PL-595158,0.0,0.0,TER-009,True,True,0.0,False,
LQ-202512-0089,VEH-018,2025-12-03,2025-12-03,RUT-10,HORA,4.16,22788.0,94798.08,0.0,94798.08,PL-953805,0.0,0.0,,True,False,0.0,False,
LQ-202505-0049,VEH-010,2025-05-13,2025-05-13,RUT-15,HORA_24,1.0,525080.0,525080.0,0.0,525080.0,PL-315829,0.0,0.0,,True,False,0.0,False,
LQ-202411-0016,VEH-031,2024-11-02,2024-11-04,RUT-15,HORA_12,1.0,279733.0,279733.0,0.0,279733.0,PL-785672,0.0,0.0,,True,False,0.0,False,
LQ-202506-0054,VEH-026,2025-06-18,2025-06-18,RUT-06,HORA,8.56,36298.0,310710.88,0.0,310710.88,PL-329713,0.0,0.0,,True,False,0.0,False,
LQ-202503-0038,VEH-028,2025-03-13,2025-03-15,RUT-07,HORA_24,1.0,421116.0,421116.0,0.0,421116.0,PL-764909,0.0,0.0,TER-010,True,True,0.0,False,
LQ-202501-0027,VEH-010,2025-01-15,2025-01-15,RUT-08,HORA,7.42,27671.0,205318.82,0.0,205318.82,PL-229660,0.0,0.0,,True,False,0.0,False,
LQ-202604-0109,VEH-040,2026-04-20,2026-04-21,RUT-07,HORA_12,1.0,271025.0,271025.0,0.0,271025.0,PL-719766,0.0,0.0,TER-008,True,True,0.0,False,
LQ-202501-0028,VEH-034,2025-01-22,2025-01-23,RUT-01,HORA_24,1.0,368848.0,368848.0,0.0,368848.0,PL-410089,3.0,76957.0,,True,False,230871.0,False,
LQ-202506-0056,VEH-040,2025-06-11,2025-06-11,RUT-09,HORA,9.36,36246.0,339262.56,0.0,339262.56,PL-506743,0.0,0.0,,True,False,0.0,False,
LQ-202501-0026,VEH-008,2025-01-08,2025-01-08,RUT-03,HORA,7.1,26798.0,190265.8,0.0,190265.8,PL-647312,0.0,0.0,,True,False,0.0,False,
LQ-202410-0011,VEH-020,2024-10-15,2024-10-15,RUT-09,HORA_24,1.0,467176.0,467176.0,0.0,467176.0,PL-875501,0.0,0.0,,True,False,0.0,False,
LQ-202604-0109,VEH-005,2026-04-27,2026-04-28,RUT-01,HORA_24,1.0,439851.0,439851.0,0.0,439851.0,,0.0,0.0,,False,False,0.0,False,
LQ-202410-0009,VEH-038,2024-10-13,2024-10-15,RUT-13,HORA_24,1.0,491675.0,491675.0,0.0,491675.0,PL-672133,0.0,0.0,TER-009,True,True,0.0,False,
LQ-202502-0031,VEH-020,2025-02-10,2025-02-13,RUT-02,HORA_24,1.0,437935.0,437935.0,0.0,437935.0,PL-510087,0.0,0.0,,True,False,0.0,False,
LQ-202506-0054,VEH-011,2025-06-13,2025-06-15,RUT-12,HORA_24,1.0,454944.0,454944.0,0.0,454944.0,,0.0,0.0,,False,False,0.0,False,
LQ-202603-0107,VEH-022,2026-03-11,2026-03-11,RUT-05,KILOMETRO,329.2,4751.0,1564029.2,0.0,1564029.2,PL-410155,0.0,0.0,,True,False,0.0,False,
LQ-202507-0059,VEH-038,2025-07-12,2025-07-15,RUT-13,HORA_24,1.0,519070.0,519070.0,0.0,519070.0,PL-688450,0.0,0.0,,True,False,0.0,False,
LQ-202501-0024,VEH-006,2025-01-31,2025-01-31,RUT-11,HORA_24,1.0,346321.0,346321.0,0.0,346321.0,PL-184064,0.0,0.0,,True,False,0.0,False,
LQ-202604-0112,VEH-010,2026-04-18,2026-04-21,RUT-12,HORA_24,1.0,498312.0,498312.0,0.0,498312.0,PL-165157,0.0,0.0,,True,False,0.0,False,
LQ-202509-0072,VEH-021,2025-09-09,2025-09-09,RUT-08,HORA_12,1.0,261343.0,261343.0,0.0,261343.0,,3.0,96665.0,,False,False,289995.0,False,
LQ-202507-0063,VEH-010,2025-07-02,2025-07-02,RUT-06,HORA_24,1.0,442352.0,442352.0,0.0,442352.0,PL-830989,0.0,0.0,,True,False,0.0,False,
LQ-202601-0092,VEH-013,2026-01-09,2026-01-12,RUT-09,HORA_24,1.0,376319.0,376319.0,0.0,376319.0,PL-475301,0.0,0.0,,True,False,0.0,False,
LQ-202601-0095,VEH-003,2026-01-10,2026-01-10,RUT-13,HORA,6.54,24751.0,161871.54,0.0,161871.54,PL-724826,3.0,80035.0,TER-005,True,True,240105.0,False,
LQ-202605-0117,VEH-006,2026-05-25,2026-05-28,RUT-06,HORA_12,1.0,247676.0,247676.0,0.0,247676.0,PL-814012,0.0,0.0,,True,False,0.0,False,
LQ-202506-0056,VEH-020,2025-06-30,2025-06-30,RUT-03,HORA_24,1.0,526831.0,526831.0,0.0,526831.0,PL-556333,3.0,104173.0,,True,False,312519.0,False,
LQ-202503-0038,VEH-028,2025-03-16,2025-03-17,RUT-07,HORA_24,1.0,493435.0,493435.0,0.5,490967.82,PL-382956,0.0,0.0,TER-003,True,True,0.0,False,
LQ-202510-0077,VEH-035,2025-10-26,2025-10-26,RUT-04,HORA_24,1.0,491888.0,491888.0,0.0,491888.0,PL-437386,0.0,0.0,,True,False,0.0,False,
LQ-202601-0094,VEH-021,2026-01-20,2026-01-23,RUT-06,HORA_24,1.0,390716.0,390716.0,0.0,390716.0,PL-732565,0.0,0.0,,True,False,0.0,False,
LQ-202607-0126,VEH-017,2026-07-24,2026-07-24,RUT-01,KILOMETRO,416.54,4780.0,1991061.2,0.0,1991061.2,PL-513701,0.0,0.0,TER-007,True,True,0.0,False,
LQ-202409-0004,VEH-034,2024-09-11,2024-09-11,RUT-10,HORA_24,1.0,404401.0,404401.0,0.0,404401.0,PL-579123,0.0,0.0,TER-003,True,True,0.0,False,
LQ-202507-0059,VEH-006,2025-07-24,2025-07-24,RUT-07,HORA_12,1.0,295244.0,295244.0,0.0,295244.0,PL-240592,0.0,0.0,,True,False,0.0,False,
LQ-202605-0114,VEH-040,2026-05-31,2026-05-31,RUT-14,HORA_24,1.0,512548.0,512548.0,0.0,512548.0,PL-577097,0.0,0.0,,True,False,0.0,False,
LQ-202409-0002,VEH-036,2024-09-15,2024-09-15,RUT-02,KILOMETRO,276.94,3908.0,1082281.52,0.0,1082281.52,PL-724377,3.0,92947.0,,True,False,278841.0,False,
LQ-202409-0002,VEH-031,2024-09-09,2024-09-09,RUT-11,HORA,12.63,29896.0,377586.48,0.0,377586.48,PL-587455,0.0,0.0,,True,False,0.0,False,
LQ-202605-0116,VEH-012,2026-05-22,2026-05-24,RUT-12,HORA_12,1.0,287594.0,287594.0,0.0,287594.0,PL-722767,0.0,0.0,,True,False,0.0,False,
LQ-202410-0011,VEH-012,2024-10-17,2024-10-17,RUT-07,KILOMETRO,308.91,5039.0,1556597.49,1.03,1540564.54,PL-132591,0.0,0.0,,True,False,0.0,False,
LQ-202604-0112,VEH-010,2026-04-08,2026-04-11,RUT-14,HORA_12,1.0,291738.0,291738.0,0.0,291738.0,PL-544689,0.0,0.0,,True,False,0.0,False,
LQ-202501-0025,VEH-027,2025-01-15,2025-01-16,RUT-06,HORA_24,1.0,348230.0,348230.0,0.0,348230.0,PL-767153,2.0,81869.0,,True,False,163738.0,False,
LQ-202506-0055,VEH-008,2025-06-08,2025-06-11,RUT-08,HORA_12,1.0,303152.0,303152.0,0.0,303152.0,PL-206470,0.0,0.0,TER-003,True,True,0.0,False,
LQ-202602-0097,VEH-001,2026-02-16,2026-02-16,RUT-03,KILOMETRO,222.93,3714.0,827962.02,0.0,827962.02,,0.0,0.0,,False,False,0.0,False,
LQ-202504-0046,VEH-009,2025-04-20,2025-04-23,RUT-01,HORA_12,1.0,283460.0,283460.0,0.0,283460.0,PL-624235,0.0,0.0,TER-004,True,True,0.0,False,
LQ-202506-0055,VEH-016,2025-06-23,2025-06-23,RUT-14,HORA_24,1.0,536835.0,536835.0,0.0,536835.0,,0.0,0.0,,False,False,0.0,False,
LQ-202601-0093,VEH-011,2026-01-15,2026-01-15,RUT-11,HORA,10.01,24176.0,242001.76,0.0,242001.76,PL-607280,0.0,0.0,,True,False,0.0,False,
LQ-202603-0102,VEH-003,2026-03-21,2026-03-22,RUT-12,HORA_24,1.0,505906.0,505906.0,0.0,505906.0,,0.0,0.0,,False,False,0.0,False,
LQ-202409-0004,VEH-027,2024-09-24,2024-09-25,RUT-06,HORA_24,1.0,427238.0,427238.0,7.57,394896.08,PL-284171,0.0,0.0,TER-009,True,True,0.0,False,
LQ-202511-0083,VEH-037,2025-11-17,2025-11-17,RUT-02,KILOMETRO,248.25,4556.0,1131027.0,0.0,1131027.0,PL-135188,3.0,91973.0,,True,False,275919.0,False,
LQ-202601-0093,VEH-018,2026-01-05,2026-01-05,RUT-15,HORA_12,1.0,214430.0,214430.0,0.0,214430.0,PL-432038,0.0,0.0,TER-007,True,True,0.0,False,
LQ-202601-0092,VEH-016,2026-01-10,2026-01-12,RUT-02,HORA_12,1.0,259843.0,259843.0,0.0,259843.0,PL-565502,2.0,85144.0,TER-012,True,True,170288.0,False,
LQ-202501-0028,VEH-014,2025-01-30,2025-01-30,RUT-10,KILOMETRO,257.8,3189.0,822124.2,0.0,822124.2,PL-670871,0.0,0.0,,True,False,0.0,False,
LQ-202409-0004,VEH-024,2024-09-28,2024-09-30,RUT-04,HORA_24,1.0,437488.0,437488.0,0.0,437488.0,PL-194689,0.0,0.0,,True,False,0.0,False,
LQ-202606-0122,VEH-022,2026-06-18,2026-06-21,RUT-12,HORA_12,1.0,289865.0,289865.0,0.0,289865.0,PL-806268,3.0,108340.0,,True,False,325020.0,False,
LQ-202602-0100,VEH-018,2026-02-25,2026-02-28,RUT-11,HORA_24,1.0,475578.0,475578.0,0.0,475578.0,PL-855548,0.0,0.0,,True,False,0.0,False,
LQ-202512-0089,VEH-014,2025-12-31,2025-12-31,RUT-07,HORA,13.87,22884.0,317401.08,0.0,317401.08,PL-241256,2.0,72264.0,,True,False,144528.0,False,
LQ-202503-0037,VEH-036,2025-03-19,2025-03-22,RUT-03,HORA_12,13.94,242654.0,3382596.76,3.94,3249322.45,PL-936116,2.0,103834.0,,True,False,207668.0,True,cantidad fuera de rango
LQ-202512-0089,VEH-029,2025-12-11,2025-12-13,RUT-04,HORA_24,1.0,356202.0,356202.0,0.0,356202.0,PL-347595,2.0,72264.0,,True,False,144528.0,False,
LQ-202509-0070,VEH-005,2025-09-22,2025-09-22,RUT-10,HORA,5.07,33206.0,168354.42,0.0,168354.42,PL-150483,1.0,96665.0,TER-007,True,True,96665.0,False,
LQ-202411-0014,VEH-017,2024-11-02,2024-11-02,RUT-01,HORA_12,1.0,251172.0,251172.0,0.0,251172.0,PL-597440,3.0,88435.0,,True,False,265305.0,False,
LQ-202507-0062,VEH-027,2025-07-21,2025-07-21,RUT-05,HORA_24,1.0,525671.0,525671.0,0.0,525671.0,PL-911235,2.0,108826.0,TER-011,True,True,217652.0,False,
LQ-202505-0051,VEH-025,2025-05-31,2025-05-31,RUT-04,HORA_12,1.0,305074.0,305074.0,0.0,305074.0,PL-391595,2.0,107827.0,,True,False,215654.0,False,
LQ-202512-0088,VEH-009,2025-12-13,2025-12-13,RUT-07,HORA_24,1.0,372447.0,372447.0,0.0,372447.0,PL-330105,3.0,76877.0,,True,False,230631.0,False,
LQ-202606-0121,VEH-034,2026-06-03,2026-06-03,RUT-02,HORA_24,1.0,546112.0,546112.0,0.0,546112.0,PL-100233,2.0,115255.0,,True,False,230510.0,False,
LQ-202503-0039,VEH-022,2025-03-11,2025-03-11,RUT-13,HORA_24,1.0,489823.0,489823.0,3.97,470377.03,PL-324156,0.0,0.0,,True,False,0.0,False,
LQ-202511-0080,VEH-036,2025-11-14,2025-11-14,RUT-15,HORA_24,1.0,463268.0,463268.0,0.0,463268.0,PL-115649,2.0,91973.0,,True,False,183946.0,False,
LQ-202410-0010,VEH-014,2024-10-28,2024-10-31,RUT-06,HORA_12,1.0,281162.0,281162.0,0.0,281162.0,PL-953047,0.0,0.0,TER-001,True,True,0.0,False,
LQ-202608-0131,VEH-001,2026-08-16,2026-08-16,RUT-15,KILOMETRO,284.39,4288.0,1219464.32,0.0,1219464.32,PL-874953,0.0,0.0,,True,False,0.0,False,
LQ-202601-0090,VEH-010,2026-01-18,2026-01-18,RUT-10,KILOMETRO,231.45,4041.0,935289.45,0.0,935289.45,,0.0,0.0,TER-012,False,True,0.0,False,
LQ-202504-0043,VEH-032,2025-04-23,2025-04-24,RUT-07,HORA_24,1.0,474126.0,474126.0,0.0,474126.0,PL-730255,0.0,0.0,,True,False,0.0,False,
LQ-202601-0091,VEH-025,2026-01-04,2026-01-05,RUT-11,HORA_12,1.0,233319.0,233319.0,0.0,233319.0,PL-853512,0.0,0.0,TER-008,True,True,0.0,False,
LQ-202510-0078,VEH-018,2025-10-24,2025-10-24,RUT-05,HORA_12,1.0,265939.0,265939.0,0.0,265939.0,PL-461702,0.0,0.0,,True,False,0.0,False,
LQ-202502-0031,VEH-036,2025-02-03,2025-02-04,RUT-11,HORA_12,1.0,254212.0,254212.0,0.0,254212.0,PL-227119,0.0,0.0,,True,False,0.0,False,
LQ-202512-0089,VEH-028,2025-12-19,2025-12-21,RUT-01,HORA_24,1.0,330800.0,330800.0,0.0,330800.0,PL-545567,3.0,72264.0,TER-004,True,True,216792.0,False,
LQ-202503-0039,VEH-034,2025-03-19,2025-03-19,RUT-05,KILOMETRO,330.96,4584.0,1517120.64,0.0,1517120.64,,0.0,0.0,,False,False,0.0,False,
LQ-202602-0100,VEH-006,2026-02-15,2026-02-16,RUT-05,HORA_24,1.0,523270.0,523270.0,0.0,523270.0,PL-365636,0.0,0.0,,True,False,0.0,False,
LQ-202601-0095,VEH-023,2026-01-26,2026-01-28,RUT-04,HORA_24,1.0,368818.0,368818.0,0.0,368818.0,PL-786727,0.0,0.0,,True,False,0.0,False,
LQ-202503-0039,VEH-011,2025-03-22,2025-03-25,RUT-04,HORA_12,1.0,286681.0,286681.0,0.0,286681.0,PL-288540,2.0,103834.0,TER-003,True,True,207668.0,False,
LQ-202602-0101,VEH-005,2026-02-17,2026-02-19,RUT-10,HORA_24,1.0,445359.0,445359.0,0.0,445359.0,PL-279106,0.0,0.0,,True,False,0.0,False,
LQ-202411-0013,VEH-001,2024-11-21,2024-11-24,RUT-05,HORA_12,1.0,266194.0,266194.0,0.0,266194.0,PL-597126,0.0,0.0,,True,False,0.0,False,
LQ-202512-0087,VEH-004,2025-12-05,2025-12-05,RUT-08,HORA,7.74,25746.0,199274.04,0.0,199274.04,PL-980185,0.0,0.0,,True,False,0.0,False,
LQ-202409-0001,VEH-018,2024-09-12,2024-09-13,RUT-14,HORA_24,1.0,465075.0,465075.0,0.0,465075.0,PL-835911,0.0,0.0,,True,False,0.0,False,
LQ-202502-0029,VEH-007,2025-02-13,2025-02-13,RUT-06,HORA,4.91,33378.0,163885.98,0.0,163885.98,PL-668096,0.0,0.0,TER-003,True,True,0.0,False,
LQ-202411-0014,VEH-026,2024-11-07,2024-11-08,RUT-13,HORA_12,1.0,224223.0,224223.0,0.0,224223.0,PL-120053,0.0,0.0,TER-012,True,True,0.0,False,
LQ-202512-0089,VEH-003,2025-12-23,2025-12-24,RUT-11,HORA_24,1.0,314964.0,314964.0,0.0,314964.0,PL-175885,0.0,0.0,,True,False,0.0,False,
LQ-202509-0070,VEH-001,2025-09-12,2025-09-13,RUT-13,HORA_24,1.0,453393.0,453393.0,0.0,453393.0,PL-289721,0.0,0.0,TER-012,True,True,0.0,False,
LQ-202506-0057,VEH-024,2025-06-16,2025-06-16,RUT-05,KILOMETRO,164.36,4615.0,758521.4,0.0,758521.4,PL-314635,0.0,0.0,,True,False,0.0,False,
LQ-202607-0127,VEH-016,2026-07-24,2026-07-24,RUT-06,KILOMETRO,466.95,5908.0,2758740.6,0.5,2744946.9,PL-620751,0.0,0.0,,True,False,0.0,False,
LQ-202608-0134,VEH-021,2026-08-10,2026-08-10,RUT-11,HORA_24,1.0,475255.0,475255.0,0.0,475255.0,PL-443590,0.0,0.0,,True,False,0.0,False,
LQ-202601-0092,VEH-024,2026-01-10,2026-01-10,RUT-07,HORA,8.14,21826.0,177663.64,0.0,177663.64,PL-613146,0.0,0.0,,True,False,0.0,False,
LQ-202604-0112,VEH-038,2026-04-19,2026-04-21,RUT-14,HORA_12,1.0,312611.0,312611.0,0.0,312611.0,,0.0,0.0,TER-002,False,True,0.0,False,
LQ-202512-0084,VEH-018,2025-12-27,2025-12-30,RUT-09,HORA_24,1.0,3425410.0,3425410.0,0.0,3425410.0,PL-812685,0.0,0.0,TER-004,True,True,0.0,True,tarifa fuera de rango
LQ-202504-0043,VEH-014,2025-04-29,2025-04-29,RUT-11,HORA_24,1.0,495788.0,495788.0,0.0,495788.0,,0.0,0.0,,False,False,0.0,False,
LQ-202604-0111,VEH-008,2026-04-28,2026-04-28,RUT-03,HORA,4.71,33310.0,156890.1,0.0,156890.1,PL-535728,3.0,99556.0,,True,False,298668.0,False,
LQ-202509-0072,VEH-031,2025-09-02,2025-09-04,RUT-11,HORA_24,1.0,491298.0,491298.0,0.0,491298.0,PL-788758,0.0,0.0,,True,False,0.0,False,
LQ-202511-0079,VEH-036,2025-11-04,2025-11-05,RUT-10,HORA_24,1.0,485387.0,485387.0,0.0,485387.0,PL-221839,0.0,0.0,,True,False,0.0,False,
LQ-202409-0006,VEH-011,2024-09-10,2024-09-12,RUT-11,HORA_24,1.0,449527.0,449527.0,0.0,449527.0,PL-823270,0.0,0.0,,True,False,0.0,False,
LQ-202507-0061,VEH-026,2025-07-01,2025-07-01,RUT-15,KILOMETRO,181.69,4935.0,896640.15,0.0,896640.15,PL-485776,0.0,0.0,,True,False,0.0,False,
LQ-202511-0080,VEH-038,2025-11-04,2025-11-04,RUT-04,HORA,5.01,34788.0,174287.88,0.0,174287.88,PL-962596,1.0,91973.0,,True,False,91973.0,False,
LQ-202509-0070,VEH-034,2025-09-21,2025-09-22,RUT-05,HORA_12,1.0,232425.0,232425.0,0.0,232425.0,PL-884096,0.0,0.0,TER-007,True,True,0.0,False,
LQ-202506-0054,VEH-015,2025-06-02,2025-06-05,RUT-11,HORA_24,1.0,525730.0,525730.0,0.0,525730.0,PL-850328,0.0,0.0,,True,False,0.0,False,
LQ-202504-0042,VEH-008,2025-04-20,2025-04-21,RUT-01,HORA_12,1.0,258647.0,258647.0,0.0,258647.0,PL-635859,2.0,95727.0,TER-004,True,True,191454.0,False,
LQ-202503-0036,VEH-009,2025-03-26,2025-03-26,RUT-09,HORA_12,1.0,286476.0,286476.0,0.0,286476.0,PL-403726,0.0,0.0,TER-010,True,True,0.0,False,
LQ-202607-0127,VEH-026,2026-07-10,2026-07-10,RUT-10,KILOMETRO,197.18,59750.0,11781505.0,0.0,11781505.0,PL-307429,0.0,0.0,,True,False,0.0,True,tarifa fuera de rango
LQ-202508-0065,VEH-031,2025-08-31,2025-08-31,RUT-10,HORA,4.92,33736.0,165981.12,0.0,165981.12,,0.0,0.0,,False,False,0.0,False,
LQ-202410-0007,VEH-033,2024-10-16,2024-10-16,RUT-13,HORA,8.25,33813.0,278957.25,0.0,278957.25,PL-246570,0.0,0.0,,True,False,0.0,False,
LQ-202504-0046,VEH-039,2025-04-27,2025-04-27,RUT-10,HORA,5.93,31630.0,187565.9,0.0,187565.9,,0.0,0.0,,False,False,0.0,False,
LQ-202509-0068,VEH-034,2025-09-24,2025-09-26,RUT-15,HORA_12,1.0,266941.0,266941.0,7.53,246840.34,PL-783618,0.0,0.0,,True,False,0.0,False,
LQ-202412-0018,VEH-025,2024-12-14,2024-12-17,RUT-04,HORA_12,1.0,198795.0,198795.0,0.0,198795.0,PL-968668,3.0,73920.0,,True,False,221760.0,False,
LQ-202509-0072,VEH-026,2025-09-13,2025-09-16,RUT-10,HORA_24,1.0,469859.0,469859.0,0.0,469859.0,PL-138100,0.0,0.0,,True,False,0.0,False,
LQ-202512-0088,VEH-034,2025-12-17,2025-12-18,RUT-01,HORA_24,1.0,345502.0,345502.0,0.0,345502.0,PL-515688,3.0,76877.0,,True,False,230631.0,False,
LQ-202411-0013,VEH-017,2024-11-19,2024-11-19,RUT-08,KILOMETRO,321.67,4041.0,1299868.47,0.0,1299868.47,PL-885342,0.0,0.0,,True,False,0.0,False,
LQ-202511-0080,VEH-004,2025-11-13,2025-11-13,RUT-09,HORA_12,1.0,246473.0,246473.0,0.0,246473.0,PL-832815,0.0,0.0,TER-010,True,True,0.0,False,
LQ-202503-0035,VEH-034,2025-03-27,2025-03-27,RUT-15,HORA_12,1.0,257534.0,257534.0,0.0,257534.0,PL-336001,0.0,0.0,TER-006,True,True,0.0,False,
LQ-202410-0008,VEH-008,2024-10-15,2024-10-15,RUT-04,HORA,10.99,387625.0,4259998.75,0.0,4259998.75,PL-133782,3.0,94752.0,,True,False,284256.0,True,tarifa fuera de rango
LQ-202410-0009,VEH-032,2024-10-12,2024-10-14,RUT-02,HORA_12,1.0,274163.0,274163.0,0.0,274163.0,PL-722651,0.0,0.0,,True,False,0.0,False,
LQ-202505-0052,VEH-008,2025-05-16,2025-05-18,RUT-11,HORA_12,1.0,274566.0,274566.0,0.0,274566.0,PL-796117,0.0,0.0,,True,False,0.0,False,
LQ-202601-0095,VEH-038,2026-01-08,2026-01-11,RUT-08,HORA_12,1.0,195051.0,195051.0,0.0,195051.0,PL-430020,0.0,0.0,TER-006,True,True,0.0,False,
LQ-202605-0115,VEH-031,2026-05-29,2026-05-29,RUT-09,HORA_24,1.0,404515.0,404515.0,0.0,404515.0,PL-404676,0.0,0.0,TER-001,True,True,0.0,False,
LQ-202601-0091,VEH-025,2026-01-15,2026-01-15,RUT-03,HORA,2.93,30131.0,88283.83,0.0,88283.83,PL-523842,1.0,80035.0,TER-011,True,True,80035.0,False,
LQ-202510-0078,VEH-005,2025-10-15,2025-10-15,RUT-06,HORA,3.9,33508.0,130681.2,0.0,130681.2,PL-120636,2.0,98542.0,TER-012,True,True,197084.0,False,
LQ-202605-0117,VEH-039,2026-05-27,2026-05-27,RUT-11,HORA,2.8,36690.0,102732.0,0.0,102732.0,PL-549499,0.0,0.0,,True,False,0.0,False,
LQ-202412-0022,VEH-006,2024-12-08,2024-12-10,RUT-06,HORA_12,1.0,198811.0,198811.0,0.0,198811.0,PL-159645,3.0,73920.0,,True,False,221760.0,False,
LQ-202507-0060,VEH-002,2025-07-15,2025-07-17,RUT-13,HORA_12,1.0,262994.0,262994.0,0.0,262994.0,PL-305803,0.0,0.0,,True,False,0.0,False,
LQ-202507-0059,VEH-003,2025-07-04,2025-07-04,RUT-10,HORA,15.15,34278.0,519311.7,0.0,519311.7,PL-342069,0.0,0.0,,True,False,0.0,False,
LQ-202607-0124,VEH-018,2026-07-13,2026-07-15,RUT-07,HORA_24,1.0,546129.0,546129.0,0.0,546129.0,PL-110734,0.0,0.0,,True,False,0.0,False,
LQ-202602-0099,VEH-036,2026-02-18,2026-02-18,RUT-08,KILOMETRO,265.79,4120.0,1095054.8,0.0,1095054.8,PL-734864,3.0,92723.0,,True,False,278169.0,False,
LQ-202504-0041,VEH-012,2025-04-27,2025-04-30,RUT-15,HORA_24,1.0,452300.0,452300.0,0.0,452300.0,PL-704020,0.0,0.0,,True,False,0.0,False,
LQ-202411-0014,VEH-028,2024-11-10,2024-11-10,RUT-14,HORA,9.96,242666.0,2416953.36,0.0,2416953.36,PL-874415,0.0,0.0,TER-001,True,True,0.0,True,tarifa fuera de rango
LQ-202507-0062,VEH-028,2025-07-03,2025-07-04,RUT-11,HORA_24,1.0,505165.0,505165.0,5.04,479704.68,PL-203025,0.0,0.0,,True,False,0.0,False,
LQ-202509-0067,VEH-011,2025-09-28,2025-09-28,RUT-07,HORA_12,1.0,301953.0,301953.0,0.0,301953.0,,0.0,0.0,,False,False,0.0,False,
LQ-202502-0029,VEH-016,2025-02-02,2025-02-02,RUT-14,KILOMETRO,264.46,4067.0,1075558.82,0.0,1075558.82,PL-176452,0.0,0.0,,True,False,0.0,False,
LQ-202602-0101,VEH-010,2026-02-23,2026-02-23,RUT-03,HORA_12,1.0,235960.0,235960.0,0.0,235960.0,PL-357393,1.0,92723.0,,True,False,92723.0,False,
LQ-202412-0020,VEH-014,2024-12-09,2024-12-11,RUT-14,HORA_24,15.08,331604.0,5000588.32,0.0,5000588.32,PL-741784,0.0,0.0,TER-010,True,True,0.0,True,cantidad fuera de rango
LQ-202504-0045,VEH-026,2025-04-24,2025-04-24,RUT-05,HORA,11.23,35974.0,403988.02,0.0,403988.02,PL-414754,3.0,101837.0,TER-004,True,True,305511.0,False,
LQ-202605-0113,VEH-034,2026-05-15,2026-05-17,RUT-13,HORA_24,1.0,520314.0,520314.0,0.0,520314.0,PL-412763,2.0,112140.0,,True,False,224280.0,False,
LQ-202509-0071,VEH-018,2025-09-30,2025-09-30,RUT-15,HORA_24,1.0,502877.0,502877.0,0.0,502877.0,PL-875028,0.0,0.0,,True,False,0.0,False,
LQ-202509-0072,VEH-001,2025-09-01,2025-09-03,RUT-03,HORA_24,1.0,434239.0,434239.0,0.0,434239.0,PL-174575,0.0,0.0,,True,False,0.0,False,
LQ-202411-0013,VEH-020,2024-11-29,2024-11-30,RUT-05,HORA_12,1.0,227364.0,227364.0,1.11,224840.26,PL-426053,0.0,0.0,TER-008,True,True,0.0,False,
LQ-202510-0078,VEH-003,2025-10-15,2025-10-16,RUT-13,HORA_24,1.0,471825.0,471825.0,0.0,471825.0,PL-786134,0.0,0.0,,True,False,0.0,False,
LQ-202507-0061,VEH-022,2025-07-18,2025-07-20,RUT-02,HORA_12,1.0,314587.0,314587.0,0.0,314587.0,PL-978775,2.0,102296.0,TER-003,True,True,204592.0,False,
LQ-202509-0071,VEH-013,2025-09-13,2025-09-14,RUT-07,HORA_24,1.0,482267.0,482267.0,0.0,482267.0,PL-852122,0.0,0.0,TER-007,True,True,0.0,False,
LQ-202507-0062,VEH-008,2025-07-29,2025-07-31,RUT-01,HORA_24,1.0,574986.0,574986.0,0.0,574986.0,,0.0,0.0,,False,False,0.0,False,
LQ-202505-0051,VEH-037,2025-05-29,2025-05-29,RUT-03,HORA_24,1.0,544764.0,544764.0,0.0,544764.0,PL-161255,1.0,107827.0,,True,False,107827.0,False,
LQ-202601-0091,VEH-037,2026-01-30,2026-01-31,RUT-12,HORA_12,1.0,223639.0,223639.0,3.32,216214.19,PL-375004,0.0,0.0,,True,False,0.0,False,
LQ-202608-0131,VEH-018,2026-08-26,2026-08-27,RUT-05,HORA_24,1.0,419892.0,419892.0,0.0,419892.0,PL-868874,1.0,110064.0,,True,False,110064.0,False,
LQ-202411-0013,VEH-015,2024-11-22,2024-11-22,RUT-03,HORA,5.0,24958.0,124790.0,0.0,124790.0,PL-472541,0.0,0.0,TER-005,True,True,0.0,False,
LQ-202606-0122,VEH-026,2026-06-09,2026-06-09,RUT-08,KILOMETRO,384.96,5426.0,2088792.96,0.0,2088792.96,PL-552862,0.0,0.0,,True,False,0.0,False,
LQ-202504-0045,VEH-011,2025-04-29,2025-04-29,RUT-11,HORA_24,1.0,513386.0,513386.0,0.0,513386.0,PL-589518,0.0,0.0,,True,False,0.0,False,
LQ-202510-0074,VEH-022,2025-10-05,2025-10-05,RUT-03,KILOMETRO,320.51,3644.0,1167938.44,0.0,1167938.44,PL-503992,3.0,98542.0,,True,False,295626.0,False,
LQ-202503-0037,VEH-009,2025-03-17,2025-03-17,RUT-11,HORA,9.24,36951.0,341427.24,0.0,341427.24,PL-455488,0.0,0.0,TER-010,True,True,0.0,False,
LQ-202512-0085,VEH-028,2025-12-11,2025-12-11,RUT-12,HORA_24,1.0,329005.0,329005.0,0.0,329005.0,PL-843748,0.0,0.0,,True,False,0.0,False,
LQ-202511-0081,VEH-004,2025-11-13,2025-11-14,RUT-14,HORA_12,1.0,255004.0,255004.0,0.0,255004.0,PL-840469,0.0,0.0,TER-011,True,True,0.0,False,
LQ-202505-0050,VEH-033,2025-05-22,2025-05-24,RUT-12,HORA_24,1.0,427586.0,427586.0,0.0,427586.0,PL-526919,0.0,0.0,TER-009,True,True,0.0,False,
LQ-202409-0003,VEH-030,2024-09-03,2024-09-04,RUT-07,HORA_24,1.0,431386.0,431386.0,0.0,431386.0,PL-223172,0.0,0.0,,True,False,0.0,False,
LQ-202608-0130,VEH-005,2026-08-05,2026-08-08,RUT-01,HORA_24,1.0,443228.0,443228.0,3.19,429089.03,PL-369966,1.0,103460.0,TER-011,True,True,103460.0,False,
LQ-202504-0045,VEH-034,2025-04-06,2025-04-08,RUT-09,HORA_24,1.0,464411.0,464411.0,0.0,464411.0,PL-308102,0.0,0.0,,True,False,0.0,False,
LQ-202503-0040,VEH-013,2025-03-13,2025-03-16,RUT-06,HORA_24,1.0,485816.0,485816.0,0.0,485816.0,PL-143096,0.0,0.0,,True,False,0.0,False,
LQ-202605-0114,VEH-033,2026-05-13,2026-05-15,RUT-09,HORA_12,1.0,269570.0,269570.0,0.0,269570.0,PL-803807,2.0,105412.0,,True,False,210824.0,False,
LQ-202507-0059,VEH-025,2025-07-22,2025-07-23,RUT-08,HORA_12,1.0,289431.0,289431.0,0.0,289431.0,PL-470334,0.0,0.0,TER-011,True,True,0.0,False,
LQ-202606-0120,VEH-037,2026-06-04,2026-06-04,RUT-09,HORA_12,1.0,300116.0,300116.0,0.0,300116.0,PL-501464,0.0,0.0,TER-005,True,True,0.0,False,
LQ-202603-0103,VEH-016,2026-03-11,2026-03-12,RUT-14,HORA_12,1.0,297107.0,297107.0,0.0,297107.0,PL-864893,0.0,0.0,,True,False,0.0,False,
LQ-202509-0071,VEH-006,2025-09-16,2025-09-18,RUT-02,HORA_12,1.0,292678.0,292678.0,0.0,292678.0,PL-486253,1.0,102835.0,,True,False,102835.0,False,
LQ-202607-0126,VEH-006,2026-07-08,2026-07-10,RUT-11,HORA_24,1.0,484644.0,484644.0,4.01,465209.78,PL-887217,0.0,0.0,,True,False,0.0,False,
LQ-202507-0061,VEH-019,2025-07-03,2025-07-04,RUT-11,HORA_24,1.0,8128863.0,8128863.0,0.0,8128863.0,PL-861255,0.0,0.0,TER-010,True,True,0.0,True,tarifa fuera de rango
LQ-202604-0109,VEH-014,2026-04-25,2026-04-25,RUT-06,KILOMETRO,205.49,3984.0,818672.16,0.0,818672.16,PL-959423,0.0,0.0,,True,False,0.0,False,
LQ-202505-0049,VEH-010,2025-05-07,2025-05-07,RUT-10,HORA,9.37,32730.0,306680.1,0.0,306680.1,PL-336508,0.0,0.0,,True,False,0.0,False,
LQ-202603-0103,VEH-022,2026-03-17,2026-03-20,RUT-06,HORA_12,1.0,259103.0,259103.0,0.0,259103.0,PL-947276,1.0,101508.0,,True,False,101508.0,False,
LQ-202504-0043,VEH-008,2025-04-28,2025-04-29,RUT-02,HORA_12,1.0,281096.0,281096.0,0.0,281096.0,,0.0,0.0,,False,False,0.0,False,
LQ-202512-0087,VEH-034,2025-12-03,2025-12-06,RUT-01,HORA_24,1.0,344790.0,344790.0,0.0,344790.0,PL-392448,1.0,72264.0,TER-004,True,True,72264.0,False,
LQ-202607-0124,VEH-009,2026-07-05,2026-07-06,RUT-13,HORA_12,1.0,292327.0,292327.0,0.0,292327.0,,0.0,0.0,,False,False,0.0,False,
LQ-202410-0012,VEH-013,2024-10-14,2024-10-15,RUT-15,HORA_24,1.0,462141.0,462141.0,5.6,436261.1,PL-529161,0.0,0.0,,True,False,0.0,False,
LQ-202502-0033,VEH-021,2025-02-18,2025-02-19,RUT-10,HORA_24,1.0,382247.0,382247.0,0.0,382247.0,PL-908746,0.0,0.0,,True,False,0.0,False,
LQ-202601-0091,VEH-005,2026-01-19,2026-01-21,RUT-14,HORA_24,1.0,312739.0,312739.0,2.6,304607.79,PL-555250,0.0,0.0,,True,False,0.0,False,
LQ-202501-0026,VEH-016,2025-01-12,2025-01-12,RUT-07,KILOMETRO,342.51,3556.0,1217965.56,3.97,1169612.33,PL-779564,0.0,0.0,,True,False,0.0,False,
LQ-202507-0063,VEH-004,2025-07-05,2025-07-05,RUT-10,HORA_24,1.0,514872.0,514872.0,0.0,514872.0,PL-495477,0.0,0.0,,True,False,0.0,False,
LQ-202511-0080,VEH-019,2025-11-28,2025-11-29,RUT-09,HORA_24,1.0,460133.0,460133.0,0.0,460133.0,PL-627841,0.0,0.0,TER-001,True,True,0.0,False,
LQ-202501-0026,VEH-009,2025-01-11,2025-01-11,RUT-05,HORA,5.38,22839.0,122873.82,2.47,119838.84,PL-977589,0.0,0.0,,True,False,0.0,False,
LQ-202604-0112,VEH-018,2026-04-15,2026-04-15,RUT-01,HORA_12,1.0,287255.0,287255.0,0.0,287255.0,PL-536809,0.0,0.0,,True,False,0.0,False,
LQ-202410-0012,VEH-032,2024-10-19,2024-10-20,RUT-10,HORA_24,1.0,429156.0,429156.0,0.0,429156.0,PL-668458,0.0,0.0,,True,False,0.0,False,
LQ-202510-0075,VEH-024,2025-10-04,2025-10-04,RUT-07,HORA_12,1.0,271237.0,271237.0,0.0,271237.0,PL-965622,0.0,0.0,,True,False,0.0,False,
LQ-202605-0116,VEH-034,2026-05-28,2026-05-28,RUT-05,HORA,8.66,33451.0,289685.66,0.0,289685.66,PL-673172,3.0,112140.0,,True,False,336420.0,False,
LQ-202507-0059,VEH-007,2025-07-11,2025-07-13,RUT-11,HORA_24,1.0,498197.0,498197.0,0.0,498197.0,PL-716881,0.0,0.0,TER-008,True,True,0.0,False,
LQ-202509-0071,VEH-016,2025-09-11,2025-09-11,RUT-11,KILOMETRO,162.16,3911.0,634207.76,0.0,634207.76,PL-557793,0.0,0.0,,True,False,0.0,False,
LQ-202508-0065,VEH-001,2025-08-30,2025-08-30,RUT-10,HORA_24,1.0,489600.0,489600.0,0.0,489600.0,PL-170249,0.0,0.0,,True,False,0.0,False,
LQ-202501-0027,VEH-003,2025-01-14,2025-01-14,RUT-08,HORA_24,1.0,347134.0,347134.0,0.0,347134.0,PL-562966,0.0,0.0,,True,False,0.0,False,
LQ-202606-0120,VEH-024,2026-06-27,2026-06-28,RUT-11,HORA_24,1.0,538536.0,538536.0,0.0,538536.0,PL-733525,0.0,0.0,TER-006,True,True,0.0,False,
LQ-202601-0092,VEH-006,2026-01-22,2026-01-24,RUT-06,HORA_12,1.0,225060.0,225060.0,0.0,225060.0,PL-437807,0.0,0.0,,True,False,0.0,False,
LQ-202411-0017,VEH-037,2024-11-13,2024-11-15,RUT-14,HORA_24,1.0,417378.0,417378.0,0.0,417378.0,PL-819335,0.0,0.0,TER-002,True,True,0.0,False,
LQ-202503-0037,VEH-036,2025-03-28,2025-03-29,RUT-14,HORA_24,1.0,509432.0,509432.0,0.0,509432.0,PL-541531,0.0,0.0,TER-004,True,True,0.0,False,
LQ-202503-0038,VEH-025,2025-03-21,2025-03-22,RUT-04,HORA_24,1.0,465679.0,465679.0,0.0,465679.0,PL-907814,1.0,97604.0,TER-001,True,True,97604.0,False,
LQ-202510-0078,VEH-016,2025-10-02,2025-10-03,RUT-03,HORA_12,1.0,256576.0,256576.0,0.0,256576.0,PL-509913,2.0,98542.0,,True,False,197084.0,False,
LQ-202602-0100,VEH-014,2026-02-16,2026-02-16,RUT-08,HORA,6.91,34635.0,239327.85,0.0,239327.85,PL-484270,0.0,0.0,TER-011,True,True,0.0,False,
LQ-202507-0063,VEH-005,2025-07-05,2025-07-05,RUT-04,HORA_24,1.0,449561.0,449561.0,0.0,449561.0,PL-318464,0.0,0.0,TER-006,True,True,0.0,False,
LQ-202508-0066,VEH-001,2025-08-20,2025-08-20,RUT-05,HORA_24,1.0,448979.0,448979.0,0.0,448979.0,PL-520169,0.0,0.0,,True,False,0.0,False,
LQ-202607-0123,VEH-012,2026-07-30,2026-07-31,RUT-08,HORA_24,1.0,529735.0,529735.0,0.0,529735.0,PL-487907,0.0,0.0,TER-012,True,True,0.0,False,
LQ-202412-0023,VEH-015,2024-12-26,2024-12-27,RUT-13,HORA_12,1.0,185754.0,185754.0,0.0,185754.0,PL-190674,0.0,0.0,,True,False,0.0,False,
LQ-202603-0107,VEH-013,2026-03-05,2026-03-07,RUT-09,HORA_24,1.0,497888.0,497888.0,0.0,497888.0,PL-859365,0.0,0.0,TER-008,True,True,0.0,False,
LQ-202604-0110,VEH-013,2026-04-29,2026-04-30,RUT-03,HORA_24,1.0,503365.0,503365.0,0.0,503365.0,,1.0,105910.0,,False,False,105910.0,False,
LQ-202501-0027,VEH-037,2025-01-06,2025-01-07,RUT-05,HORA_24,1.0,398744.0,398744.0,0.0,398744.0,PL-795350,0.0,0.0,,True,False,0.0,False,
LQ-202501-0024,VEH-006,2025-01-05,2025-01-07,RUT-04,HORA_24,1.0,371770.0,371770.0,0.0,371770.0,PL-116703,0.0,0.0,,True,False,0.0,False,
LQ-202605-0115,VEH-031,2026-05-29,2026-05-29,RUT-12,KILOMETRO,365.49,4816.0,1760199.84,0.0,1760199.84,PL-189208,0.0,0.0,TER-011,True,True,0.0,False,
LQ-202603-0104,VEH-004,2026-03-06,2026-03-09,RUT-10,HORA_12,1.0,287907.0,287907.0,3.5,277830.26,PL-559071,0.0,0.0,,True,False,0.0,False,
LQ-202511-0080,VEH-005,2025-11-11,2025-11-13,RUT-09,HORA_12,1.0,210659.0,210659.0,0.0,210659.0,PL-316041,0.0,0.0,,True,False,0.0,False,
LQ-202506-0058,VEH-006,2025-06-01,2025-06-02,RUT-12,HORA_24,1.0,507007.0,507007.0,0.0,507007.0,PL-932138,0.0,0.0,,True,False,0.0,False,
LQ-202412-0022,VEH-035,2024-12-07,2024-12-10,RUT-02,HORA_24,1.0,340208.0,340208.0,0.0,340208.0,PL-256189,0.0,0.0,,True,False,0.0,False,
LQ-202509-0071,VEH-007,2025-09-23,2025-09-23,RUT-09,KILOMETRO,398.88,4707.0,1877528.16,0.0,1877528.16,PL-812169,0.0,0.0,,True,False,0.0,False,
LQ-202602-0097,VEH-026,2026-02-19,2026-02-19,RUT-04,HORA,6.61,33536.0,221672.96,0.0,221672.96,PL-902068,3.0,92723.0,,True,False,278169.0,False,
LQ-202601-0094,VEH-004,2026-01-07,2026-01-07,RUT-15,HORA,9.74,25739.0,250697.86,0.0,250697.86,PL-159626,0.0,0.0,,True,False,0.0,False,
LQ-202506-0054,VEH-001,2025-06-18,2025-06-18,RUT-09,KILOMETRO,296.48,4934.0,1462832.32,1.99,1433721.96,,0.0,0.0,,False,False,0.0,False,
LQ-202605-0116,VEH-008,2026-05-18,2026-05-20,RUT-06,HORA_24,1.0,575091.0,575091.0,0.0,575091.0,PL-321850,0.0,0.0,,True,False,0.0,False,
LQ-202503-0035,VEH-017,2025-03-04,2025-03-04,RUT-07,KILOMETRO,349.27,4967.0,1734824.09,0.0,1734824.09,PL-337078,3.0,103834.0,,True,False,311502.0,False,
LQ-202607-0123,VEH-013,2026-07-03,2026-07-04,RUT-14,HORA_24,1.0,526901.0,526901.0,0.0,526901.0,PL-901834,0.0,0.0,,True,False,0.0,False,
LQ-202603-0107,VEH-016,2026-03-21,2026-03-24,RUT-06,HORA_24,1.0,478867.0,478867.0,5.49,452577.2,PL-139169,0.0,0.0,TER-005,True,True,0.0,False,
LQ-202410-0010,VEH-005,2024-10-22,2024-10-23,RUT-09,HORA_24,1.0,411732.0,411732.0,0.0,411732.0,PL-117500,0.0,0.0,,True,False,0.0,False,
LQ-202505-0051,VEH-019,2025-05-13,2025-05-14,RUT-15,HORA_24,1.0,510288.0,510288.0,0.0,510288.0,PL-104968,0.0,0.0,,True,False,0.0,False,
LQ-202608-0134,VEH-014,2026-08-19,2026-08-21,RUT-08,HORA_24,1.0,465421.0,465421.0,0.0,465421.0,PL-275600,0.0,0.0,,True,False,0.0,False,
LQ-202607-0128,VEH-019,2026-07-25,2026-07-25,RUT-08,HORA_12,1.0,267646.0,267646.0,0.0,267646.0,PL-522085,0.0,0.0,TER-008,True,True,0.0,False,
LQ-202412-0018,VEH-022,2024-12-16,2024-12-18,RUT-13,HORA_24,1.0,349672.0,349672.0,0.0,349672.0,PL-184120,0.0,0.0,,True,False,0.0,False,
LQ-202409-0002,VEH-030,2024-09-16,2024-09-16,RUT-14,HORA,5.81,31084.0,180598.04,4.55,172380.83,PL-841666,0.0,0.0,TER-003,True,True,0.0,False,
LQ-202601-0091,VEH-033,2026-01-12,2026-01-15,RUT-08,HORA_24,1.0,388626.0,388626.0,0.0,388626.0,PL-410634,0.0,0.0,,True,False,0.0,False,
LQ-202606-0121,VEH-035,2026-06-18,2026-06-19,RUT-14,HORA_24,1.0,523824.0,523824.0,0.0,523824.0,,0.0,0.0,TER-004,False,True,0.0,False,
LQ-202605-0114,VEH-002,2026-05-31,2026-05-31,RUT-05,HORA_12,1.0,260405.0,260405.0,0.0,260405.0,PL-767083,2.0,105412.0,,True,False,210824.0,False,
LQ-202601-0092,VEH-009,2026-01-03,2026-01-05,RUT-09,HORA_24,1.0,358031.0,358031.0,0.0,358031.0,PL-475090,0.0,0.0,TER-001,True,True,0.0,False,
LQ-202409-0006,VEH-029,2024-09-14,2024-09-14,RUT-14,HORA_12,1.0,250997.0,250997.0,0.0,250997.0,PL-466566,0.0,0.0,,True,False,0.0,False,
LQ-202607-0123,VEH-023,2026-07-15,2026-07-15,RUT-01,KILOMETRO,321.45,4924.0,1582819.8,0.0,1582819.8,PL-388545,0.0,0.0,,True,False,0.0,False,
LQ-202512-0085,VEH-040,2025-12-21,2025-12-21,RUT-02,KILOMETRO,148.54,3133.0,465375.82,0.0,465375.82,PL-671493,1.0,72264.0,,True,False,72264.0,False,
LQ-202508-0066,VEH-015,2025-08-09,2025-08-09,RUT-02,HORA_12,1.0,269168.0,269168.0,0.0,269168.0,PL-980525,1.0,99481.0,,True,False,99481.0,False,
LQ-202608-0131,VEH-015,2026-08-29,2026-08-30,RUT-07,HORA_12,1.0,307024.0,307024.0,0.0,307024.0,PL-800690,0.0,0.0,,True,False,0.0,False,
LQ-202412-0018,VEH-018,2024-12-11,2024-12-11,RUT-14,HORA_24,1.0,347272.0,347272.0,0.0,347272.0,PL-680557,0.0,0.0,,True,False,0.0,False,
LQ-202505-0048,VEH-002,2025-05-07,2025-05-09,RUT-06,HORA_12,1.0,294010.0,294010.0,0.0,294010.0,PL-247083,0.0,0.0,TER-007,True,True,0.0,False,
LQ-202409-0001,VEH-005,2024-09-06,2024-09-08,RUT-07,HORA_24,1.0,486995.0,486995.0,0.0,486995.0,PL-564656,0.0,0.0,,True,False,0.0,False,
LQ-202412-0020,VEH-008,2024-12-04,2024-12-04,RUT-01,KILOMETRO,326.25,2894.0,944167.5,4.07,905739.88,PL-873291,0.0,0.0,,True,False,0.0,False,
LQ-202512-0087,VEH-014,2025-12-27,2025-12-29,RUT-06,HORA_12,1.0,187497.0,187497.0,7.86,172759.74,PL-249865,0.0,0.0,,True,False,0.0,False,
LQ-202603-0107,VEH-027,2026-03-29,2026-03-29,RUT-09,HORA,9.62,28671.0,275815.02,0.0,275815.02,PL-522101,0.0,0.0,,True,False,0.0,False,
LQ-202409-0006,VEH-016,2024-09-27,2024-09-28,RUT-03,HORA_24,1.0,390331.0,390331.0,0.0,390331.0,PL-565776,2.0,92947.0,,True,False,185894.0,False,
LQ-202605-0117,VEH-024,2026-05-15,2026-05-16,RUT-10,HORA_12,1.0,266827.0,266827.0,0.0,266827.0,PL-123967,0.0,0.0,TER-002,True,True,0.0,False,
LQ-202410-0010,VEH-019,2024-10-27,2024-10-28,RUT-07,HORA_24,1.0,463741.0,463741.0,0.0,463741.0,PL-454161,0.0,0.0,,True,False,0.0,False,
LQ-202410-0010,VEH-006,2024-10-26,2024-10-26,RUT-06,KILOMETRO,473.23,4096.0,1938350.08,0.0,1938350.08,PL-360221,0.0,0.0,,True,False,0.0,False,
LQ-202511-0083,VEH-007,2025-11-19,2025-11-19,RUT-10,HORA,9.75,27785.0,270903.75,0.0,270903.75,PL-475357,0.0,0.0,,True,False,0.0,False,
LQ-202508-0066,VEH-001,2025-08-09,2025-08-11,RUT-10,HORA_24,1.0,485326.0,485326.0,0.0,485326.0,PL-151539,2.0,99481.0,TER-011,True,True,198962.0,False,
LQ-202502-0034,VEH-039,2025-02-05,2025-02-07,RUT-04,HORA_24,1.0,427942.0,427942.0,0.0,427942.0,PL-678888,1.0,89157.0,TER-006,True,True,89157.0,False,
LQ-202411-0015,VEH-013,2024-11-18,2024-11-18,RUT-06,KILOMETRO,287.11,4164.0,1195526.04,2.2,1169224.47,PL-750706,0.0,0.0,,True,False,0.0,False,
LQ-202412-0022,VEH-035,2024-12-19,2024-12-20,RUT-12,HORA_24,1.0,317475.0,317475.0,0.0,317475.0,PL-774661,0.0,0.0,,True,False,0.0,False,
LQ-202601-0095,VEH-014,2026-01-25,2026-01-28,RUT-03,HORA_24,1.0,355992.0,355992.0,0.0,355992.0,PL-788796,0.0,0.0,,True,False,0.0,False,
LQ-202502-0030,VEH-021,2025-02-05,2025-02-06,RUT-03,HORA_24,1.0,384002.0,384002.0,0.0,384002.0,PL-728672,2.0,89157.0,,True,False,178314.0,False,
LQ-202605-0116,VEH-006,2026-05-04,2026-05-04,RUT-09,HORA_24,13.16,597764.0,7866574.24,0.0,7866574.24,PL-487838,0.0,0.0,,True,False,0.0,True,cantidad fuera de rango
LQ-202510-0077,VEH-037,2025-10-31,2025-10-31,RUT-14,HORA_12,1.0,307284.0,307284.0,0.0,307284.0,PL-149276,0.0,0.0,,True,False,0.0,False,
LQ-202606-0120,VEH-039,2026-06-10,2026-06-12,RUT-08,HORA_24,1.0,561600.0,561600.0,0.0,561600.0,PL-934348,0.0,0.0,,True,False,0.0,False,
LQ-202505-0051,VEH-026,2025-05-16,2025-05-18,RUT-13,HORA_24,1.0,481481.0,481481.0,0.0,481481.0,,0.0,0.0,,False,False,0.0,False,
LQ-202504-0041,VEH-025,2025-04-20,2025-04-21,RUT-06,HORA_12,1.0,4757828.0,4757828.0,0.0,4757828.0,PL-174310,0.0,0.0,,True,False,0.0,True,tarifa fuera de rango
LQ-202510-0077,VEH-019,2025-10-14,2025-10-14,RUT-14,KILOMETRO,282.31,4295.0,1212521.45,9.51,1097210.66,PL-572239,0.0,0.0,,True,False,0.0,False,
LQ-202607-0126,VEH-020,2026-07-27,2026-07-28,RUT-02,HORA_24,1.0,499015.0,499015.0,0.0,499015.0,PL-145045,2.0,106388.0,TER-010,True,True,212776.0,False,
LQ-202412-0020,VEH-001,2024-12-26,2024-12-26,RUT-05,HORA_12,1.0,220239.0,220239.0,0.0,220239.0,PL-219366,2.0,73920.0,,True,False,147840.0,False,
LQ-202510-0077,VEH-002,2025-10-09,2025-10-09,RUT-02,HORA,8.77,34990.0,306862.3,0.0,306862.3,PL-873732,1.0,104832.0,,True,False,104832.0,False,
LQ-202506-0053,VEH-010,2025-06-28,2025-06-29,RUT-01,HORA_24,1.0,514044.0,514044.0,0.0,514044.0,PL-518820,3.0,110822.0,,True,False,332466.0,False,
LQ-202511-0079,VEH-001,2025-11-03,2025-11-03,RUT-10,HORA,7.44,30268.0,225193.92,0.0,225193.92,PL-124266,0.0,0.0,,True,False,0.0,False,
LQ-202602-0100,VEH-027,2026-02-12,2026-02-14,RUT-03,HORA_24,1.0,444335.0,444335.0,0.0,444335.0,PL-909968,0.0,0.0,,True,False,0.0,False,
LQ-202604-0109,VEH-026,2026-04-11,2026-04-12,RUT-03,HORA_24,1.0,475329.0,475329.0,0.0,475329.0,,3.0,99556.0,,False,False,298668.0,False,
LQ-202512-0088,VEH-029,2025-12-14,2025-12-16,RUT-08,HORA_24,1.0,402193.0,402193.0,1.35,396763.39,PL-453976,3.0,76877.0,,True,False,230631.0,False,
LQ-202602-0097,VEH-006,2026-02-20,2026-02-21,RUT-11,HORA_24,1.0,410182.0,410182.0,0.0,410182.0,PL-902693,0.0,0.0,,True,False,0.0,False,
LQ-202601-0092,VEH-023,2026-01-14,2026-01-14,RUT-07,KILOMETRO,339.42,3292.0,1117370.64,0.0,1117370.64,PL-285383,0.0,0.0,,True,False,0.0,False,
LQ-202604-0110,VEH-015,2026-04-17,2026-04-18,RUT-09,HORA_12,1.0,288738.0,288738.0,3.79,277794.83,,0.0,0.0,,False,False,0.0,False,
LQ-202511-0083,VEH-011,2025-11-26,2025-11-27,RUT-08,HORA_24,1.0,401049.0,401049.0,3.05,388817.01,PL-791897,0.0,0.0,,True,False,0.0,False,
LQ-202503-0040,VEH-036,2025-03-23,2025-03-23,RUT-12,HORA_12,1.0,270076.0,270076.0,0.0,270076.0,PL-876390,0.0,0.0,,True,False,0.0,False,
LQ-202607-0127,VEH-035,2026-07-08,2026-07-08,RUT-04,HORA,2.23,43245.0,96436.35,0.0,96436.35,PL-628344,1.0,113179.0,,True,False,113179.0,False,
LQ-202606-0121,VEH-031,2026-06-14,2026-06-14,RUT-09,HORA,12.53,35578.0,445792.34,0.0,445792.34,PL-682585,0.0,0.0,,True,False,0.0,False,
LQ-202510-0073,VEH-037,2025-10-11,2025-10-11,RUT-11,KILOMETRO,240.3,4491.0,1079187.3,0.0,1079187.3,,0.0,0.0,,False,False,0.0,False,
LQ-202409-0002,VEH-030,2024-09-01,2024-09-01,RUT-11,HORA_12,1.0,264839.0,264839.0,0.0,264839.0,PL-290556,0.0,0.0,TER-007,True,True,0.0,False,
LQ-202508-0065,VEH-027,2025-08-04,2025-08-04,RUT-13,HORA_12,1.0,279407.0,279407.0,3.44,269795.4,PL-680746,3.0,105830.0,TER-008,True,True,317490.0,False,
LQ-202410-0007,VEH-033,2024-10-25,2024-10-26,RUT-06,HORA_12,1.0,278207.0,278207.0,0.0,278207.0,PL-142210,0.0,0.0,TER-003,True,True,0.0,False,
LQ-202601-0094,VEH-024,2026-01-23,2026-01-24,RUT-08,HORA_24,1.0,443882.0,443882.0,0.0,443882.0,PL-253357,0.0,0.0,,True,False,0.0,False,
LQ-202607-0126,VEH-020,2026-07-29,2026-07-31,RUT-15,HORA_12,1.0,279173.0,279173.0,0.0,279173.0,PL-154325,0.0,0.0,,True,False,0.0,False,
LQ-202608-0131,VEH-038,2026-08-06,2026-08-07,RUT-11,HORA_24,1.0,517867.0,517867.0,0.0,517867.0,PL-975034,0.0,0.0,,True,False,0.0,False,
LQ-202509-0067,VEH-007,2025-09-16,2025-09-17,RUT-02,HORA_24,1.0,541920.0,541920.0,0.0,541920.0,PL-116325,0.0,0.0,,True,False,0.0,False,
LQ-202409-0003,VEH-038,2024-09-17,2024-09-20,RUT-13,HORA_12,1.0,231498.0,231498.0,0.0,231498.0,PL-549660,0.0,0.0,,True,False,0.0,False,
LQ-202509-0068,VEH-032,2025-09-28,2025-09-29,RUT-01,HORA_12,1.0,242055.0,242055.0,0.0,242055.0,PL-970847,0.0,0.0,TER-010,True,True,0.0,False,
LQ-202510-0074,VEH-026,2025-10-12,2025-10-13,RUT-15,HORA_24,1.0,492219.0,492219.0,0.5,489757.9,PL-466256,0.0,0.0,,True,False,0.0,False,
LQ-202510-0073,VEH-018,2025-10-06,2025-10-07,RUT-01,HORA_24,1.0,438953.0,438953.0,0.0,438953.0,PL-542629,0.0,0.0,,True,False,0.0,False,
LQ-202604-0109,VEH-028,2026-04-25,2026-04-26,RUT-05,HORA_12,1.0,256617.0,256617.0,0.0,256617.0,PL-903989,0.0,0.0,,True,False,0.0,False,
LQ-202505-0051,VEH-031,2025-05-19,2025-05-22,RUT-07,HORA_24,1.0,518975.0,518975.0,0.0,518975.0,,0.0,0.0,,False,False,0.0,False,
LQ-202509-0071,VEH-010,2025-09-28,2025-09-28,RUT-03,HORA_12,1.0,275343.0,275343.0,0.0,275343.0,,2.0,102835.0,,False,False,205670.0,False,
LQ-202509-0067,VEH-014,2025-09-28,2025-09-30,RUT-02,HORA_24,1.0,513534.0,513534.0,0.0,513534.0,PL-972039,1.0,102835.0,,True,False,102835.0,False,
LQ-202512-0087,VEH-026,2025-12-22,2025-12-24,RUT-09,HORA_24,1.0,345311.0,345311.0,0.0,345311.0,PL-934103,0.0,0.0,TER-007,True,True,0.0,False,
LQ-202607-0125,VEH-007,2026-07-06,2026-07-06,RUT-10,HORA,7.1,35121.0,249359.1,0.0,249359.1,PL-545032,2.0,113179.0,,True,False,226358.0,False,
LQ-202604-0110,VEH-005,2026-04-10,2026-04-10,RUT-09,HORA,8.95,36649.0,328008.55,0.0,328008.55,PL-558074,0.0,0.0,,True,False,0.0,False,
LQ-202606-0120,VEH-004,2026-06-23,2026-06-26,RUT-12,HORA_24,1.0,560706.0,560706.0,11.01,498972.27,PL-756166,0.0,0.0,,True,False,0.0,False,
LQ-202503-0037,VEH-001,2025-03-30,2025-03-31,RUT-08,HORA_24,1.0,449201.0,449201.0,0.5,446955.0,PL-732599,0.0,0.0,TER-007,True,True,0.0,False,
LQ-202410-0012,VEH-016,2024-10-18,2024-10-18,RUT-12,HORA,2.72,32885.0,89447.2,0.0,89447.2,PL-200575,0.0,0.0,TER-010,True,True,0.0,False,
LQ-202603-0102,VEH-016,2026-03-30,2026-03-31,RUT-07,HORA_12,1.0,312548.0,312548.0,0.0,312548.0,PL-642480,0.0,0.0,,True,False,0.0,False,
LQ-202505-0050,VEH-039,2025-05-18,2025-05-18,RUT-08,HORA,7.54,37200.0,280488.0,0.0,280488.0,PL-644176,0.0,0.0,,True,False,0.0,False,
LQ-202510-0075,VEH-016,2025-10-30,2025-10-30,RUT-15,HORA_24,1.0,452190.0,452190.0,0.0,452190.0,PL-907743,0.0,0.0,TER-003,True,True,0.0,False,
LQ-202509-0072,VEH-025,2025-09-25,2025-09-25,RUT-02,HORA,5.47,33188.0,181538.36,0.0,181538.36,PL-140448,1.0,96665.0,TER-008,True,True,96665.0,False,
LQ-202504-0044,VEH-010,2025-04-26,2025-04-27,RUT-01,HORA_24,1.0,483259.0,483259.0,0.0,483259.0,PL-250295,3.0,95727.0,TER-001,True,True,287181.0,False,
LQ-202507-0060,VEH-006,2025-07-07,2025-07-08,RUT-14,HORA_12,1.0,269200.0,269200.0,0.0,269200.0,PL-643115,0.0,0.0,TER-008,True,True,0.0,False,
LQ-202502-0034,VEH-012,2025-02-02,2025-02-03,RUT-15,HORA_12,1.0,243508.0,243508.0,0.0,243508.0,PL-461940,0.0,0.0,,True,False,0.0,False,
LQ-202602-0101,VEH-013,2026-02-27,2026-02-28,RUT-09,HORA_24,1.0,413842.0,413842.0,4.55,395012.19,PL-977787,0.0,0.0,TER-012,True,True,0.0,False,
LQ-202504-0042,VEH-012,2025-04-10,2025-04-10,RUT-07,HORA,5.53,29204.0,161498.12,0.0,161498.12,PL-250152,0.0,0.0,TER-012,True,True,0.0,False,
LQ-202509-0067,VEH-014,2025-09-30,2025-09-30,RUT-09,HORA_12,1.0,250787.0,250787.0,0.0,250787.0,PL-275933,0.0,0.0,TER-001,True,True,0.0,False,
LQ-202502-0030,VEH-025,2025-02-22,2025-02-22,RUT-13,HORA,10.09,28903.0,291631.27,0.0,291631.27,PL-887803,0.0,0.0,,True,False,0.0,False,
LQ-202410-0009,VEH-018,2024-10-28,2024-10-31,RUT-15,HORA_24,1.0,483829.0,483829.0,0.0,483829.0,PL-669408,0.0,0.0,,True,False,0.0,False,
LQ-202504-0041,VEH-014,2025-04-21,2025-04-21,RUT-12,KILOMETRO,298.13,4729.0,1409856.77,0.0,1409856.77,PL-698076,0.0,0.0,,True,False,0.0,False,
LQ-202607-0124,VEH-036,2026-07-03,2026-07-03,RUT-01,HORA_12,1.0,283178.0,283178.0,0.0,283178.0,PL-306468,0.0,0.0,,True,False,0.0,False,
LQ-202501-0028,VEH-036,2025-01-11,2025-01-13,RUT-05,HORA_24,1.0,383014.0,383014.0,0.0,383014.0,PL-380484,0.0,0.0,,True,False,0.0,False,
LQ-202602-0101,VEH-008,2026-02-05,2026-02-05,RUT-11,HORA,1.59,30735.0,48868.65,0.0,48868.65,PL-524146,0.0,0.0,,True,False,0.0,False,
LQ-202602-0101,VEH-040,2026-02-14,2026-02-14,RUT-06,KILOMETRO,509.33,4071.0,2073482.43,0.0,2073482.43,PL-753724,0.0,0.0,,True,False,0.0,False,
LQ-202412-0018,VEH-037,2024-12-18,2024-12-18,RUT-08,HORA,6.18,21418.0,132363.24,0.0,132363.24,PL-305625,0.0,0.0,,True,False,0.0,False,
LQ-202601-0095,VEH-020,2026-01-28,2026-01-31,RUT-03,HORA_24,1.0,395055.0,395055.0,0.0,395055.0,PL-642727,2.0,80035.0,,True,False,160070.0,False,
LQ-202506-0058,VEH-011,2025-06-16,2025-06-17,RUT-02,HORA_12,1.0,312292.0,312292.0,0.0,312292.0,PL-828664,2.0,104173.0,,True,False,208346.0,False,
LQ-202604-0112,VEH-019,2026-04-15,2026-04-18,RUT-12,HORA_12,1.0,296585.0,296585.0,0.0,296585.0,PL-532310,0.0,0.0,TER-001,True,True,0.0,False,
LQ-202411-0013,VEH-024,2024-11-13,2024-11-13,RUT-10,HORA_12,1.0,248526.0,248526.0,3.49,239852.44,PL-688730,0.0,0.0,,True,False,0.0,False,
LQ-202605-0115,VEH-014,2026-05-08,2026-05-08,RUT-03,HORA_12,1.0,294260.0,294260.0,0.0,294260.0,PL-223387,0.0,0.0,,True,False,0.0,False,
LQ-202604-0111,VEH-033,2026-04-06,2026-04-07,RUT-10,HORA_24,1.0,482287.0,482287.0,0.0,482287.0,PL-437166,0.0,0.0,TER-004,True,True,0.0,False,
LQ-202501-0026,VEH-018,2025-01-18,2025-01-18,RUT-06,KILOMETRO,310.85,3463.0,1076473.55,0.0,1076473.55,PL-922370,0.0,0.0,,True,False,0.0,False,
LQ-202411-0016,VEH-004,2024-11-07,2024-11-07,RUT-05,HORA_12,1.0,246152.0,246152.0,0.0,246152.0,PL-992744,0.0,0.0,,True,False,0.0,False,
LQ-202608-0129,VEH-022,2026-08-21,2026-08-22,RUT-15,HORA_24,1.0,539921.0,539921.0,0.0,539921.0,PL-370359,0.0,0.0,TER-002,True,True,0.0,False,
LQ-202602-0098,VEH-016,2026-02-11,2026-02-14,RUT-04,HORA_24,1.0,487322.0,487322.0,0.0,487322.0,,0.0,0.0,,False,False,0.0,False,
LQ-202411-0017,VEH-033,2024-11-28,2024-11-28,RUT-10,KILOMETRO,312.58,4241.0,1325651.78,0.0,1325651.78,PL-393880,0.0,0.0,,True,False,0.0,False,
LQ-202411-0017,VEH-037,2024-11-26,2024-11-29,RUT-06,HORA_12,1.0,2871137.0,2871137.0,0.0,2871137.0,PL-150026,0.0,0.0,,True,False,0.0,True,tarifa fuera de rango
LQ-202501-0028,VEH-029,2025-01-05,2025-01-08,RUT-15,HORA_24,1.0,393041.0,393041.0,0.0,393041.0,PL-713654,0.0,0.0,TER-005,True,True,0.0,False,
LQ-202506-0055,VEH-002,2025-06-14,2025-06-14,RUT-13,HORA_24,1.0,490050.0,490050.0,0.0,490050.0,PL-301961,0.0,0.0,,True,False,0.0,False,
LQ-202601-0093,VEH-028,2026-01-14,2026-01-14,RUT-02,HORA_12,1.0,215159.0,215159.0,6.98,200140.9,PL-937637,2.0,80035.0,,True,False,160070.0,False,
LQ-202510-0075,VEH-003,2025-10-29,2025-10-29,RUT-07,HORA_12,1.0,264730.0,264730.0,0.0,264730.0,PL-271994,0.0,0.0,,True,False,0.0,False,
LQ-202410-0007,VEH-024,2024-10-01,2024-10-01,RUT-09,HORA_12,1.0,263859.0,263859.0,0.0,263859.0,PL-900961,0.0,0.0,,True,False,0.0,False,
LQ-202511-0079,VEH-006,2025-11-04,2025-11-06,RUT-11,HORA_24,1.0,421964.0,421964.0,0.0,421964.0,PL-279022,0.0,0.0,,True,False,0.0,False,
LQ-202505-0050,VEH-009,2025-05-31,2025-05-31,RUT-05,HORA_24,1.0,492000.0,492000.0,0.0,492000.0,PL-515494,3.0,101358.0,TER-008,True,True,304074.0,False,
LQ-202503-0036,VEH-012,2025-03-01,2025-03-03,RUT-14,HORA_24,1.0,471353.0,471353.0,0.0,471353.0,PL-368422,0.0,0.0,,True,False,0.0,False,
LQ-202410-0007,VEH-039,2024-10-05,2024-10-06,RUT-10,HORA_12,1.0,284916.0,284916.0,0.0,284916.0,PL-454019,0.0,0.0,,True,False,0.0,False,
LQ-202511-0082,VEH-024,2025-11-02,2025-11-02,RUT-10,HORA,0.97,32948.0,31959.56,0.0,31959.56,PL-914355,0.0,0.0,,True,False,0.0,False,
LQ-202509-0069,VEH-038,2025-09-02,2025-09-02,RUT-07,KILOMETRO,346.43,4213.0,1459509.59,0.0,1459509.59,PL-674571,0.0,0.0,TER-012,True,True,0.0,False,
LQ-202508-0066,VEH-018,2025-08-15,2025-08-15,RUT-06,KILOMETRO,84.04,3619.0,304140.76,0.0,304140.76,PL-567785,0.0,0.0,TER-012,True,True,0.0,False,
LQ-202411-0017,VEH-003,2024-11-02,2024-11-02,RUT-03,HORA,6.12,23026.0,140919.12,0.0,140919.12,PL-626883,3.0,88435.0,,True,False,265305.0,False,
LQ-202504-0045,VEH-023,2025-04-13,2025-04-13,RUT-10,HORA_24,1.0,492749.0,492749.0,0.0,492749.0,PL-108281,0.0,0.0,TER-008,True,True,0.0,False,
LQ-202512-0087,VEH-020,2025-12-23,2025-12-23,RUT-09,HORA,6.66,23380.0,155710.8,0.0,155710.8,PL-281010,0.0,0.0,,True,False,0.0,False,
LQ-202510-0077,VEH-003,2025-10-09,2025-10-09,RUT-14,HORA_24,1.0,533624.0,533624.0,0.0,533624.0,PL-298085,0.0,0.0,,True,False,0.0,False,
LQ-202502-0029,VEH-024,2025-02-23,2025-02-24,RUT-13,HORA_12,1.0,291418.0,291418.0,0.0,291418.0,PL-138583,0.0,0.0,TER-012,True,True,0.0,False,
LQ-202506-0056,VEH-017,2025-06-18,2025-06-18,RUT-12,HORA_24,1.0,485768.0,485768.0,0.0,485768.0,PL-575110,0.0,0.0,TER-003,True,True,0.0,False,
LQ-202509-0067,VEH-026,2025-09-14,2025-09-14,RUT-07,KILOMETRO,158.93,4657.0,740137.01,0.0,740137.01,PL-488988,0.0,0.0,TER-002,True,True,0.0,False,
LQ-202411-0017,VEH-004,2024-11-18,2024-11-18,RUT-13,HORA,9.63,26666.0,256793.58,0.0,256793.58,PL-268546,0.0,0.0,,True,False,0.0,False,
LQ-202607-0123,VEH-023,2026-07-01,2026-07-02,RUT-04,HORA_24,1.0,486688.0,486688.0,0.0,486688.0,PL-377597,2.0,113179.0,,True,False,226358.0,False,
LQ-202608-0134,VEH-036,2026-08-04,2026-08-07,RUT-02,HORA_24,1.0,508132.0,508132.0,0.0,508132.0,PL-574161,3.0,103460.0,TER-008,True,True,310380.0,False,
LQ-202603-0104,VEH-013,2026-03-22,2026-03-22,RUT-04,HORA_24,1.0,477394.0,477394.0,0.0,477394.0,PL-457589,1.0,107987.0,,True,False,107987.0,False,
LQ-202507-0061,VEH-039,2025-07-27,2025-07-27,RUT-05,HORA,8.09,35471.0,286960.39,0.0,286960.39,PL-882257,0.0,0.0,,True,False,0.0,False,
LQ-202512-0089,VEH-015,2025-12-30,2025-12-30,RUT-11,KILOMETRO,281.03,3289.0,924307.67,0.0,924307.67,PL-779662,0.0,0.0,,True,False,0.0,False,
LQ-202412-0020,VEH-020,2024-12-17,2024-12-17,RUT-07,HORA_24,1.0,348817.0,348817.0,0.0,348817.0,PL-911259,0.0,0.0,,True,False,0.0,False,
LQ-202608-0133,VEH-015,2026-08-14,2026-08-14,RUT-13,HORA_24,1.0,580991.0,580991.0,6.09,545608.65,PL-839601,0.0,0.0,TER-012,True,True,0.0,False,
LQ-202606-0121,VEH-026,2026-06-07,2026-06-08,RUT-03,HORA_12,1.0,308195.0,308195.0,0.0,308195.0,PL-220566,2.0,115255.0,,True,False,230510.0,False,
LQ-202409-0001,VEH-035,2024-09-08,2024-09-09,RUT-05,HORA_24,1.0,435567.0,435567.0,0.0,435567.0,PL-191161,3.0,98880.0,,True,False,296640.0,False,
LQ-202507-0060,VEH-014,2025-07-23,2025-07-23,RUT-08,KILOMETRO,173.26,4998.0,865953.48,0.0,865953.48,,0.0,0.0,TER-005,False,True,0.0,False,
LQ-202511-0081,VEH-032,2025-11-04,2025-11-04,RUT-02,HORA_24,1.0,402521.0,402521.0,0.0,402521.0,PL-546616,0.0,0.0,,True,False,0.0,False,
LQ-202512-0089,VEH-014,2025-12-23,2025-12-26,RUT-05,HORA_24,1.0,349240.0,349240.0,0.0,349240.0,PL-166613,2.0,72264.0,TER-012,True,True,144528.0,False,
LQ-202603-0105,VEH-009,2026-03-15,2026-03-15,RUT-06,HORA,8.79,33341.0,293067.39,0.0,293067.39,PL-520831,0.0,0.0,,True,False,0.0,False,
LQ-202508-0065,VEH-003,2025-08-21,2025-08-21,RUT-11,HORA,4.24,35200.0,149248.0,0.0,149248.0,,0.0,0.0,,False,False,0.0,False,
LQ-202410-0008,VEH-016,2024-10-18,2024-10-18,RUT-13,KILOMETRO,355.93,4203.0,1495973.79,0.0,1495973.79,PL-813390,0.0,0.0,,True,False,0.0,False,
LQ-202508-0065,VEH-005,2025-08-27,2025-08-27,RUT-07,KILOMETRO,257.19,4670.0,1201077.3,0.0,1201077.3,PL-650099,0.0,0.0,TER-003,True,True,0.0,False,
LQ-202607-0123,VEH-006,2026-07-03,2026-07-05,RUT-04,HORA_12,1.0,331114.0,331114.0,1.84,325021.5,PL-796570,1.0,113179.0,,True,False,113179.0,False,
LQ-202605-0116,VEH-032,2026-05-09,2026-05-09,RUT-10,HORA_12,1.0,345627.0,345627.0,0.0,345627.0,PL-863071,0.0,0.0,,True,False,0.0,False,
LQ-202601-0092,VEH-024,2026-01-13,2026-01-15,RUT-06,HORA_24,1.0,399897.0,399897.0,0.0,399897.0,PL-471088,0.0,0.0,,True,False,0.0,False,
LQ-202604-0109,VEH-031,2026-04-20,2026-04-20,RUT-04,HORA,12.4,36364.0,450913.6,0.0,450913.6,PL-829400,1.0,99556.0,,True,False,99556.0,False,
LQ-202607-0124,VEH-002,2026-07-15,2026-07-15,RUT-07,HORA,6.85,39341.0,269485.85,0.0,269485.85,PL-493849,0.0,0.0,,True,False,0.0,False,
LQ-202507-0063,VEH-031,2025-07-22,2025-07-22,RUT-15,HORA_12,1.0,290873.0,290873.0,0.0,290873.0,,0.0,0.0,,False,False,0.0,False,
LQ-202510-0074,VEH-010,2025-10-08,2025-10-08,RUT-07,HORA,7.18,33411.0,239890.98,0.0,239890.98,PL-777120,0.0,0.0,,True,False,0.0,False,
LQ-202604-0111,VEH-030,2026-04-23,2026-04-23,RUT-11,KILOMETRO,257.4,4202.0,1081594.8,0.0,1081594.8,PL-951836,0.0,0.0,,True,False,0.0,False,
LQ-202511-0079,VEH-035,2025-11-29,2025-11-29,RUT-05,HORA_12,1.0,272926.0,272926.0,0.0,272926.0,,0.0,0.0,,False,False,0.0,False,
LQ-202507-0059,VEH-012,2025-07-25,2025-07-28,RUT-12,HORA_24,1.0,587288.0,587288.0,0.0,587288.0,PL-213735,1.0,108826.0,,True,False,108826.0,False,
LQ-202507-0062,VEH-028,2025-07-25,2025-07-26,RUT-14,HORA_24,1.0,491131.0,491131.0,0.0,491131.0,PL-523847,0.0,0.0,,True,False,0.0,False,
LQ-202506-0057,VEH-013,2025-06-06,2025-06-06,RUT-15,KILOMETRO,204.14,4249.0,867390.86,0.0,867390.86,PL-731907,0.0,0.0,,True,False,0.0,False,
LQ-202512-0089,VEH-017,2025-12-19,2025-12-19,RUT-04,HORA_24,1.0,338477.0,338477.0,0.0,338477.0,PL-339956,0.0,0.0,,True,False,0.0,False,
LQ-202410-0009,VEH-007,2024-10-23,2024-10-26,RUT-14,HORA_24,1.0,479310.0,479310.0,0.0,479310.0,PL-200992,0.0,0.0,,True,False,0.0,False,
LQ-202502-0029,VEH-001,2025-02-01,2025-02-03,RUT-11,HORA_24,1.0,391318.0,391318.0,0.0,391318.0,PL-547861,0.0,0.0,,True,False,0.0,False,
LQ-202512-0086,VEH-004,2025-12-16,2025-12-16,RUT-07,KILOMETRO,261.36,3191.0,833999.76,0.0,833999.76,PL-463710,0.0,0.0,,True,False,0.0,False,
LQ-202507-0061,VEH-007,2025-07-17,2025-07-17,RUT-09,KILOMETRO,285.18,3829.0,1091954.22,0.0,1091954.22,PL-486265,1.0,102296.0,TER-012,True,True,102296.0,False,
LQ-202608-0134,VEH-020,2026-08-02,2026-08-03,RUT-08,HORA_24,1.0,488386.0,488386.0,0.0,488386.0,PL-447189,0.0,0.0,TER-008,True,True,0.0,False,
LQ-202510-0075,VEH-040,2025-10-06,2025-10-06,RUT-10,HORA,6.48,33917.0,219782.16,0.0,219782.16,PL-165481,0.0,0.0,TER-007,True,True,0.0,False,
LQ-202602-0097,VEH-039,2026-02-05,2026-02-05,RUT-12,KILOMETRO,218.48,3566.0,779099.68,0.0,779099.68,PL-219133,0.0,0.0,,True,False,0.0,False,
LQ-202509-0067,VEH-018,2025-09-11,2025-09-11,RUT-04,KILOMETRO,254.64,4517.0,1150208.88,0.0,1150208.88,,1.0,102835.0,,False,False,102835.0,False,
LQ-202608-0130,VEH-013,2026-08-17,2026-08-17,RUT-12,HORA,6.66,30676.0,204302.16,0.0,204302.16,PL-860896,0.0,0.0,TER-012,True,True,0.0,False,
LQ-202510-0076,VEH-035,2025-10-03,2025-10-03,RUT-09,HORA,2.4,29538.0,70891.2,0.0,70891.2,PL-598302,0.0,0.0,TER-005,True,True,0.0,False,
LQ-202508-0065,VEH-006,2025-08-20,2025-08-23,RUT-13,HORA_12,1.0,319352.0,319352.0,0.0,319352.0,PL-566046,0.0,0.0,,True,False,0.0,False,
LQ-202510-0073,VEH-036,2025-10-01,2025-10-01,RUT-05,HORA,8.29,32309.0,267841.61,0.0,267841.61,PL-279660,0.0,0.0,TER-001,True,True,0.0,False,
LQ-202409-0005,VEH-021,2024-09-13,2024-09-16,RUT-10,HORA_12,1.0,248316.0,248316.0,0.0,248316.0,PL-280222,0.0,0.0,,True,False,0.0,False,
LQ-202510-0074,VEH-038,2025-10-17,2025-10-17,RUT-05,HORA,10.19,32201.0,328128.19,0.0,328128.19,PL-446652,3.0,98542.0,TER-008,True,True,295626.0,False,
LQ-202502-0031,VEH-006,2025-02-12,2025-02-12,RUT-02,HORA_24,1.0,411653.0,411653.0,0.0,411653.0,PL-924047,3.0,94848.0,TER-004,True,True,284544.0,False,
LQ-202601-0095,VEH-021,2026-01-16,2026-01-18,RUT-04,HORA_24,1.0,340407.0,340407.0,0.0,340407.0,PL-618854,0.0,0.0,,True,False,0.0,False,
LQ-202510-0074,VEH-019,2025-10-15,2025-10-16,RUT-09,HORA_24,1.0,459047.0,459047.0,0.0,459047.0,,0.0,0.0,TER-007,False,True,0.0,False,
LQ-202605-0113,VEH-016,2026-05-20,2026-05-20,RUT-06,KILOMETRO,440.01,5055.0,2224250.55,0.0,2224250.55,PL-474305,0.0,0.0,,True,False,0.0,False,
LQ-202502-0030,VEH-038,2025-02-16,2025-02-16,RUT-08,HORA,4.89,26485.0,129511.65,0.0,129511.65,PL-781298,0.0,0.0,TER-004,True,True,0.0,False,
LQ-202602-0100,VEH-040,2026-02-22,2026-02-25,RUT-07,HORA_12,1.0,269037.0,269037.0,0.0,269037.0,PL-116591,0.0,0.0,,True,False,0.0,False,
LQ-202506-0058,VEH-033,2025-06-07,2025-06-07,RUT-09,HORA,5.11,36635.0,187204.85,0.0,187204.85,PL-386728,0.0,0.0,,True,False,0.0,False,
LQ-202602-0101,VEH-007,2026-02-28,2026-02-28,RUT-13,HORA,8.27,31739.0,262481.53,6.4,245682.71,PL-281811,0.0,0.0,TER-006,True,True,0.0,False,
LQ-202507-0059,VEH-028,2025-07-11,2025-07-12,RUT-12,HORA_24,1.0,475261.0,475261.0,0.0,475261.0,PL-183547,0.0,0.0,,True,False,0.0,False,
LQ-202502-0029,VEH-017,2025-02-26,2025-02-28,RUT-09,HORA_24,1.0,413892.0,413892.0,0.0,413892.0,PL-889256,0.0,0.0,,True,False,0.0,False,
LQ-202510-0076,VEH-012,2025-10-06,2025-10-06,RUT-02,HORA_24,1.0,433608.0,433608.0,5.82,408372.01,PL-195844,1.0,98542.0,,True,False,98542.0,False,
LQ-202601-0090,VEH-026,2026-01-05,2026-01-05,RUT-10,HORA,10.04,32210.0,323388.4,2.85,314171.83,PL-545031,0.0,0.0,,True,False,0.0,False,
LQ-202510-0077,VEH-023,2025-10-15,2025-10-15,RUT-09,KILOMETRO,189.91,4335.0,823259.85,0.0,823259.85,PL-217320,0.0,0.0,,True,False,0.0,False,
LQ-202608-0133,VEH-006,2026-08-26,2026-08-26,RUT-05,KILOMETRO,304.88,4246.0,1294520.48,0.0,1294520.48,PL-541893,0.0,0.0,,True,False,0.0,False,
LQ-202602-0097,VEH-033,2026-02-04,2026-02-04,RUT-13,HORA,7.34,35231.0,258595.54,0.0,258595.54,PL-535446,0.0,0.0,,True,False,0.0,False,
LQ-202504-0046,VEH-017,2025-04-18,2025-04-18,RUT-04,HORA,10.17,34131.0,347112.27,0.0,347112.27,PL-522511,0.0,0.0,TER-010,True,True,0.0,False,
LQ-202505-0047,VEH-029,2025-05-04,2025-05-04,RUT-01,HORA_12,1.0,287795.0,287795.0,0.0,287795.0,,2.0,107827.0,TER-003,False,True,215654.0,False,
LQ-202504-0044,VEH-013,2025-04-30,2025-04-30,RUT-07,HORA_12,1.0,233436.0,233436.0,0.0,233436.0,PL-181239,0.0,0.0,,True,False,0.0,False,
LQ-202602-0099,VEH-007,2026-02-18,2026-02-20,RUT-10,HORA_24,1.0,441354.0,441354.0,0.0,441354.0,PL-579803,0.0,0.0,,True,False,0.0,False,
LQ-202505-0047,VEH-033,2025-05-25,2025-05-25,RUT-04,HORA,5.27,32852.0,173130.04,1.04,171329.49,,2.0,107827.0,,False,False,215654.0,False,
LQ-202412-0022,VEH-037,2024-12-02,2024-12-02,RUT-05,HORA,6.34,24960.0,158246.4,0.0,158246.4,PL-154127,0.0,0.0,,True,False,0.0,False,
LQ-202605-0114,VEH-034,2026-05-11,2026-05-12,RUT-03,HORA_12,1.0,264911.0,264911.0,2.14,259241.9,PL-839133,3.0,105412.0,,True,False,316236.0,False,
LQ-202412-0020,VEH-040,2024-12-23,2024-12-26,RUT-09,HORA_24,1.0,337252.0,337252.0,0.0,337252.0,PL-267666,0.0,0.0,,True,False,0.0,False,
LQ-202409-0006,VEH-024,2024-09-26,2024-09-27,RUT-04,HORA_24,1.0,444776.0,444776.0,0.0,444776.0,PL-681478,2.0,92947.0,,True,False,185894.0,False,
LQ-202504-0044,VEH-017,2025-04-19,2025-04-21,RUT-01,HORA_12,1.0,278642.0,278642.0,0.0,278642.0,PL-627217,0.0,0.0,,True,False,0.0,False,
LQ-202502-0029,VEH-033,2025-02-07,2025-02-07,RUT-02,HORA_12,1.0,259793.0,259793.0,0.0,259793.0,PL-119570,2.0,94848.0,TER-009,True,True,189696.0,False,
LQ-202512-0085,VEH-027,2025-12-03,2025-12-06,RUT-03,HORA_24,1.0,325658.0,325658.0,0.0,325658.0,PL-190346,1.0,72264.0,,True,False,72264.0,False,
LQ-202510-0073,VEH-040,2025-10-02,2025-10-05,RUT-04,HORA_24,1.0,514877.0,514877.0,0.0,514877.0,PL-295529,0.0,0.0,,True,False,0.0,False,
LQ-202608-0130,VEH-038,2026-08-17,2026-08-18,RUT-08,HORA_24,1.0,467631.0,467631.0,0.0,467631.0,PL-296195,0.0,0.0,TER-006,True,True,0.0,False,
LQ-202509-0070,VEH-022,2025-09-25,2025-09-25,RUT-02,HORA_24,1.0,432586.0,432586.0,0.0,432586.0,PL-676966,2.0,96665.0,,True,False,193330.0,False,
LQ-202410-0008,VEH-024,2024-10-08,2024-10-09,RUT-04,HORA_24,1.0,449944.0,449944.0,0.0,449944.0,PL-536045,3.0,94752.0,,True,False,284256.0,False,
LQ-202608-0132,VEH-040,2026-08-27,2026-08-27,RUT-08,HORA,4.19,29856.0,125096.64,2.26,122269.46,PL-428002,0.0,0.0,,True,False,0.0,False,
LQ-202608-0134,VEH-032,2026-08-31,2026-08-31,RUT-14,HORA_24,1.0,499300.0,499300.0,2.16,488515.12,PL-766479,0.0,0.0,,True,False,0.0,False,
LQ-202510-0075,VEH-015,2025-10-06,2025-10-09,RUT-07,HORA_12,1.0,259343.0,259343.0,0.0,259343.0,PL-285923,0.0,0.0,,True,False,0.0,False,
LQ-202502-0029,VEH-032,2025-02-10,2025-02-12,RUT-15,HORA_24,1.0,477699.0,477699.0,0.0,477699.0,PL-102187,0.0,0.0,TER-006,True,True,0.0,False,
LQ-202607-0126,VEH-021,2026-07-01,2026-07-01,RUT-08,HORA,9.07,29293.0,265687.51,0.0,265687.51,PL-117377,0.0,0.0,,True,False,0.0,False,
LQ-202503-0038,VEH-028,2025-03-03,2025-03-03,RUT-02,HORA,5.0,33374.0,166870.0,0.0,166870.0,PL-309160,2.0,97604.0,,True,False,195208.0,False,
LQ-202410-0008,VEH-008,2024-10-10,2024-10-10,RUT-06,HORA,1.64,33473.0,54895.72,0.0,54895.72,PL-883159,1.0,94752.0,,True,False,94752.0,False,
LQ-202412-0021,VEH-034,2024-12-22,2024-12-23,RUT-09,HORA_24,1.0,322511.0,322511.0,0.0,322511.0,PL-221462,2.0,69485.0,TER-001,True,True,138970.0,False,
LQ-202506-0057,VEH-018,2025-06-30,2025-06-30,RUT-03,HORA_12,1.0,304078.0,304078.0,0.0,304078.0,PL-250944,0.0,0.0,TER-004,True,True,0.0,False,
LQ-202509-0071,VEH-019,2025-09-09,2025-09-10,RUT-02,HORA_12,1.0,304484.0,304484.0,0.0,304484.0,PL-155196,0.0,0.0,,True,False,0.0,False,
LQ-202604-0112,VEH-003,2026-04-28,2026-04-30,RUT-04,HORA_24,1.0,472668.0,472668.0,3.92,454139.41,PL-450946,2.0,105910.0,,True,False,211820.0,False,
LQ-202510-0077,VEH-021,2025-10-08,2025-10-11,RUT-02,HORA_24,1.0,467967.0,467967.0,5.98,439982.57,PL-966492,3.0,104832.0,,True,False,314496.0,False,
LQ-202603-0107,VEH-025,2026-03-05,2026-03-05,RUT-05,HORA_24,1.0,446702.0,446702.0,0.0,446702.0,PL-625310,0.0,0.0,,True,False,0.0,False,
LQ-202601-0094,VEH-019,2026-01-23,2026-01-23,RUT-10,HORA_24,1.0,365741.0,365741.0,0.0,365741.0,PL-601471,0.0,0.0,,True,False,0.0,False,
LQ-202510-0077,VEH-005,2025-10-09,2025-10-09,RUT-05,HORA_24,1.0,474353.0,474353.0,0.0,474353.0,PL-136660,0.0,0.0,,True,False,0.0,False,
LQ-202512-0089,VEH-006,2025-12-24,2025-12-24,RUT-13,KILOMETRO,27.26,2890.0,78781.4,0.0,78781.4,PL-447526,3.0,72264.0,,True,False,216792.0,True,cantidad fuera de rango
LQ-202412-0020,VEH-031,2024-12-01,2024-12-04,RUT-13,HORA_12,1.0,193669.0,193669.0,0.0,193669.0,PL-575779,0.0,0.0,,True,False,0.0,False,
LQ-202411-0017,VEH-015,2024-11-16,2024-11-16,RUT-01,HORA_12,1.0,209761.0,209761.0,0.0,209761.0,PL-939030,1.0,88435.0,,True,False,88435.0,False,
LQ-202605-0117,VEH-028,2026-05-26,2026-05-27,RUT-09,HORA_12,1.0,303237.0,303237.0,0.0,303237.0,PL-403421,0.0,0.0,TER-004,True,True,0.0,False,
LQ-202506-0055,VEH-028,2025-06-19,2025-06-19,RUT-10,HORA,7.53,36194.0,272540.82,3.29,263574.23,PL-121535,0.0,0.0,,True,False,0.0,False,
LQ-202603-0106,VEH-030,2026-03-06,2026-03-09,RUT-03,HORA_24,1.0,476782.0,476782.0,0.0,476782.0,PL-863986,2.0,107987.0,,True,False,215974.0,False,
LQ-202410-0008,VEH-015,2024-10-02,2024-10-03,RUT-14,HORA_12,1.0,280319.0,280319.0,0.0,280319.0,PL-665979,0.0,0.0,TER-001,True,True,0.0,False,
LQ-202505-0052,VEH-023,2025-05-14,2025-05-15,RUT-08,HORA_24,1.0,477002.0,477002.0,0.0,477002.0,PL-318209,0.0,0.0,,True,False,0.0,False,
LQ-202510-0077,VEH-001,2025-10-17,2025-10-17,RUT-12,HORA_12,1.0,286276.0,286276.0,0.0,286276.0,PL-906147,0.0,0.0,,True,False,0.0,False,
LQ-202502-0029,VEH-029,2025-02-18,2025-02-18,RUT-06,KILOMETRO,151.94,3999.0,607608.06,8.08,558513.33,PL-871660,0.0,0.0,TER-002,True,True,0.0,False,
LQ-202412-0018,VEH-028,2024-12-02,2024-12-05,RUT-12,HORA_12,1.0,215430.0,215430.0,0.0,215430.0,PL-911414,0.0,0.0,,True,False,0.0,False,
LQ-202505-0049,VEH-003,2025-05-26,2025-05-27,RUT-01,HORA_24,1.0,498878.0,498878.0,0.0,498878.0,PL-975958,3.0,107827.0,,True,False,323481.0,False,
LQ-202502-0032,VEH-019,2025-02-03,2025-02-03,RUT-10,HORA,10.62,29275.0,310900.5,4.07,298246.85,PL-311824,0.0,0.0,TER-004,True,True,0.0,False,
LQ-202604-0111,VEH-039,2026-04-28,2026-04-30,RUT-15,HORA_24,1.0,500984.0,500984.0,0.0,500984.0,PL-330881,0.0,0.0,,True,False,0.0,False,
LQ-202503-0037,VEH-005,2025-03-09,2025-03-12,RUT-02,HORA_24,1.0,483776.0,483776.0,0.0,483776.0,PL-927175,0.0,0.0,TER-003,True,True,0.0,False,
LQ-202410-0007,VEH-033,2024-10-19,2024-10-20,RUT-01,HORA_24,1.0,498525.0,498525.0,0.0,498525.0,PL-572230,2.0,100800.0,,True,False,201600.0,False,
LQ-202606-0120,VEH-039,2026-06-10,2026-06-12,RUT-15,HORA_24,1.0,470197.0,470197.0,0.0,470197.0,PL-500504,0.0,0.0,,True,False,0.0,False,
LQ-202411-0015,VEH-035,2024-11-06,2024-11-06,RUT-04,HORA_24,1.0,437392.0,437392.0,0.0,437392.0,PL-523013,3.0,94080.0,TER-004,True,True,282240.0,False,
LQ-202601-0090,VEH-009,2026-01-05,2026-01-06,RUT-10,HORA_24,1.0,389805.0,389805.0,0.0,389805.0,PL-786833,2.0,85144.0,TER-011,True,True,170288.0,False,
LQ-202508-0064,VEH-030,2025-08-07,2025-08-07,RUT-02,HORA,1.37,31481.0,43128.97,0.0,43128.97,PL-530033,0.0,0.0,,True,False,0.0,False,
LQ-202410-0008,VEH-039,2024-10-30,2024-10-30,RUT-13,HORA_24,1.0,444213.0,444213.0,0.0,444213.0,PL-135207,0.0,0.0,,True,False,0.0,False,
LQ-202604-0112,VEH-026,2026-04-09,2026-04-11,RUT-05,HORA_24,1.0,492351.0,492351.0,0.0,492351.0,PL-216556,0.0,0.0,,True,False,0.0,False,
LQ-202410-0012,VEH-036,2024-10-21,2024-10-21,RUT-08,HORA,9.01,29722.0,267795.22,0.0,267795.22,PL-827250,0.0,0.0,,True,False,0.0,False,
LQ-202501-0027,VEH-008,2025-01-13,2025-01-14,RUT-01,HORA_12,1.0,218915.0,218915.0,0.0,218915.0,PL-265488,1.0,81869.0,TER-012,True,True,81869.0,False,
LQ-202602-0099,VEH-024,2026-02-26,2026-02-27,RUT-02,HORA_12,1.0,234936.0,234936.0,4.72,223847.02,PL-254591,3.0,92723.0,,True,False,278169.0,False,
LQ-202509-0067,VEH-019,2025-09-27,2025-09-27,RUT-12,HORA,14.1,37537.0,529271.7,0.0,529271.7,PL-101662,0.0,0.0,,True,False,0.0,False,
LQ-202602-0097,VEH-034,2026-02-28,2026-02-28,RUT-01,HORA_24,1.0,436541.0,436541.0,0.0,436541.0,PL-788042,3.0,92723.0,TER-010,True,True,278169.0,False,
LQ-202505-0047,VEH-005,2025-05-26,2025-05-29,RUT-04,HORA_24,1.0,496531.0,496531.0,0.0,496531.0,PL-580501,3.0,107827.0,,True,False,323481.0,False,
LQ-202604-0111,VEH-039,2026-04-25,2026-04-25,RUT-12,HORA,15.62,33523.0,523629.26,0.0,523629.26,PL-289841,0.0,0.0,TER-012,True,True,0.0,False,
LQ-202603-0103,VEH-029,2026-03-02,2026-03-02,RUT-14,KILOMETRO,300.81,4348.0,1307921.88,0.0,1307921.88,PL-860596,0.0,0.0,,True,False,0.0,False,
LQ-202411-0017,VEH-014,2024-11-20,2024-11-22,RUT-08,HORA_24,1.0,405849.0,405849.0,0.0,405849.0,PL-539450,0.0,0.0,,True,False,0.0,False,
LQ-202503-0039,VEH-023,2025-03-04,2025-03-07,RUT-08,HORA_24,20.2,505398.0,10209039.6,0.0,10209039.6,PL-519791,0.0,0.0,TER-006,True,True,0.0,True,cantidad fuera de rango
LQ-202509-0070,VEH-026,2025-09-01,2025-09-02,RUT-04,HORA_12,1.0,261569.0,261569.0,0.0,261569.0,PL-565643,2.0,96665.0,TER-003,True,True,193330.0,False,
LQ-202604-0110,VEH-025,2026-04-05,2026-04-05,RUT-12,HORA_12,1.0,296804.0,296804.0,0.0,296804.0,PL-346814,0.0,0.0,,True,False,0.0,False,
LQ-202602-0098,VEH-012,2026-02-20,2026-02-22,RUT-06,HORA_24,1.0,495482.0,495482.0,0.0,495482.0,PL-136944,0.0,0.0,,True,False,0.0,False,
LQ-202604-0111,VEH-039,2026-04-14,2026-04-14,RUT-10,HORA,7.87,33127.0,260709.49,0.0,260709.49,PL-736765,0.0,0.0,,True,False,0.0,False,
LQ-202502-0034,VEH-037,2025-02-26,2025-02-28,RUT-14,HORA_24,1.0,478750.0,478750.0,2.34,467547.25,PL-395694,0.0,0.0,,True,False,0.0,False,
LQ-202505-0051,VEH-003,2025-05-17,2025-05-17,RUT-03,HORA_12,1.0,277446.0,277446.0,0.0,277446.0,,1.0,107827.0,,False,False,107827.0,False,
LQ-202605-0113,VEH-024,2026-05-24,2026-05-25,RUT-13,HORA_24,1.0,526036.0,526036.0,0.0,526036.0,PL-197429,3.0,112140.0,,True,False,336420.0,False,
LQ-202605-0117,VEH-037,2026-05-09,2026-05-10,RUT-04,HORA_24,1.0,495684.0,495684.0,0.0,495684.0,PL-139862,0.0,0.0,TER-008,True,True,0.0,False,
LQ-202504-0042,VEH-002,2025-04-30,2025-04-30,RUT-14,HORA_24,1.0,480544.0,480544.0,0.0,480544.0,PL-457506,0.0,0.0,,True,False,0.0,False,
LQ-202507-0060,VEH-011,2025-07-21,2025-07-21,RUT-12,HORA_24,1.0,487637.0,487637.0,0.0,487637.0,PL-814435,0.0,0.0,TER-006,True,True,0.0,False,
LQ-202411-0016,VEH-038,2024-11-29,2024-11-29,RUT-02,HORA_24,1.0,429755.0,429755.0,0.0,429755.0,PL-707021,0.0,0.0,,True,False,0.0,False,
LQ-202409-0001,VEH-030,2024-09-21,2024-09-22,RUT-10,HORA_12,1.0,253893.0,253893.0,0.0,253893.0,PL-497887,0.0,0.0,TER-011,True,True,0.0,False,
LQ-202505-0051,VEH-028,2025-05-31,2025-05-31,RUT-06,HORA_24,1.0,476517.0,476517.0,0.0,476517.0,PL-874415,0.0,0.0,,True,False,0.0,False,
LQ-202605-0117,VEH-010,2026-05-23,2026-05-25,RUT-14,HORA_24,1.0,501542.0,501542.0,0.0,501542.0,PL-200515,0.0,0.0,,True,False,0.0,False,
LQ-202511-0080,VEH-033,2025-11-26,2025-11-26,RUT-06,HORA,10.62,28419.0,301809.78,0.0,301809.78,PL-133006,0.0,0.0,TER-011,True,True,0.0,False,
LQ-202512-0084,VEH-022,2025-12-11,2025-12-14,RUT-04,HORA_24,1.0,384867.0,384867.0,0.0,384867.0,PL-647273,2.0,76877.0,,True,False,153754.0,False,
LQ-202603-0106,VEH-004,2026-03-25,2026-03-25,RUT-10,HORA_24,1.0,470517.0,470517.0,0.0,470517.0,PL-205125,0.0,0.0,,True,False,0.0,False,
LQ-202606-0120,VEH-013,2026-06-16,2026-06-17,RUT-13,HORA_12,1.0,3313677.0,3313677.0,0.0,3313677.0,PL-813989,0.0,0.0,,True,False,0.0,True,tarifa fuera de rango
LQ-202504-0046,VEH-008,2025-04-24,2025-04-24,RUT-11,HORA_24,1.0,491754.0,491754.0,0.0,491754.0,PL-932196,0.0,0.0,TER-005,True,True,0.0,False,
LQ-202506-0054,VEH-033,2025-06-23,2025-06-23,RUT-04,KILOMETRO,137.24,4339.0,595484.36,6.37,557552.01,PL-938792,0.0,0.0,TER-003,True,True,0.0,False,
LQ-202410-0011,VEH-034,2024-10-29,2024-10-31,RUT-01,HORA_12,1.0,283654.0,283654.0,2.33,277044.86,PL-474795,0.0,0.0,,True,False,0.0,False,
LQ-202603-0107,VEH-018,2026-03-30,2026-03-31,RUT-10,HORA_12,1.0,268950.0,268950.0,0.0,268950.0,PL-211522,0.0,0.0,,True,False,0.0,False,
LQ-202512-0084,VEH-022,2025-12-15,2025-12-16,RUT-01,HORA_12,1.0,216747.0,216747.0,0.0,216747.0,PL-692389,0.0,0.0,TER-011,True,True,0.0,False,
LQ-202412-0021,VEH-022,2024-12-20,2024-12-22,RUT-15,HORA_24,1.0,329395.0,329395.0,0.0,329395.0,PL-927094,0.0,0.0,,True,False,0.0,False,
LQ-202501-0024,VEH-039,2025-01-13,2025-01-14,RUT-01,HORA_24,1.0,349394.0,349394.0,0.0,349394.0,PL-772465,1.0,76957.0,TER-009,True,True,76957.0,False,
LQ-202507-0062,VEH-026,2025-07-01,2025-07-04,RUT-05,HORA_12,1.0,284148.0,284148.0,0.0,284148.0,PL-270196,0.0,0.0,TER-008,True,True,0.0,False,
LQ-202502-0031,VEH-001,2025-02-18,2025-02-21,RUT-02,HORA_24,1.0,448750.0,448750.0,0.0,448750.0,PL-810287,0.0,0.0,TER-008,True,True,0.0,False,
LQ-202601-0095,VEH-032,2026-01-16,2026-01-18,RUT-15,HORA_12,1.0,209603.0,209603.0,3.08,203147.23,PL-927311,0.0,0.0,TER-011,True,True,0.0,False,
LQ-202512-0084,VEH-021,2025-12-21,2025-12-23,RUT-03,HORA_24,1.0,372545.0,372545.0,0.0,372545.0,PL-888807,0.0,0.0,,True,False,0.0,False,
LQ-202605-0114,VEH-019,2026-05-28,2026-05-28,RUT-04,KILOMETRO,347.02,3552.0,1232615.04,0.0,1232615.04,PL-232934,2.0,105412.0,,True,False,210824.0,False,
LQ-202606-0121,VEH-024,2026-06-16,2026-06-19,RUT-09,HORA_12,1.0,302485.0,302485.0,0.0,302485.0,PL-926606,0.0,0.0,,True,False,0.0,False,
LQ-202409-0002,VEH-032,2024-09-29,2024-09-30,RUT-10,HORA_12,1.0,274085.0,274085.0,0.0,274085.0,PL-130434,0.0,0.0,,True,False,0.0,False,
LQ-202605-0116,VEH-017,2026-05-04,2026-05-04,RUT-07,HORA_24,1.0,480593.0,480593.0,0.0,480593.0,PL-500372,0.0,0.0,,True,False,0.0,False,
LQ-202606-0118,VEH-029,2026-06-24,2026-06-24,RUT-03,HORA,13.14,44354.0,582811.56,0.0,582811.56,PL-380915,0.0,0.0,,True,False,0.0,True,tarifa fuera de rango
LQ-202608-0133,VEH-039,2026-08-14,2026-08-14,RUT-15,HORA,12.16,37010.0,450041.6,0.0,450041.6,PL-846171,0.0,0.0,TER-001,True,True,0.0,False,
LQ-202603-0107,VEH-006,2026-03-03,2026-03-03,RUT-07,HORA_24,1.0,395865.0,395865.0,0.0,395865.0,PL-625714,0.0,0.0,,True,False,0.0,False,
LQ-202412-0021,VEH-030,2024-12-01,2024-12-01,RUT-08,HORA_24,1.0,318882.0,318882.0,0.0,318882.0,PL-986850,0.0,0.0,TER-006,True,True,0.0,False,
LQ-202510-0077,VEH-035,2025-10-20,2025-10-20,RUT-09,HORA_12,1.0,301503.0,301503.0,0.0,301503.0,PL-296640,0.0,0.0,,True,False,0.0,False,
LQ-202509-0070,VEH-019,2025-09-23,2025-09-24,RUT-03,HORA_12,1.0,275094.0,275094.0,0.0,275094.0,PL-421657,0.0,0.0,,True,False,0.0,False,
LQ-202501-0025,VEH-031,2025-01-05,2025-01-07,RUT-01,HORA_24,1.0,372787.0,372787.0,0.0,372787.0,PL-230208,0.0,0.0,,True,False,0.0,False,
LQ-202603-0103,VEH-021,2026-03-14,2026-03-16,RUT-01,HORA_12,1.0,248877.0,248877.0,0.0,248877.0,PL-992634,0.0,0.0,TER-005,True,True,0.0,False,
LQ-202412-0019,VEH-009,2024-12-30,2024-12-31,RUT-05,HORA_24,1.0,340005.0,340005.0,0.0,340005.0,PL-709254,3.0,69485.0,,True,False,208455.0,False,
LQ-202511-0083,VEH-035,2025-11-26,2025-11-28,RUT-09,HORA_24,1.0,449122.0,449122.0,0.0,449122.0,PL-280141,0.0,0.0,,True,False,0.0,False,
LQ-202603-0107,VEH-013,2026-03-20,2026-03-23,RUT-07,HORA_12,1.0,266051.0,266051.0,0.0,266051.0,PL-819153,0.0,0.0,TER-007,True,True,0.0,False,
LQ-202601-0095,VEH-039,2026-01-24,2026-01-24,RUT-03,HORA_24,1.0,386833.0,386833.0,4.99,367530.03,PL-895331,1.0,80035.0,TER-001,True,True,80035.0,False,
LQ-202506-0057,VEH-026,2025-06-25,2025-06-25,RUT-11,HORA,7.71,38081.0,293604.51,0.0,293604.51,PL-650555,0.0,0.0,,True,False,0.0,False,
LQ-202608-0132,VEH-007,2026-08-23,2026-08-25,RUT-03,HORA_24,1.0,475707.0,475707.0,0.0,475707.0,PL-460293,0.0,0.0,TER-004,True,True,0.0,False,
LQ-202501-0028,VEH-040,2025-01-20,2025-01-20,RUT-12,HORA,8.32,26610.0,221395.2,0.0,221395.2,PL-478251,0.0,0.0,,True,False,0.0,False,
LQ-202502-0034,VEH-033,2025-02-21,2025-02-21,RUT-12,KILOMETRO,229.06,3675.0,841795.5,0.0,841795.5,PL-734330,0.0,0.0,TER-003,True,True,0.0,False,
LQ-202410-0012,VEH-001,2024-10-02,2024-10-03,RUT-02,HORA_12,1.0,281956.0,281956.0,0.0,281956.0,PL-447848,2.0,94752.0,,True,False,189504.0,False,
LQ-202507-0062,VEH-004,2025-07-19,2025-07-22,RUT-14,HORA_12,1.0,293287.0,293287.0,0.0,293287.0,PL-865435,0.0,0.0,,True,False,0.0,False,
LQ-202604-0110,VEH-013,2026-04-08,2026-04-11,RUT-13,HORA_12,1.0,288258.0,288258.0,0.0,288258.0,PL-730869,0.0,0.0,,True,False,0.0,False,
LQ-202410-0009,VEH-040,2024-10-15,2024-10-17,RUT-09,HORA_24,1.0,484854.0,484854.0,8.6,443156.56,PL-606676,0.0,0.0,,True,False,0.0,False,
LQ-202602-0101,VEH-025,2026-02-26,2026-02-28,RUT-11,HORA_24,1.0,424671.0,424671.0,0.0,424671.0,PL-253103,0.0,0.0,TER-004,True,True,0.0,False,
LQ-202409-0001,VEH-038,2024-09-13,2024-09-13,RUT-04,HORA_12,1.0,280718.0,280718.0,0.0,280718.0,PL-723398,0.0,0.0,TER-002,True,True,0.0,False,
LQ-202512-0085,VEH-036,2025-12-13,2025-12-14,RUT-06,HORA_24,1.0,345519.0,345519.0,0.0,345519.0,PL-933393,1.0,72264.0,,True,False,72264.0,False,
LQ-202509-0070,VEH-039,2025-09-03,2025-09-03,RUT-12,HORA,7.38,33407.0,246543.66,0.0,246543.66,PL-142862,0.0,0.0,,True,False,0.0,False,
LQ-202604-0111,VEH-022,2026-04-15,2026-04-15,RUT-03,HORA,11.9,345306.0,4109141.4,4.56,3921764.55,PL-829737,0.0,0.0,,True,False,0.0,True,tarifa fuera de rango
LQ-202412-0018,VEH-004,2024-12-05,2024-12-07,RUT-10,HORA_24,1.0,326486.0,326486.0,0.0,326486.0,PL-806357,0.0,0.0,,True,False,0.0,False,
LQ-202604-0109,VEH-012,2026-04-21,2026-04-21,RUT-14,HORA_12,1.0,254869.0,254869.0,0.0,254869.0,PL-508347,0.0,0.0,,True,False,0.0,False,
LQ-202412-0018,VEH-029,2024-12-30,2024-12-31,RUT-05,HORA_12,1.0,189621.0,189621.0,0.0,189621.0,PL-422823,1.0,73920.0,,True,False,73920.0,False,
LQ-202510-0078,VEH-005,2025-10-04,2025-10-05,RUT-08,HORA_24,1.0,455130.0,455130.0,0.0,455130.0,PL-596984,0.0,0.0,,True,False,0.0,False,
LQ-202410-0010,VEH-020,2024-10-10,2024-10-10,RUT-10,HORA_12,1.0,252454.0,252454.0,0.0,252454.0,PL-315425,0.0,0.0,,True,False,0.0,False,
LQ-202602-0100,VEH-020,2026-02-06,2026-02-06,RUT-06,HORA,5.5,31729.0,174509.5,0.0,174509.5,,0.0,0.0,TER-004,False,True,0.0,False,
LQ-202607-0128,VEH-038,2026-07-25,2026-07-25,RUT-13,HORA,8.9,31359.0,279095.1,0.0,279095.1,,0.0,0.0,,False,False,0.0,False,
LQ-202506-0054,VEH-013,2025-06-13,2025-06-13,RUT-01,HORA_24,1.0,462990.0,462990.0,0.0,462990.0,,0.0,0.0,,False,False,0.0,False,
LQ-202511-0081,VEH-026,2025-11-11,2025-11-13,RUT-03,HORA_24,1.0,472056.0,472056.0,0.0,472056.0,PL-254665,3.0,91973.0,,True,False,275919.0,False,
LQ-202607-0128,VEH-004,2026-07-17,2026-07-20,RUT-13,HORA_12,1.0,262926.0,262926.0,0.0,262926.0,PL-891426,0.0,0.0,TER-001,True,True,0.0,False,
LQ-202607-0125,VEH-012,2026-07-11,2026-07-14,RUT-01,HORA_24,1.0,511501.0,511501.0,0.0,511501.0,PL-187272,0.0,0.0,,True,False,0.0,False,
LQ-202602-0100,VEH-038,2026-02-02,2026-02-02,RUT-02,HORA,10.33,33974.0,350951.42,0.0,350951.42,PL-890064,0.0,0.0,,True,False,0.0,False,
LQ-202608-0132,VEH-003,2026-08-10,2026-08-12,RUT-14,HORA_24,1.0,461887.0,461887.0,0.0,461887.0,PL-198409,0.0,0.0,,True,False,0.0,False,
LQ-202607-0124,VEH-017,2026-07-09,2026-07-12,RUT-02,HORA_24,1.0,494225.0,494225.0,0.0,494225.0,PL-286197,0.0,0.0,TER-005,True,True,0.0,False,
LQ-202602-0101,VEH-019,2026-02-13,2026-02-13,RUT-09,KILOMETRO,199.07,3786.0,753679.02,6.45,705066.72,PL-679252,0.0,0.0,TER-003,True,True,0.0,False,
LQ-202503-0036,VEH-004,2025-03-30,2025-03-30,RUT-05,KILOMETRO,429.41,3947.0,1694881.27,0.0,1694881.27,PL-773618,0.0,0.0,,True,False,0.0,False,
LQ-202511-0083,VEH-028,2025-11-27,2025-11-27,RUT-14,KILOMETRO,283.52,4075.0,1155344.0,5.55,1091222.41,PL-303639,0.0,0.0,TER-008,True,True,0.0,False,
LQ-202505-0049,VEH-001,2025-05-18,2025-05-21,RUT-15,HORA_24,1.0,493187.0,493187.0,0.0,493187.0,PL-426558,0.0,0.0,,True,False,0.0,False,
LQ-202608-0132,VEH-004,2026-08-08,2026-08-11,RUT-11,HORA_12,1.0,283502.0,283502.0,0.0,283502.0,PL-498357,0.0,0.0,,True,False,0.0,False,
LQ-202605-0117,VEH-033,2026-05-25,2026-05-25,RUT-13,HORA,13.08,35466.0,463895.28,0.0,463895.28,PL-345973,0.0,0.0,TER-005,True,True,0.0,False,
LQ-202501-0026,VEH-024,2025-01-23,2025-01-24,RUT-01,HORA_12,1.0,218191.0,218191.0,0.0,218191.0,PL-951706,3.0,76957.0,,True,False,230871.0,False,
LQ-202505-0051,VEH-007,2025-05-30,2025-05-30,RUT-01,HORA_24,1.0,522448.0,522448.0,0.0,522448.0,PL-466009,2.0,107827.0,,True,False,215654.0,False,
LQ-202602-0097,VEH-038,2026-02-12,2026-02-12,RUT-09,HORA_24,1.0,460667.0,460667.0,0.0,460667.0,PL-890075,0.0,0.0,TER-005,True,True,0.0,False,
LQ-202507-0060,VEH-007,2025-07-18,2025-07-19,RUT-01,HORA_24,1.0,444960.0,444960.0,0.0,444960.0,PL-188947,0.0,0.0,,True,False,0.0,False,
LQ-202505-0048,VEH-013,2025-05-19,2025-05-19,RUT-02,HORA,4.35,34017.0,147973.95,0.0,147973.95,PL-888432,0.0,0.0,TER-011,True,True,0.0,False,
LQ-202502-0030,VEH-023,2025-02-05,2025-02-05,RUT-01,HORA,4.52,32916.0,148780.32,0.0,148780.32,PL-426304,3.0,89157.0,,True,False,267471.0,False,
LQ-202606-0119,VEH-005,2026-06-19,2026-06-19,RUT-07,KILOMETRO,397.61,5099.0,2027413.39,0.0,2027413.39,PL-550181,0.0,0.0,,True,False,0.0,False,
LQ-202411-0016,VEH-014,2024-11-19,2024-11-19,RUT-01,HORA,5.24,33339.0,174696.36,0.0,174696.36,PL-821175,2.0,94080.0,,True,False,188160.0,False,
LQ-202505-0051,VEH-029,2025-05-26,2025-05-26,RUT-12,HORA_24,1.0,546617.0,546617.0,0.0,546617.0,PL-874212,0.0,0.0,TER-010,True,True,0.0,False,
LQ-202411-0013,VEH-014,2024-11-29,2024-11-30,RUT-07,HORA_12,1.0,247095.0,247095.0,0.0,247095.0,PL-589368,0.0,0.0,,True,False,0.0,False,
LQ-202603-0107,VEH-036,2026-03-13,2026-03-16,RUT-07,HORA_12,1.0,306349.0,306349.0,0.0,306349.0,,0.0,0.0,,False,False,0.0,False,
LQ-202604-0110,VEH-026,2026-04-23,2026-04-26,RUT-10,HORA_24,1.0,443622.0,443622.0,0.0,443622.0,PL-442094,0.0,0.0,TER-010,True,True,0.0,False,
LQ-202607-0124,VEH-003,2026-07-11,2026-07-11,RUT-04,HORA,7.36,35249.0,259432.64,0.0,259432.64,PL-427272,1.0,106388.0,,True,False,106388.0,False,
LQ-202511-0080,VEH-036,2025-11-17,2025-11-18,RUT-06,HORA_24,1.0,467279.0,467279.0,0.0,467279.0,,1.0,91973.0,,False,False,91973.0,False,
LQ-202504-0043,VEH-028,2025-04-27,2025-04-27,RUT-04,HORA,10.63,36978.0,393076.14,0.0,393076.14,PL-637243,2.0,101837.0,,True,False,203674.0,False,
LQ-202412-0018,VEH-019,2024-12-16,2024-12-19,RUT-15,HORA_24,1.0,335720.0,335720.0,0.0,335720.0,PL-726003,0.0,0.0,TER-001,True,True,0.0,False,
LQ-202507-0059,VEH-034,2025-07-12,2025-07-14,RUT-12,HORA_24,1.0,449741.0,449741.0,0.0,449741.0,PL-938295,0.0,0.0,,True,False,0.0,False,
LQ-202506-0058,VEH-039,2025-06-29,2025-06-30,RUT-14,HORA_24,1.0,436794.0,436794.0,0.0,436794.0,PL-699678,0.0,0.0,TER-006,True,True,0.0,False,
LQ-202512-0089,VEH-006,2025-12-22,2025-12-25,RUT-08,HORA_12,1.0,185778.0,185778.0,0.0,185778.0,PL-413136,0.0,0.0,,True,False,0.0,False,
LQ-202410-0009,VEH-025,2024-10-09,2024-10-12,RUT-11,HORA_24,1.0,531555.0,531555.0,0.0,531555.0,PL-552825,0.0,0.0,TER-010,True,True,0.0,False,
LQ-202608-0131,VEH-027,2026-08-27,2026-08-30,RUT-10,HORA_24,1.0,516450.0,516450.0,0.0,516450.0,PL-752240,0.0,0.0,TER-007,True,True,0.0,False,
LQ-202507-0063,VEH-018,2025-07-25,2025-07-25,RUT-03,KILOMETRO,267.01,4825.0,1288323.25,0.0,1288323.25,PL-363408,0.0,0.0,TER-009,True,True,0.0,False,
LQ-202602-0101,VEH-011,2026-02-10,2026-02-13,RUT-11,HORA_24,1.0,384336.0,384336.0,0.0,384336.0,PL-549359,0.0,0.0,,True,False,0.0,False,
LQ-202607-0126,VEH-040,2026-07-23,2026-07-25,RUT-07,HORA_24,1.0,496390.0,496390.0,0.0,496390.0,PL-203708,0.0,0.0,,True,False,0.0,False,
LQ-202603-0105,VEH-030,2026-03-18,2026-03-20,RUT-11,HORA_24,1.0,432307.0,432307.0,0.0,432307.0,PL-107305,0.0,0.0,TER-001,True,True,0.0,False,
LQ-202511-0083,VEH-039,2025-11-19,2025-11-20,RUT-10,HORA_24,1.0,404909.0,404909.0,0.0,404909.0,PL-836274,0.0,0.0,,True,False,0.0,False,
LQ-202604-0112,VEH-031,2026-04-07,2026-04-10,RUT-08,HORA_24,1.0,516259.0,516259.0,0.0,516259.0,PL-618854,0.0,0.0,,True,False,0.0,False,
LQ-202509-0067,VEH-012,2025-09-10,2025-09-10,RUT-09,HORA_24,1.0,464645.0,464645.0,0.0,464645.0,PL-392399,0.0,0.0,TER-011,True,True,0.0,False,
LQ-202607-0125,VEH-012,2026-07-05,2026-07-08,RUT-10,HORA_24,1.0,557910.0,557910.0,0.0,557910.0,PL-533866,0.0,0.0,,True,False,0.0,False,
LQ-202507-0060,VEH-038,2025-07-22,2025-07-22,RUT-15,HORA,10.99,34915.0,383715.85,0.0,383715.85,PL-714067,0.0,0.0,,True,False,0.0,False,
LQ-202602-0100,VEH-021,2026-02-03,2026-02-03,RUT-06,HORA_24,1.0,503390.0,503390.0,0.0,503390.0,PL-626786,0.0,0.0,TER-008,True,True,0.0,False,
LQ-202603-0102,VEH-032,2026-03-13,2026-03-16,RUT-05,HORA_12,1.0,299462.0,299462.0,0.0,299462.0,PL-801959,3.0,107987.0,,True,False,323961.0,False,
LQ-202410-0012,VEH-021,2024-10-11,2024-10-12,RUT-03,HORA_24,1.0,433946.0,433946.0,0.0,433946.0,PL-162448,0.0,0.0,TER-010,True,True,0.0,False,
LQ-202608-0131,VEH-014,2026-08-17,2026-08-17,RUT-10,HORA,14.67,37540.0,550711.8,0.0,550711.8,PL-843232,0.0,0.0,TER-010,True,True,0.0,False,
LQ-202410-0011,VEH-024,2024-10-27,2024-10-28,RUT-01,HORA_24,1.0,459295.0,459295.0,0.0,459295.0,PL-819622,0.0,0.0,,True,False,0.0,False,
LQ-202510-0076,VEH-033,2025-10-08,2025-10-09,RUT-04,HORA_24,1.0,534280.0,534280.0,0.0,534280.0,PL-660933,2.0,98542.0,,True,False,197084.0,False,
LQ-202603-0104,VEH-029,2026-03-02,2026-03-02,RUT-08,HORA,12.23,36521.0,446651.83,0.0,446651.83,PL-578376,0.0,0.0,,True,False,0.0,False,
LQ-202605-0115,VEH-024,2026-05-17,2026-05-20,RUT-03,HORA_24,1.0,490169.0,490169.0,4.39,468650.58,PL-737694,2.0,105412.0,,True,False,210824.0,False,
LQ-202511-0080,VEH-015,2025-11-30,2025-11-30,RUT-08,HORA_24,1.0,404796.0,404796.0,0.0,404796.0,PL-721045,0.0,0.0,,True,False,0.0,False,
LQ-202608-0131,VEH-024,2026-08-26,2026-08-29,RUT-15,HORA_24,1.0,553114.0,553114.0,0.0,553114.0,,0.0,0.0,,False,False,0.0,False,
LQ-202604-0108,VEH-003,2026-04-20,2026-04-21,RUT-05,HORA_12,1.0,292524.0,292524.0,0.0,292524.0,PL-565726,0.0,0.0,,True,False,0.0,False,
LQ-202503-0035,VEH-025,2025-03-12,2025-03-12,RUT-09,HORA,8.17,30917.0,252591.89,0.0,252591.89,PL-278765,0.0,0.0,,True,False,0.0,False,
LQ-202607-0126,VEH-007,2026-07-15,2026-07-15,RUT-01,KILOMETRO,402.47,4965.0,1998263.55,0.0,1998263.55,,0.0,0.0,TER-003,False,True,0.0,False,
LQ-202507-0063,VEH-035,2025-07-07,2025-07-10,RUT-10,HORA_24,1.0,478189.0,478189.0,0.0,478189.0,PL-433713,3.0,102296.0,,True,False,306888.0,False,
LQ-202602-0099,VEH-036,2026-02-08,2026-02-08,RUT-13,KILOMETRO,134.09,3960.0,530996.4,0.0,530996.4,PL-598408,0.0,0.0,TER-005,True,True,0.0,False,
LQ-202507-0059,VEH-040,2025-07-25,2025-07-28,RUT-09,HORA_24,1.0,515999.0,515999.0,0.0,515999.0,PL-391819,0.0,0.0,,True,False,0.0,False,
LQ-202409-0005,VEH-024,2024-09-04,2024-09-06,RUT-12,HORA_24,1.0,423354.0,423354.0,0.0,423354.0,PL-260053,0.0,0.0,,True,False,0.0,False,
LQ-202607-0126,VEH-012,2026-07-06,2026-07-06,RUT-09,HORA,7.31,36705.0,268313.55,0.0,268313.55,PL-873560,0.0,0.0,,True,False,0.0,False,
LQ-202411-0015,VEH-007,2024-11-25,2024-11-26,RUT-11,HORA_24,1.0,393933.0,393933.0,0.0,393933.0,PL-315565,0.0,0.0,,True,False,0.0,False,
LQ-202512-0089,VEH-025,2025-12-12,2025-12-12,RUT-15,HORA,12.36,22511.0,278235.96,0.0,278235.96,,0.0,0.0,TER-009,False,True,0.0,False,
LQ-202603-0104,VEH-022,2026-03-10,2026-03-10,RUT-06,HORA,12.03,37795.0,454673.85,0.0,454673.85,PL-357329,0.0,0.0,TER-010,True,True,0.0,False,
LQ-202409-0006,VEH-034,2024-09-15,2024-09-15,RUT-06,KILOMETRO,221.84,4373.0,970106.32,0.0,970106.32,PL-484774,0.0,0.0,,True,False,0.0,False,
LQ-202512-0085,VEH-035,2025-12-26,2025-12-29,RUT-09,HORA_24,1.0,327811.0,327811.0,0.0,327811.0,PL-592911,0.0,0.0,TER-010,True,True,0.0,False,
LQ-202608-0134,VEH-019,2026-08-16,2026-08-18,RUT-02,HORA_12,1.0,252339.0,252339.0,0.0,252339.0,PL-806435,0.0,0.0,TER-004,True,True,0.0,False,
LQ-202608-0133,VEH-016,2026-08-15,2026-08-15,RUT-06,HORA,6.79,37473.0,254441.67,0.0,254441.67,PL-762707,0.0,0.0,,True,False,0.0,False,
LQ-202503-0037,VEH-001,2025-03-02,2025-03-02,RUT-01,HORA,6.04,34356.0,207510.24,0.0,207510.24,PL-473973,0.0,0.0,,True,False,0.0,False,
LQ-202503-0039,VEH-005,2025-03-11,2025-03-14,RUT-13,HORA_24,1.0,471910.0,471910.0,0.0,471910.0,PL-325636,0.0,0.0,,True,False,0.0,False,
LQ-202506-0057,VEH-036,2025-06-09,2025-06-10,RUT-02,HORA_24,1.0,542245.0,542245.0,0.0,542245.0,PL-897819,0.0,0.0,,True,False,0.0,False,
LQ-202511-0079,VEH-010,2025-11-13,2025-11-13,RUT-02,HORA,6.94,32349.0,224502.06,0.0,224502.06,PL-960251,0.0,0.0,TER-011,True,True,0.0,False,
LQ-202504-0045,VEH-033,2025-04-27,2025-04-27,RUT-09,KILOMETRO,495.52,4784.0,2370567.68,0.0,2370567.68,PL-910978,0.0,0.0,TER-004,True,True,0.0,False,
LQ-202605-0114,VEH-033,2026-05-10,2026-05-12,RUT-15,HORA_24,1.0,488809.0,488809.0,0.0,488809.0,PL-520835,0.0,0.0,,True,False,0.0,False,
LQ-202511-0083,VEH-030,2025-11-14,2025-11-14,RUT-11,HORA,6.73,29236.0,196758.28,0.0,196758.28,PL-629728,0.0,0.0,,True,False,0.0,False,
LQ-202607-0124,VEH-033,2026-07-01,2026-07-04,RUT-02,HORA_24,1.0,498789.0,498789.0,4.44,476642.77,PL-745506,0.0,0.0,,True,False,0.0,False,
LQ-202607-0124,VEH-008,2026-07-29,2026-07-31,RUT-06,HORA_12,1.0,300709.0,300709.0,0.0,300709.0,PL-544557,0.0,0.0,,True,False,0.0,False,
LQ-202409-0006,VEH-004,2024-09-28,2024-09-30,RUT-12,HORA_24,1.0,460073.0,460073.0,0.0,460073.0,PL-178686,0.0,0.0,,True,False,0.0,False,
LQ-202505-0049,VEH-005,2025-05-21,2025-05-24,RUT-03,HORA_24,1.0,546428.0,546428.0,0.0,546428.0,PL-337298,2.0,107827.0,,True,False,215654.0,False,
LQ-202604-0111,VEH-005,2026-04-28,2026-04-28,RUT-04,HORA_24,1.0,463275.0,463275.0,0.0,463275.0,PL-119776,2.0,99556.0,,True,False,199112.0,False,
LQ-202501-0027,VEH-028,2025-01-15,2025-01-18,RUT-08,HORA_12,1.0,206828.0,206828.0,0.0,206828.0,PL-194604,0.0,0.0,,True,False,0.0,False,
LQ-202601-0094,VEH-031,2026-01-30,2026-01-30,RUT-07,HORA,7.34,28586.0,209821.24,0.0,209821.24,PL-213598,0.0,0.0,,True,False,0.0,False,
LQ-202607-0125,VEH-036,2026-07-19,2026-07-19,RUT-14,HORA_24,1.0,574841.0,574841.0,0.0,574841.0,PL-298395,0.0,0.0,TER-011,True,True,0.0,False,
LQ-202507-0059,VEH-028,2025-07-08,2025-07-08,RUT-11,HORA,11.5,37735.0,433952.5,0.0,433952.5,PL-151310,0.0,0.0,TER-007,True,True,0.0,False,
LQ-202605-0115,VEH-005,2026-05-16,2026-05-16,RUT-11,HORA,2.25,36600.0,82350.0,0.0,82350.0,PL-197330,0.0,0.0,,True,False,0.0,False,
LQ-202503-0040,VEH-014,2025-03-29,2025-03-31,RUT-14,HORA_24,1.0,437061.0,437061.0,0.0,437061.0,PL-464519,0.0,0.0,,True,False,0.0,False,
LQ-202501-0026,VEH-039,2025-01-12,2025-01-14,RUT-12,HORA_24,1.0,404075.0,404075.0,5.48,381931.69,PL-136500,0.0,0.0,,True,False,0.0,False,
LQ-202606-0119,VEH-018,2026-06-03,2026-06-03,RUT-04,KILOMETRO,207.52,4527.0,939443.04,0.0,939443.04,PL-288021,1.0,108340.0,,True,False,108340.0,False,
LQ-202412-0018,VEH-034,2024-12-02,2024-12-03,RUT-12,HORA_24,1.0,383558.0,383558.0,0.0,383558.0,PL-798359,0.0,0.0,,True,False,0.0,False,
LQ-202605-0117,VEH-004,2026-05-02,2026-05-03,RUT-02,HORA_12,1.0,259490.0,259490.0,0.0,259490.0,,0.0,0.0,,False,False,0.0,False,
LQ-202506-0055,VEH-036,2025-06-03,2025-06-06,RUT-13,HORA_24,1.0,530785.0,530785.0,0.0,530785.0,PL-188963,0.0,0.0,,True,False,0.0,False,
LQ-202505-0052,VEH-020,2025-05-11,2025-05-13,RUT-02,HORA_24,1.0,8698563.0,8698563.0,0.0,8698563.0,PL-981515,1.0,101358.0,TER-010,True,True,101358.0,True,tarifa fuera de rango
LQ-202507-0059,VEH-007,2025-07-06,2025-07-09,RUT-07,HORA_12,1.0,290193.0,290193.0,0.0,290193.0,PL-902257,0.0,0.0,,True,False,0.0,False,
LQ-202607-0124,VEH-031,2026-07-25,2026-07-25,RUT-15,HORA,8.59,35501.0,304953.59,0.0,304953.59,PL-516600,0.0,0.0,,True,False,0.0,False,
LQ-202501-0028,VEH-028,2025-01-17,2025-01-20,RUT-13,HORA_24,1.0,387496.0,387496.0,0.0,387496.0,PL-533491,0.0,0.0,,True,False,0.0,False,
LQ-202412-0019,VEH-018,2024-12-10,2024-12-10,RUT-07,KILOMETRO,172.4,3380.0,582712.0,0.0,582712.0,PL-259338,0.0,0.0,,True,False,0.0,False,
LQ-202511-0080,VEH-012,2025-11-26,2025-11-28,RUT-10,HORA_24,1.0,494107.0,494107.0,0.0,494107.0,,0.0,0.0,TER-009,False,True,0.0,False,
LQ-202506-0058,VEH-028,2025-06-23,2025-06-25,RUT-06,HORA_24,1.0,497296.0,497296.0,0.0,497296.0,,0.0,0.0,TER-011,False,True,0.0,False,
LQ-202409-0005,VEH-005,2024-09-15,2024-09-15,RUT-08,HORA_24,1.0,461701.0,461701.0,1.61,454267.61,PL-775981,0.0,0.0,,True,False,0.0,False,
LQ-202511-0082,VEH-032,2025-11-18,2025-11-21,RUT-14,HORA_24,1.0,497136.0,497136.0,0.0,497136.0,PL-481039,3.0,97843.0,,True,False,293529.0,False,
LQ-202510-0074,VEH-020,2025-10-27,2025-10-28,RUT-09,HORA_24,1.0,433634.0,433634.0,0.0,433634.0,PL-564328,0.0,0.0,,True,False,0.0,False,
LQ-202607-0124,VEH-031,2026-07-17,2026-07-17,RUT-06,HORA,7.75,31348.0,242947.0,5.91,228588.83,PL-565176,0.0,0.0,,True,False,0.0,False,
LQ-202411-0013,VEH-013,2024-11-24,2024-11-24,RUT-05,HORA,0.5,32870.0,16435.0,0.0,16435.0,PL-563173,0.0,0.0,TER-007,True,True,0.0,False,
LQ-202412-0019,VEH-001,2024-12-30,2024-12-31,RUT-10,HORA_24,1.0,321025.0,321025.0,0.0,321025.0,PL-459946,0.0,0.0,,True,False,0.0,False,
LQ-202603-0103,VEH-004,2026-03-22,2026-03-22,RUT-14,HORA_24,1.0,476744.0,476744.0,0.0,476744.0,PL-229376,0.0,0.0,,True,False,0.0,False,
LQ-202504-0046,VEH-016,2025-04-06,2025-04-07,RUT-02,HORA_24,1.0,504749.0,504749.0,0.0,504749.0,PL-261625,3.0,95727.0,,True,False,287181.0,False,
LQ-202502-0029,VEH-030,2025-02-20,2025-02-20,RUT-14,HORA,0.5,30632.0,15316.0,0.0,15316.0,PL-898678,0.0,0.0,,True,False,0.0,False,
LQ-202603-0107,VEH-010,2026-03-11,2026-03-13,RUT-10,HORA_12,1.0,197078.0,197078.0,0.0,197078.0,PL-267846,0.0,0.0,,True,False,0.0,False,
LQ-202411-0017,VEH-008,2024-11-20,2024-11-20,RUT-14,HORA,3.94,26211.0,103271.34,0.0,103271.34,PL-182300,0.0,0.0,,True,False,0.0,False,
LQ-202512-0085,VEH-033,2025-12-10,2025-12-12,RUT-08,HORA_12,1.0,174744.0,174744.0,0.0,174744.0,,0.0,0.0,,False,False,0.0,True,tarifa fuera de rango
LQ-202607-0125,VEH-002,2026-07-18,2026-07-18,RUT-02,KILOMETRO,264.45,4800.0,1269360.0,0.0,1269360.0,PL-875425,0.0,0.0,TER-010,True,True,0.0,False,
LQ-202604-0109,VEH-038,2026-04-04,2026-04-07,RUT-12,HORA_24,1.0,457715.0,457715.0,0.0,457715.0,PL-684363,3.0,99556.0,,True,False,298668.0,False,
LQ-202505-0050,VEH-007,2025-05-20,2025-05-20,RUT-01,HORA_12,1.0,285532.0,285532.0,0.0,285532.0,PL-703587,0.0,0.0,TER-004,True,True,0.0,False,
LQ-202505-0051,VEH-032,2025-05-27,2025-05-27,RUT-03,HORA,12.09,39732.0,480359.88,0.0,480359.88,PL-864062,0.0,0.0,TER-002,True,True,0.0,False,
LQ-202507-0062,VEH-002,2025-07-05,2025-07-05,RUT-09,KILOMETRO,384.04,4946.0,1899461.84,0.0,1899461.84,PL-976579,0.0,0.0,,True,False,0.0,False,
LQ-202511-0081,VEH-013,2025-11-07,2025-11-07,RUT-15,HORA,5.87,31200.0,183144.0,0.0,183144.0,PL-567296,0.0,0.0,,True,False,0.0,False,
LQ-202508-0065,VEH-003,2025-08-31,2025-08-31,RUT-13,HORA_24,1.0,518275.0,518275.0,0.0,518275.0,PL-670816,0.0,0.0,TER-002,True,True,0.0,False,
LQ-202603-0102,VEH-012,2026-03-09,2026-03-09,RUT-11,HORA,13.66,34486.0,471078.76,0.0,471078.76,PL-469515,0.0,0.0,,True,False,0.0,False,
LQ-202604-0112,VEH-024,2026-04-22,2026-04-23,RUT-03,HORA_12,1.0,272728.0,272728.0,0.0,272728.0,PL-453536,0.0,0.0,,True,False,0.0,False,
LQ-202412-0018,VEH-026,2024-12-25,2024-12-25,RUT-08,HORA_24,1.0,325583.0,325583.0,0.0,325583.0,PL-255202,0.0,0.0,TER-002,True,True,0.0,False,
LQ-202504-0042,VEH-034,2025-04-24,2025-04-27,RUT-09,HORA_12,1.0,259180.0,259180.0,0.0,259180.0,PL-936979,0.0,0.0,TER-008,True,True,0.0,False,
LQ-202512-0085,VEH-019,2025-12-30,2025-12-31,RUT-03,HORA_12,1.0,211266.0,211266.0,6.11,198357.65,,0.0,0.0,,False,False,0.0,False,
LQ-202412-0020,VEH-030,2024-12-10,2024-12-10,RUT-07,HORA_12,1.0,200909.0,200909.0,0.0,200909.0,PL-970206,0.0,0.0,,True,False,0.0,False,
LQ-202502-0029,VEH-038,2025-02-09,2025-02-10,RUT-01,HORA_24,1.0,455704.0,455704.0,0.0,455704.0,PL-565808,0.0,0.0,TER-009,True,True,0.0,False,
LQ-202510-0077,VEH-034,2025-10-29,2025-10-31,RUT-02,HORA_24,1.0,533575.0,533575.0,0.0,533575.0,PL-620292,0.0,0.0,TER-007,True,True,0.0,False,
LQ-202603-0107,VEH-002,2026-03-25,2026-03-25,RUT-04,HORA,3.46,32713.0,113186.98,0.0,113186.98,PL-809893,1.0,101508.0,TER-007,True,True,101508.0,False,
LQ-202412-0023,VEH-012,2024-12-04,2024-12-04,RUT-01,HORA,9.53,22780.0,217093.4,0.0,217093.4,PL-265722,0.0,0.0,,True,False,0.0,False,
LQ-202412-0019,VEH-026,2024-12-24,2024-12-24,RUT-10,HORA,6.42,23966.0,153861.72,0.0,153861.72,PL-741209,0.0,0.0,,True,False,0.0,False,
LQ-202606-0118,VEH-002,2026-06-04,2026-06-05,RUT-01,HORA_12,1.0,348340.0,348340.0,0.0,348340.0,PL-275479,1.0,115255.0,,True,False,115255.0,False,
LQ-202512-0089,VEH-035,2025-12-26,2025-12-28,RUT-09,HORA_24,1.0,343310.0,343310.0,0.0,343310.0,PL-603760,3.0,72264.0,,True,False,216792.0,False,
LQ-202604-0111,VEH-007,2026-04-07,2026-04-07,RUT-12,HORA_12,1.0,252843.0,252843.0,0.0,252843.0,PL-945540,0.0,0.0,,True,False,0.0,False,
LQ-202512-0089,VEH-026,2025-12-13,2025-12-13,RUT-04,HORA,7.13,24083.0,171711.79,0.0,171711.79,PL-958925,2.0,72264.0,,True,False,144528.0,False,
LQ-202511-0080,VEH-010,2025-11-02,2025-11-02,RUT-07,HORA_12,1.0,244323.0,244323.0,0.0,244323.0,,0.0,0.0,,False,False,0.0,False,
LQ-202602-0098,VEH-020,2026-02-20,2026-02-20,RUT-13,HORA,6.45,32145.0,207335.25,3.43,200223.65,PL-479964,0.0,0.0,,True,False,0.0,False,
LQ-202502-0034,VEH-001,2025-02-18,2025-02-21,RUT-13,HORA_12,1.0,223826.0,223826.0,0.0,223826.0,PL-820013,0.0,0.0,,True,False,0.0,False,
LQ-202608-0129,VEH-022,2026-08-10,2026-08-10,RUT-08,HORA,6.44,32031.0,206279.64,5.75,194418.56,PL-320185,0.0,0.0,,True,False,0.0,False,
LQ-202409-0002,VEH-001,2024-09-19,2024-09-20,RUT-15,HORA_24,1.0,429240.0,429240.0,0.0,429240.0,PL-645175,0.0,0.0,,True,False,0.0,False,
LQ-202507-0063,VEH-038,2025-07-29,2025-07-31,RUT-12,HORA_12,1.0,261550.0,261550.0,0.0,261550.0,,0.0,0.0,,False,False,0.0,False,
LQ-202602-0098,VEH-031,2026-02-06,2026-02-08,RUT-06,HORA_12,1.0,268997.0,268997.0,0.0,268997.0,PL-984503,0.0,0.0,,True,False,0.0,False,
LQ-202510-0073,VEH-028,2025-10-30,2025-10-30,RUT-06,HORA,9.39,34213.0,321260.07,0.0,321260.07,PL-248891,0.0,0.0,,True,False,0.0,False,
LQ-202502-0029,VEH-003,2025-02-20,2025-02-23,RUT-02,HORA_24,1.0,397677.0,397677.0,0.0,397677.0,PL-648171,2.0,94848.0,TER-006,True,True,189696.0,False,
LQ-202601-0093,VEH-017,2026-01-23,2026-01-23,RUT-02,HORA,14.39,26469.0,380888.91,0.0,380888.91,,2.0,80035.0,,False,False,160070.0,False,
LQ-202411-0017,VEH-016,2024-11-22,2024-11-23,RUT-12,HORA_24,1.0,440826.0,440826.0,0.0,440826.0,PL-378297,0.0,0.0,TER-004,True,True,0.0,False,
LQ-202601-0093,VEH-027,2026-01-11,2026-01-11,RUT-15,HORA_24,1.0,359614.0,359614.0,0.0,359614.0,PL-903120,0.0,0.0,TER-008,True,True,0.0,False,
LQ-202501-0024,VEH-024,2025-01-03,2025-01-05,RUT-11,HORA_24,1.0,5070077.0,5070077.0,0.0,5070077.0,PL-154067,3.0,76957.0,TER-006,True,True,230871.0,True,tarifa fuera de rango
LQ-202605-0117,VEH-020,2026-05-03,2026-05-03,RUT-10,HORA_24,1.0,494994.0,494994.0,0.0,494994.0,PL-253759,0.0,0.0,,True,False,0.0,False,
LQ-202601-0092,VEH-023,2026-01-29,2026-01-29,RUT-06,HORA_24,1.0,363681.0,363681.0,0.0,363681.0,PL-799414,0.0,0.0,TER-006,True,True,0.0,False,
LQ-202608-0132,VEH-021,2026-08-01,2026-08-04,RUT-11,HORA_12,1.0,295851.0,295851.0,0.0,295851.0,PL-459806,0.0,0.0,,True,False,0.0,False,
LQ-202607-0123,VEH-027,2026-07-30,2026-07-31,RUT-04,HORA_24,1.0,499405.0,499405.0,7.36,462648.79,PL-724594,0.0,0.0,,True,False,0.0,False,
LQ-202608-0131,VEH-001,2026-08-28,2026-08-28,RUT-04,HORA,7.74,35253.0,272858.22,0.0,272858.22,PL-403529,0.0,0.0,,True,False,0.0,False,
LQ-202505-0052,VEH-012,2025-05-29,2025-05-29,RUT-10,KILOMETRO,210.86,4398.0,927362.28,0.0,927362.28,PL-403815,0.0,0.0,,True,False,0.0,False,
LQ-202608-0132,VEH-023,2026-08-21,2026-08-22,RUT-04,HORA_24,1.0,510043.0,510043.0,0.0,510043.0,PL-138241,0.0,0.0,,True,False,0.0,False,
LQ-202608-0133,VEH-017,2026-08-21,2026-08-22,RUT-11,HORA_12,1.0,292750.0,292750.0,0.0,292750.0,,0.0,0.0,,False,False,0.0,False,
LQ-202510-0073,VEH-027,2025-10-12,2025-10-12,RUT-15,HORA_24,1.0,480147.0,480147.0,0.0,480147.0,PL-971707,0.0,0.0,TER-009,True,True,0.0,False,
LQ-202605-0116,VEH-017,2026-05-25,2026-05-25,RUT-15,HORA_24,1.0,493588.0,493588.0,0.0,493588.0,PL-689271,0.0,0.0,TER-012,True,True,0.0,False,
LQ-202601-0091,VEH-006,2026-01-20,2026-01-20,RUT-10,HORA,10.28,25485.0,261985.8,0.0,261985.8,PL-304144,0.0,0.0,TER-005,True,True,0.0,False,
LQ-202507-0061,VEH-014,2025-07-22,2025-07-25,RUT-03,HORA_24,1.0,485576.0,485576.0,1.78,476932.75,PL-204800,0.0,0.0,,True,False,0.0,False,
LQ-202409-0002,VEH-028,2024-09-20,2024-09-20,RUT-08,HORA,7.24,26251.0,190057.24,0.0,190057.24,PL-970914,0.0,0.0,,True,False,0.0,False,
LQ-202501-0026,VEH-039,2025-01-30,2025-01-31,RUT-13,HORA_12,1.0,183633.0,183633.0,0.0,183633.0,PL-228216,0.0,0.0,,True,False,0.0,False,
LQ-202608-0130,VEH-029,2026-08-24,2026-08-24,RUT-11,HORA,10.96,31790.0,348418.4,0.0,348418.4,PL-864776,0.0,0.0,TER-004,True,True,0.0,False,
LQ-202508-0065,VEH-007,2025-08-03,2025-08-03,RUT-08,HORA,10.98,37200.0,408456.0,0.0,408456.0,PL-358477,2.0,105830.0,TER-012,True,True,211660.0,False,
LQ-202601-0093,VEH-019,2026-01-24,2026-01-24,RUT-15,HORA_12,1.0,210324.0,210324.0,0.0,210324.0,PL-247019,0.0,0.0,,True,False,0.0,False,
LQ-202602-0097,VEH-009,2026-02-19,2026-02-22,RUT-05,HORA_12,1.0,260453.0,260453.0,0.0,260453.0,PL-211626,1.0,92723.0,,True,False,92723.0,False,
LQ-202509-0068,VEH-024,2025-09-30,2025-09-30,RUT-15,HORA,8.35,31953.0,266807.55,0.0,266807.55,PL-379341,0.0,0.0,,True,False,0.0,False,
LQ-202603-0107,VEH-007,2026-03-24,2026-03-27,RUT-07,HORA_24,1.0,552984.0,552984.0,0.0,552984.0,PL-293412,0.0,0.0,,True,False,0.0,False,
LQ-202505-0050,VEH-025,2025-05-28,2025-05-31,RUT-03,HORA_24,1.0,495886.0,495886.0,0.0,495886.0,PL-883068,0.0,0.0,TER-006,True,True,0.0,False,
LQ-202604-0111,VEH-001,2026-04-04,2026-04-05,RUT-07,HORA_12,1.0,304025.0,304025.0,0.0,304025.0,PL-615825,3.0,99556.0,,True,False,298668.0,False,
LQ-202508-0066,VEH-021,2025-08-06,2025-08-06,RUT-06,KILOMETRO,260.31,3992.0,1039157.52,0.0,1039157.52,,2.0,99481.0,,False,False,198962.0,False,
LQ-202502-0033,VEH-022,2025-02-22,2025-02-23,RUT-14,HORA_24,1.0,464308.0,464308.0,0.0,464308.0,PL-542957,0.0,0.0,,True,False,0.0,False,
LQ-202506-0056,VEH-015,2025-06-12,2025-06-15,RUT-06,HORA_24,1.0,458722.0,458722.0,0.0,458722.0,PL-497875,0.0,0.0,,True,False,0.0,False,
LQ-202608-0133,VEH-016,2026-08-04,2026-08-05,RUT-08,HORA_24,1.0,504827.0,504827.0,0.0,504827.0,PL-235495,0.0,0.0,,True,False,0.0,False,
LQ-202503-0040,VEH-035,2025-03-05,2025-03-06,RUT-03,HORA_12,1.0,264801.0,264801.0,0.0,264801.0,PL-310083,0.0,0.0,,True,False,0.0,False,
LQ-202511-0079,VEH-001,2025-11-08,2025-11-08,RUT-08,KILOMETRO,300.87,5022.0,1510969.14,0.0,1510969.14,,0.0,0.0,,False,False,0.0,False,
LQ-202601-0094,VEH-025,2026-01-30,2026-01-31,RUT-03,HORA_24,1.0,405532.0,405532.0,0.0,405532.0,PL-815286,0.0,0.0,,True,False,0.0,False,
LQ-202608-0131,VEH-036,2026-08-03,2026-08-03,RUT-03,KILOMETRO,238.18,5332.0,1269975.76,0.0,1269975.76,PL-918338,1.0,110064.0,,True,False,110064.0,False,
LQ-202605-0114,VEH-008,2026-05-11,2026-05-11,RUT-01,HORA_12,1.0,322198.0,322198.0,7.06,299450.82,PL-483752,0.0,0.0,,True,False,0.0,False,
LQ-202603-0106,VEH-020,2026-03-20,2026-03-23,RUT-03,HORA_12,1.0,300419.0,300419.0,0.0,300419.0,PL-333623,2.0,107987.0,,True,False,215974.0,False,
LQ-202605-0116,VEH-005,2026-05-05,2026-05-07,RUT-02,HORA_12,1.0,283357.0,283357.0,0.0,283357.0,PL-873499,2.0,112140.0,,True,False,224280.0,False,
LQ-202605-0117,VEH-034,2026-05-31,2026-05-31,RUT-09,HORA_24,1.0,525348.0,525348.0,0.0,525348.0,PL-342092,0.0,0.0,,True,False,0.0,False,
LQ-202410-0007,VEH-008,2024-10-14,2024-10-14,RUT-03,HORA,3.61,31243.0,112787.23,0.0,112787.23,PL-643269,0.0,0.0,TER-003,True,True,0.0,False,
LQ-202504-0042,VEH-006,2025-04-18,2025-04-19,RUT-14,HORA_12,1.0,254298.0,254298.0,0.0,254298.0,PL-389874,0.0,0.0,,True,False,0.0,False,
LQ-202507-0060,VEH-002,2025-07-01,2025-07-01,RUT-13,HORA_24,1.0,470500.0,470500.0,0.0,470500.0,PL-187696,0.0,0.0,,True,False,0.0,False,
LQ-202606-0119,VEH-035,2026-06-04,2026-06-05,RUT-10,HORA_24,1.0,557197.0,557197.0,0.0,557197.0,PL-559299,0.0,0.0,TER-007,True,True,0.0,False,
LQ-202605-0117,VEH-024,2026-05-05,2026-05-07,RUT-11,HORA_24,1.0,461629.0,461629.0,0.0,461629.0,PL-228106,0.0,0.0,TER-012,True,True,0.0,False,
LQ-202512-0088,VEH-040,2025-12-21,2025-12-23,RUT-12,HORA_24,1.0,373200.0,373200.0,0.0,373200.0,PL-893503,0.0,0.0,TER-008,True,True,0.0,False,
LQ-202506-0053,VEH-040,2025-06-11,2025-06-11,RUT-02,HORA_24,1.0,531201.0,531201.0,0.0,531201.0,PL-111196,0.0,0.0,,True,False,0.0,False,
LQ-202602-0101,VEH-040,2026-02-24,2026-02-27,RUT-12,HORA_24,1.0,6149388.0,6149388.0,0.0,6149388.0,PL-197814,0.0,0.0,TER-012,True,True,0.0,True,tarifa fuera de rango
LQ-202604-0112,VEH-017,2026-04-29,2026-04-30,RUT-07,HORA_24,1.0,543332.0,543332.0,0.0,543332.0,PL-956235,0.0,0.0,,True,False,0.0,False,
LQ-202509-0071,VEH-037,2025-09-20,2025-09-21,RUT-07,HORA_24,1.0,439873.0,439873.0,0.0,439873.0,,0.0,0.0,,False,False,0.0,False,
LQ-202509-0067,VEH-040,2025-09-13,2025-09-15,RUT-02,HORA_12,1.0,245057.0,245057.0,0.0,245057.0,PL-115775,3.0,102835.0,,True,False,308505.0,False,
LQ-202604-0110,VEH-040,2026-04-01,2026-04-02,RUT-13,HORA_24,1.0,523289.0,523289.0,0.0,523289.0,PL-718069,0.0,0.0,,True,False,0.0,False,
LQ-202604-0112,VEH-027,2026-04-16,2026-04-16,RUT-05,HORA,9.84,37512.0,369118.08,0.0,369118.08,PL-958231,0.0,0.0,,True,False,0.0,False,
LQ-202504-0043,VEH-034,2025-04-01,2025-04-01,RUT-04,HORA_12,1.0,296361.0,296361.0,0.0,296361.0,PL-207500,0.0,0.0,,True,False,0.0,False,
LQ-202606-0120,VEH-003,2026-06-08,2026-06-09,RUT-15,HORA_24,1.0,545156.0,545156.0,0.0,545156.0,PL-320888,0.0,0.0,TER-003,True,True,0.0,False,
LQ-202512-0089,VEH-023,2025-12-24,2025-12-24,RUT-03,HORA_24,1.0,358078.0,358078.0,0.0,358078.0,,0.0,0.0,TER-002,False,True,0.0,False,
LQ-202608-0133,VEH-002,2026-08-05,2026-08-06,RUT-08,HORA_24,1.0,540892.0,540892.0,0.0,540892.0,PL-750047,0.0,0.0,,True,False,0.0,False,
LQ-202607-0125,VEH-028,2026-07-01,2026-07-03,RUT-01,HORA_24,1.0,536437.0,536437.0,0.0,536437.0,PL-676569,0.0,0.0,,True,False,0.0,False,
LQ-202506-0054,VEH-012,2025-06-01,2025-06-01,RUT-04,KILOMETRO,118.44,5183.0,613874.52,6.23,575630.14,PL-967860,1.0,104173.0,,True,False,104173.0,False,
LQ-202501-0027,VEH-007,2025-01-17,2025-01-18,RUT-01,HORA_12,1.0,225151.0,225151.0,0.0,225151.0,PL-444622,2.0,81869.0,TER-011,True,True,163738.0,False,
LQ-202502-0029,VEH-040,2025-02-24,2025-02-26,RUT-14,HORA_24,18.43,442072.0,8147386.96,8.9,7422269.52,PL-529526,0.0,0.0,,True,False,0.0,True,cantidad fuera de rango
LQ-202606-0122,VEH-019,2026-06-07,2026-06-07,RUT-08,HORA,7.96,30343.0,241530.28,0.0,241530.28,PL-823622,0.0,0.0,,True,False,0.0,False,
LQ-202502-0031,VEH-032,2025-02-22,2025-02-23,RUT-02,HORA_24,1.0,459095.0,459095.0,5.17,435359.79,PL-128142,0.0,0.0,TER-002,True,True,0.0,False,
LQ-202504-0042,VEH-019,2025-04-15,2025-04-17,RUT-09,HORA_12,1.0,272657.0,272657.0,0.0,272657.0,PL-355882,0.0,0.0,,True,False,0.0,False,
LQ-202605-0116,VEH-003,2026-05-23,2026-05-23,RUT-08,HORA_12,1.0,285751.0,285751.0,0.0,285751.0,PL-155596,0.0,0.0,TER-001,True,True,0.0,False,
LQ-202502-0034,VEH-030,2025-02-23,2025-02-26,RUT-07,HORA_12,1.0,232448.0,232448.0,0.0,232448.0,PL-626625,0.0,0.0,TER-007,True,True,0.0,False,
LQ-202503-0036,VEH-001,2025-03-13,2025-03-16,RUT-13,HORA_24,1.0,434509.0,434509.0,0.0,434509.0,PL-267775,0.0,0.0,,True,False,0.0,False,
LQ-202603-0102,VEH-017,2026-03-15,2026-03-16,RUT-08,HORA_12,1.0,296221.0,296221.0,0.0,296221.0,PL-352069,0.0,0.0,,True,False,0.0,False,
LQ-202509-0071,VEH-025,2025-09-21,2025-09-24,RUT-05,HORA_24,1.0,544833.0,544833.0,0.0,544833.0,PL-241232,1.0,102835.0,,True,False,102835.0,False,
LQ-202410-0007,VEH-037,2024-10-28,2024-10-28,RUT-14,HORA_12,1.0,233150.0,233150.0,5.14,221166.09,PL-377511,0.0,0.0,,True,False,0.0,False,
LQ-202602-0101,VEH-026,2026-02-07,2026-02-09,RUT-15,HORA_24,1.0,450017.0,450017.0,5.62,424726.04,PL-192401,0.0,0.0,TER-002,True,True,0.0,False,
LQ-202604-0109,VEH-029,2026-04-25,2026-04-25,RUT-15,HORA,10.22,31234.0,319211.48,0.0,319211.48,PL-134999,0.0,0.0,,True,False,0.0,False,
LQ-202507-0059,VEH-008,2025-07-23,2025-07-23,RUT-09,HORA_24,1.0,432524.0,432524.0,0.5,430361.38,PL-994467,0.0,0.0,,True,False,0.0,False,
LQ-202510-0073,VEH-009,2025-10-07,2025-10-09,RUT-01,HORA_24,1.0,507225.0,507225.0,0.0,507225.0,PL-148933,0.0,0.0,TER-005,True,True,0.0,False,
LQ-202503-0038,VEH-038,2025-03-03,2025-03-03,RUT-04,KILOMETRO,470.09,4269.0,2006814.21,5.02,1906072.14,PL-260483,3.0,97604.0,TER-012,True,True,292812.0,False,
LQ-202511-0082,VEH-028,2025-11-02,2025-11-04,RUT-11,HORA_24,1.0,489307.0,489307.0,0.0,489307.0,PL-162389,0.0,0.0,TER-007,True,True,0.0,False,
LQ-202606-0119,VEH-009,2026-06-30,2026-06-30,RUT-12,HORA_24,1.0,490335.0,490335.0,0.0,490335.0,PL-855829,0.0,0.0,TER-004,True,True,0.0,False,
LQ-202512-0085,VEH-022,2025-12-18,2025-12-20,RUT-06,HORA_24,1.0,321973.0,321973.0,0.0,321973.0,PL-270927,0.0,0.0,,True,False,0.0,False,
LQ-202502-0034,VEH-022,2025-02-03,2025-02-05,RUT-07,HORA_12,1.0,252324.0,252324.0,0.0,252324.0,PL-915866,0.0,0.0,TER-004,True,True,0.0,False,
LQ-202604-0112,VEH-010,2026-04-13,2026-04-13,RUT-12,HORA_24,1.0,514343.0,514343.0,0.0,514343.0,PL-667300,0.0,0.0,,True,False,0.0,False,
LQ-202501-0024,VEH-034,2025-01-21,2025-01-23,RUT-11,HORA_12,1.0,178566.0,178566.0,0.0,178566.0,PL-982804,0.0,0.0,,True,False,0.0,False,
LQ-202509-0067,VEH-018,2025-09-13,2025-09-14,RUT-13,HORA_24,1.0,487236.0,487236.0,1.53,479781.29,PL-445426,0.0,0.0,,True,False,0.0,False,
LQ-202511-0083,VEH-005,2025-11-02,2025-11-02,RUT-11,HORA,5.49,33829.0,185721.21,3.94,178403.79,PL-152326,0.0,0.0,,True,False,0.0,False,
LQ-202602-0100,VEH-027,2026-02-27,2026-02-28,RUT-04,HORA_12,1.0,255322.0,255322.0,0.0,255322.0,PL-533711,3.0,98642.0,,True,False,295926.0,False,
LQ-202502-0034,VEH-033,2025-02-04,2025-02-04,RUT-01,HORA_24,1.0,417418.0,417418.0,4.44,398884.64,PL-335861,3.0,89157.0,TER-010,True,True,267471.0,False,
LQ-202511-0082,VEH-003,2025-11-08,2025-11-08,RUT-14,HORA_24,1.0,437589.0,437589.0,0.0,437589.0,PL-713187,0.0,0.0,TER-003,True,True,0.0,False,
LQ-202601-0092,VEH-027,2026-01-31,2026-01-31,RUT-13,HORA_24,1.0,399250.0,399250.0,4.64,380724.8,PL-199845,0.0,0.0,,True,False,0.0,False,
LQ-202509-0067,VEH-032,2025-09-29,2025-09-29,RUT-09,HORA_12,1.0,251443.0,251443.0,0.0,251443.0,PL-919555,0.0,0.0,,True,False,0.0,False,
LQ-202506-0055,VEH-011,2025-06-14,2025-06-14,RUT-15,HORA,13.02,30614.0,398594.28,0.0,398594.28,PL-353063,0.0,0.0,,True,False,0.0,False,
LQ-202505-0049,VEH-007,2025-05-05,2025-05-05,RUT-05,KILOMETRO,246.14,4820.0,1186394.8,0.0,1186394.8,PL-600998,3.0,107827.0,,True,False,323481.0,False,
LQ-202511-0080,VEH-028,2025-11-16,2025-11-16,RUT-03,HORA,5.05,31050.0,156802.5,0.0,156802.5,PL-997080,0.0,0.0,,True,False,0.0,False,
LQ-202503-0039,VEH-033,2025-03-08,2025-03-10,RUT-03,HORA_24,1.0,455239.0,455239.0,0.0,455239.0,PL-312882,3.0,103834.0,,True,False,311502.0,False,
LQ-202511-0082,VEH-025,2025-11-27,2025-11-30,RUT-07,HORA_24,1.0,527908.0,527908.0,0.0,527908.0,PL-705628,0.0,0.0,TER-002,True,True,0.0,False,
LQ-202412-0018,VEH-003,2024-12-31,2024-12-31,RUT-11,HORA_12,1.0,205023.0,205023.0,0.0,205023.0,PL-880900,0.0,0.0,,True,False,0.0,False,
LQ-202510-0078,VEH-003,2025-10-13,2025-10-13,RUT-13,HORA,6.69,34321.0,229607.49,0.0,229607.49,,0.0,0.0,,False,False,0.0,False,
LQ-202410-0009,VEH-032,2024-10-11,2024-10-12,RUT-04,HORA_24,1.0,505976.0,505976.0,0.0,505976.0,PL-677390,0.0,0.0,,True,False,0.0,False,
LQ-202511-0082,VEH-037,2025-11-16,2025-11-17,RUT-13,HORA_24,1.0,521226.0,521226.0,0.0,521226.0,PL-223598,0.0,0.0,,True,False,0.0,False,
LQ-202502-0029,VEH-033,2025-02-12,2025-02-12,RUT-07,HORA,8.53,28168.0,240273.04,0.0,240273.04,PL-394976,0.0,0.0,TER-012,True,True,0.0,False,
LQ-202502-0034,VEH-021,2025-02-14,2025-02-14,RUT-12,KILOMETRO,238.48,4171.0,994700.08,0.0,994700.08,PL-166582,0.0,0.0,,True,False,0.0,False,
LQ-202409-0006,VEH-022,2024-09-19,2024-09-21,RUT-13,HORA_12,1.0,227454.0,227454.0,0.0,227454.0,PL-953025,0.0,0.0,,True,False,0.0,False,
LQ-202603-0107,VEH-029,2026-03-08,2026-03-08,RUT-05,HORA_24,1.0,489137.0,489137.0,0.0,489137.0,PL-319686,0.0,0.0,,True,False,0.0,False,
LQ-202502-0029,VEH-036,2025-02-10,2025-02-10,RUT-02,HORA_12,1.0,269826.0,269826.0,0.0,269826.0,PL-393033,1.0,94848.0,,True,False,94848.0,False,
LQ-202512-0089,VEH-013,2025-12-01,2025-12-02,RUT-14,HORA_12,1.0,188521.0,188521.0,0.0,188521.0,PL-356262,0.0,0.0,,True,False,0.0,False,
LQ-202606-0119,VEH-007,2026-06-01,2026-06-01,RUT-06,HORA,7.3,30764.0,224577.2,0.0,224577.2,PL-729316,0.0,0.0,,True,False,0.0,False,
LQ-202608-0134,VEH-005,2026-08-01,2026-08-02,RUT-06,HORA_12,1.0,290226.0,290226.0,0.0,290226.0,PL-169356,0.0,0.0,,True,False,0.0,False,
LQ-202608-0134,VEH-016,2026-08-12,2026-08-13,RUT-02,HORA_24,1.0,473634.0,473634.0,0.0,473634.0,PL-953214,0.0,0.0,,True,False,0.0,False,
LQ-202506-0056,VEH-028,2025-06-18,2025-06-20,RUT-09,HORA_24,1.0,460229.0,460229.0,0.0,460229.0,PL-314845,0.0,0.0,TER-011,True,True,0.0,False,
LQ-202601-0092,VEH-002,2026-01-15,2026-01-16,RUT-13,HORA_24,1.0,392428.0,392428.0,5.87,369392.48,,0.0,0.0,TER-005,False,True,0.0,False,
LQ-202510-0076,VEH-024,2025-10-16,2025-10-19,RUT-05,HORA_24,1.0,423342.0,423342.0,0.0,423342.0,PL-726301,2.0,98542.0,TER-007,True,True,197084.0,False,
LQ-202410-0007,VEH-011,2024-10-08,2024-10-08,RUT-10,HORA,10.7,30185.0,322979.5,0.0,322979.5,PL-649697,0.0,0.0,,True,False,0.0,False,
LQ-202512-0085,VEH-028,2025-12-08,2025-12-08,RUT-14,HORA_24,1.0,293818.0,293818.0,0.0,293818.0,PL-548902,0.0,0.0,,True,False,0.0,True,tarifa fuera de rango
LQ-202411-0017,VEH-013,2024-11-27,2024-11-28,RUT-13,HORA_12,1.0,241748.0,241748.0,0.0,241748.0,PL-991884,0.0,0.0,,True,False,0.0,False,
LQ-202507-0061,VEH-013,2025-07-04,2025-07-04,RUT-13,HORA,8.23,32119.0,264339.37,0.0,264339.37,PL-352807,0.0,0.0,,True,False,0.0,False,
LQ-202507-0062,VEH-010,2025-07-30,2025-07-30,RUT-08,HORA_12,1.0,303193.0,303193.0,0.0,303193.0,PL-868071,0.0,0.0,TER-011,True,True,0.0,False,
LQ-202607-0124,VEH-028,2026-07-24,2026-07-25,RUT-11,HORA_24,1.0,500236.0,500236.0,0.0,500236.0,PL-354797,0.0,0.0,,True,False,0.0,False,
LQ-202504-0044,VEH-001,2025-04-07,2025-04-07,RUT-15,HORA,8.56,32050.0,274348.0,0.0,274348.0,PL-305349,0.0,0.0,,True,False,0.0,False,
LQ-202511-0080,VEH-036,2025-11-26,2025-11-29,RUT-01,HORA_24,1.0,415719.0,415719.0,0.0,415719.0,PL-469530,0.0,0.0,,True,False,0.0,False,
LQ-202606-0118,VEH-022,2026-06-08,2026-06-10,RUT-14,HORA_24,1.0,506188.0,506188.0,0.0,506188.0,PL-285392,0.0,0.0,,True,False,0.0,False,
LQ-202412-0022,VEH-038,2024-12-03,2024-12-03,RUT-11,HORA,6.63,21948.0,145515.24,0.0,145515.24,PL-427679,0.0,0.0,,True,False,0.0,False,
LQ-202503-0035,VEH-007,2025-03-10,2025-03-10,RUT-04,HORA,7.8,28668.0,223610.4,0.0,223610.4,PL-551839,0.0,0.0,TER-008,True,True,0.0,False,
LQ-202508-0066,VEH-014,2025-08-07,2025-08-07,RUT-14,KILOMETRO,230.04,4552.0,1047142.08,0.0,1047142.08,PL-598189,0.0,0.0,,True,False,0.0,False,
LQ-202512-0085,VEH-010,2025-12-10,2025-12-10,RUT-03,KILOMETRO,448.98,3371.0,1513511.58,0.0,1513511.58,PL-158312,3.0,72264.0,,True,False,216792.0,False,
LQ-202607-0125,VEH-030,2026-07-19,2026-07-19,RUT-06,KILOMETRO,257.87,5390.0,1389919.3,0.0,1389919.3,PL-122496,0.0,0.0,,True,False,0.0,False,
LQ-202510-0075,VEH-039,2025-10-18,2025-10-18,RUT-10,HORA_24,1.0,441123.0,441123.0,0.0,441123.0,PL-274761,0.0,0.0,,True,False,0.0,False,
LQ-202506-0055,VEH-009,2025-06-14,2025-06-15,RUT-10,HORA_24,1.0,546124.0,546124.0,0.0,546124.0,PL-941214,0.0,0.0,,True,False,0.0,False,
LQ-202506-0056,VEH-038,2025-06-09,2025-06-12,RUT-15,HORA_24,1.0,514369.0,514369.0,0.0,514369.0,PL-776340,0.0,0.0,,True,False,0.0,False,
LQ-202605-0115,VEH-002,2026-05-16,2026-05-16,RUT-01,HORA_12,1.0,254704.0,254704.0,0.0,254704.0,PL-708171,1.0,105412.0,,True,False,105412.0,False,
LQ-202412-0018,VEH-035,2024-12-21,2024-12-21,RUT-13,HORA_24,1.0,368313.0,368313.0,6.32,345035.62,PL-929912,0.0,0.0,TER-008,True,True,0.0,False,
LQ-202511-0079,VEH-036,2025-11-18,2025-11-18,RUT-05,HORA,7.4,28280.0,209272.0,0.0,209272.0,PL-545914,0.0,0.0,,True,False,0.0,False,
LQ-202504-0044,VEH-031,2025-04-18,2025-04-18,RUT-04,HORA,7.23,33161.0,239754.03,0.0,239754.03,PL-472235,0.0,0.0,,True,False,0.0,False,
LQ-202604-0111,VEH-026,2026-04-08,2026-04-08,RUT-03,HORA_24,1.0,491130.0,491130.0,0.0,491130.0,PL-430365,0.0,0.0,TER-008,True,True,0.0,False,
LQ-202607-0125,VEH-025,2026-07-01,2026-07-01,RUT-07,HORA,3.75,33639.0,126146.25,0.0,126146.25,PL-925896,0.0,0.0,,True,False,0.0,False,
LQ-202510-0074,VEH-015,2025-10-10,2025-10-10,RUT-08,HORA,5.97,36467.0,217707.99,0.0,217707.99,PL-727325,0.0,0.0,TER-002,True,True,0.0,False,
LQ-202502-0032,VEH-003,2025-02-13,2025-02-16,RUT-11,HORA_12,1.0,254265.0,254265.0,0.0,254265.0,PL-952624,0.0,0.0,,True,False,0.0,False,
LQ-202603-0107,VEH-039,2026-03-24,2026-03-24,RUT-07,HORA,5.69,35460.0,201767.4,4.11,193474.76,PL-256027,1.0,101508.0,,True,False,101508.0,False,
LQ-202410-0007,VEH-006,2024-10-09,2024-10-10,RUT-09,HORA_12,1.0,294672.0,294672.0,0.0,294672.0,PL-626986,0.0,0.0,,True,False,0.0,False,
LQ-202511-0079,VEH-009,2025-11-24,2025-11-25,RUT-10,HORA_24,1.0,478792.0,478792.0,0.0,478792.0,PL-974098,0.0,0.0,TER-006,True,True,0.0,False,
LQ-202411-0017,VEH-006,2024-11-22,2024-11-24,RUT-04,HORA_24,1.0,426623.0,426623.0,0.0,426623.0,PL-320800,0.0,0.0,TER-002,True,True,0.0,False,
LQ-202410-0010,VEH-039,2024-10-22,2024-10-25,RUT-05,HORA_24,1.0,402985.0,402985.0,0.0,402985.0,PL-507517,0.0,0.0,,True,False,0.0,False,
LQ-202412-0018,VEH-021,2024-12-12,2024-12-12,RUT-14,KILOMETRO,323.54,3642.0,1178332.68,0.0,1178332.68,PL-737967,0.0,0.0,TER-009,True,True,0.0,False,
LQ-202410-0007,VEH-019,2024-10-13,2024-10-15,RUT-15,HORA_12,1.0,289076.0,289076.0,0.0,289076.0,PL-144109,0.0,0.0,TER-012,True,True,0.0,False,
LQ-202508-0064,VEH-025,2025-08-27,2025-08-28,RUT-01,HORA_24,1.0,529433.0,529433.0,0.0,529433.0,PL-980432,2.0,105830.0,,True,False,211660.0,False,
LQ-202502-0029,VEH-022,2025-02-19,2025-02-19,RUT-07,HORA_12,1.0,270929.0,270929.0,0.0,270929.0,PL-558245,0.0,0.0,TER-001,True,True,0.0,False,
LQ-202607-0124,VEH-028,2026-07-25,2026-07-26,RUT-04,HORA_12,1.0,303481.0,303481.0,0.0,303481.0,PL-526209,0.0,0.0,TER-010,True,True,0.0,False,
LQ-202607-0124,VEH-007,2026-07-17,2026-07-20,RUT-11,HORA_24,1.0,480377.0,480377.0,0.0,480377.0,PL-486566,0.0,0.0,TER-004,True,True,0.0,False,
LQ-202502-0032,VEH-032,2025-02-25,2025-02-25,RUT-13,KILOMETRO,321.74,3326.0,1070107.24,0.0,1070107.24,PL-765824,0.0,0.0,,True,False,0.0,False,
LQ-202409-0004,VEH-028,2024-09-30,2024-09-30,RUT-11,HORA_24,1.0,480435.0,480435.0,0.0,480435.0,PL-203225,0.0,0.0,,True,False,0.0,False,
LQ-202601-0091,VEH-014,2026-01-30,2026-01-31,RUT-03,HORA_24,1.0,395815.0,395815.0,0.0,395815.0,PL-557325,3.0,80035.0,,True,False,240105.0,False,
LQ-202502-0034,VEH-025,2025-02-20,2025-02-23,RUT-12,HORA_24,1.0,406994.0,406994.0,6.37,381068.48,PL-781332,0.0,0.0,,True,False,0.0,False,
LQ-202603-0106,VEH-040,2026-03-28,2026-03-28,RUT-13,KILOMETRO,270.09,4765.0,1286978.85,0.0,1286978.85,PL-305995,0.0,0.0,,True,False,0.0,False,
LQ-202506-0055,VEH-020,2025-06-10,2025-06-10,RUT-06,KILOMETRO,247.31,4616.0,1141582.96,0.0,1141582.96,PL-996929,0.0,0.0,,True,False,0.0,False,
LQ-202410-0007,VEH-017,2024-10-30,2024-10-30,RUT-08,KILOMETRO,304.61,4690.0,1428620.9,0.0,1428620.9,PL-739711,0.0,0.0,,True,False,0.0,False,
LQ-202608-0134,VEH-015,2026-08-07,2026-08-08,RUT-12,HORA_12,1.0,289904.0,289904.0,0.0,289904.0,PL-245576,0.0,0.0,,True,False,0.0,False,
LQ-202507-0061,VEH-016,2025-07-24,2025-07-26,RUT-11,HORA_12,1.0,262805.0,262805.0,0.0,262805.0,PL-540191,0.0,0.0,,True,False,0.0,False,
LQ-202509-0070,VEH-004,2025-09-06,2025-09-06,RUT-03,KILOMETRO,515.33,4063.0,2093785.79,0.0,2093785.79,PL-286260,1.0,96665.0,,True,False,96665.0,False,
LQ-202502-0032,VEH-013,2025-02-13,2025-02-16,RUT-05,HORA_24,1.0,433727.0,433727.0,3.69,417722.47,PL-262240,2.0,89157.0,,True,False,178314.0,False,
LQ-202411-0015,VEH-009,2024-11-07,2024-11-08,RUT-04,HORA_12,1.0,261458.0,261458.0,0.0,261458.0,PL-844904,2.0,94080.0,,True,False,188160.0,False,
LQ-202505-0048,VEH-033,2025-05-16,2025-05-16,RUT-13,HORA_24,1.0,447121.0,447121.0,0.0,447121.0,PL-491616,0.0,0.0,TER-007,True,True,0.0,False,
LQ-202605-0117,VEH-001,2026-05-15,2026-05-17,RUT-02,HORA_24,1.0,536437.0,536437.0,0.0,536437.0,PL-945640,0.0,0.0,TER-005,True,True,0.0,False,
LQ-202511-0083,VEH-023,2025-11-06,2025-11-06,RUT-07,HORA,7.25,31775.0,230368.75,0.0,230368.75,PL-109041,0.0,0.0,,True,False,0.0,False,
LQ-202608-0133,VEH-013,2026-08-25,2026-08-25,RUT-14,HORA_24,1.0,500209.0,500209.0,0.0,500209.0,PL-449067,0.0,0.0,TER-006,True,True,0.0,False,
LQ-202512-0088,VEH-022,2025-12-07,2025-12-10,RUT-15,HORA_24,1.0,320417.0,320417.0,2.47,312502.7,PL-866846,3.0,76877.0,TER-010,True,True,230631.0,False,
LQ-202505-0047,VEH-014,2025-05-18,2025-05-18,RUT-06,HORA,11.84,33205.0,393147.2,0.0,393147.2,PL-747554,0.0,0.0,,True,False,0.0,False,
LQ-202503-0036,VEH-040,2025-03-23,2025-03-23,RUT-04,HORA,9.63,34492.0,332157.96,0.0,332157.96,PL-459554,3.0,97604.0,,True,False,292812.0,False,
LQ-202507-0061,VEH-018,2025-07-22,2025-07-22,RUT-01,KILOMETRO,356.9,4913.0,1753449.7,2.7,1706106.56,PL-404716,2.0,102296.0,,True,False,204592.0,False,
LQ-202606-0118,VEH-003,2026-06-14,2026-06-17,RUT-02,HORA_12,1.0,279452.0,279452.0,3.76,268944.6,PL-732509,1.0,115255.0,TER-009,True,True,115255.0,False,
LQ-202602-0098,VEH-016,2026-02-07,2026-02-07,RUT-12,HORA,6.28,31672.0,198900.16,0.0,198900.16,PL-180616,0.0,0.0,,True,False,0.0,False,
LQ-202508-0065,VEH-035,2025-08-25,2025-08-25,RUT-13,KILOMETRO,168.07,4619.0,776315.33,0.0,776315.33,PL-830530,0.0,0.0,,True,False,0.0,False,
LQ-202512-0085,VEH-010,2025-12-10,2025-12-11,RUT-15,HORA_12,1.0,186845.0,186845.0,4.15,179090.93,,0.0,0.0,,False,False,0.0,False,
LQ-202509-0071,VEH-032,2025-09-01,2025-09-02,RUT-12,HORA_24,1.0,432162.0,432162.0,0.0,432162.0,,0.0,0.0,TER-003,False,True,0.0,False,
LQ-202503-0038,VEH-028,2025-03-06,2025-03-09,RUT-12,HORA_24,1.0,433670.0,433670.0,0.0,433670.0,PL-342189,0.0,0.0,TER-003,True,True,0.0,False,
LQ-202410-0011,VEH-010,2024-10-17,2024-10-18,RUT-04,HORA_24,1.0,440603.0,440603.0,0.0,440603.0,PL-846221,0.0,0.0,TER-001,True,True,0.0,False,
LQ-202409-0004,VEH-016,2024-09-01,2024-09-02,RUT-14,HORA_24,1.0,464811.0,464811.0,5.63,438642.14,PL-717457,0.0,0.0,,True,False,0.0,False,
LQ-202503-0036,VEH-019,2025-03-18,2025-03-18,RUT-05,HORA_24,1.0,484048.0,484048.0,0.0,484048.0,PL-140989,1.0,97604.0,,True,False,97604.0,False,
LQ-202511-0080,VEH-038,2025-11-20,2025-11-20,RUT-12,HORA_24,1.0,453848.0,453848.0,0.0,453848.0,PL-779492,0.0,0.0,TER-011,True,True,0.0,False,
LQ-202503-0037,VEH-020,2025-03-06,2025-03-09,RUT-10,HORA_12,1.0,269575.0,269575.0,0.0,269575.0,PL-755106,0.0,0.0,,True,False,0.0,False,
LQ-202602-0098,VEH-014,2026-02-27,2026-02-27,RUT-13,HORA_12,1.0,296943.0,296943.0,0.0,296943.0,PL-733084,0.0,0.0,,True,False,0.0,False,
LQ-202607-0126,VEH-038,2026-07-03,2026-07-03,RUT-12,HORA_24,1.0,513808.0,513808.0,0.0,513808.0,PL-596965,0.0,0.0,TER-004,True,True,0.0,False,
LQ-202608-0133,VEH-022,2026-08-22,2026-08-24,RUT-15,HORA_12,1.0,253332.0,253332.0,0.0,253332.0,PL-707420,2.0,110064.0,TER-011,True,True,220128.0,False,
LQ-202506-0058,VEH-003,2025-06-20,2025-06-20,RUT-10,KILOMETRO,394.39,4926.0,1942765.14,0.0,1942765.14,PL-577052,0.0,0.0,,True,False,0.0,False,
LQ-202502-0032,VEH-021,2025-02-16,2025-02-19,RUT-14,HORA_12,1.0,252504.0,252504.0,0.0,252504.0,PL-117438,3.0,89157.0,,True,False,267471.0,False,
LQ-202607-0125,VEH-003,2026-07-16,2026-07-16,RUT-10,HORA_12,1.0,304382.0,304382.0,0.0,304382.0,PL-983271,0.0,0.0,TER-004,True,True,0.0,False,
LQ-202409-0001,VEH-014,2024-09-17,2024-09-17,RUT-02,HORA,11.11,32140.0,357075.4,0.0,357075.4,PL-665427,0.0,0.0,TER-010,True,True,0.0,False,
LQ-202506-0053,VEH-023,2025-06-28,2025-06-30,RUT-09,HORA_24,1.0,487611.0,487611.0,0.0,487611.0,PL-854048,0.0,0.0,TER-004,True,True,0.0,False,
LQ-202509-0071,VEH-024,2025-09-29,2025-09-30,RUT-04,HORA_24,1.0,481473.0,481473.0,0.0,481473.0,PL-123200,2.0,102835.0,,True,False,205670.0,False,
LQ-202511-0083,VEH-011,2025-11-09,2025-11-10,RUT-13,HORA_24,1.0,410276.0,410276.0,0.0,410276.0,PL-931435,0.0,0.0,TER-005,True,True,0.0,False,
LQ-202509-0072,VEH-004,2025-09-19,2025-09-22,RUT-05,HORA_24,1.0,433090.0,433090.0,0.0,433090.0,PL-101248,1.0,96665.0,TER-009,True,True,96665.0,False,
LQ-202602-0101,VEH-004,2026-02-17,2026-02-20,RUT-08,HORA_12,1.0,241339.0,241339.0,0.0,241339.0,PL-693205,0.0,0.0,,True,False,0.0,False,
LQ-202411-0015,VEH-002,2024-11-15,2024-11-17,RUT-08,HORA_24,1.0,432760.0,432760.0,0.0,432760.0,PL-207629,0.0,0.0,,True,False,0.0,False,
LQ-202502-0033,VEH-031,2025-02-04,2025-02-06,RUT-12,HORA_12,1.0,262232.0,262232.0,0.0,262232.0,PL-761732,0.0,0.0,,True,False,0.0,False,
LQ-202409-0003,VEH-027,2024-09-26,2024-09-28,RUT-03,HORA_24,1.0,477512.0,477512.0,2.42,465956.21,PL-735770,3.0,98880.0,,True,False,296640.0,False,
LQ-202603-0103,VEH-015,2026-03-19,2026-03-19,RUT-02,HORA_12,1.0,254413.0,254413.0,0.0,254413.0,PL-738819,3.0,101508.0,,True,False,304524.0,False,
LQ-202509-0069,VEH-022,2025-09-02,2025-09-02,RUT-12,KILOMETRO,201.32,5049.0,1016464.68,0.0,1016464.68,PL-469559,0.0,0.0,TER-007,True,True,0.0,False,
LQ-202410-0009,VEH-007,2024-10-14,2024-10-16,RUT-14,HORA_24,1.0,473840.0,473840.0,0.0,473840.0,PL-653815,0.0,0.0,,True,False,0.0,False,
LQ-202411-0015,VEH-030,2024-11-11,2024-11-13,RUT-08,HORA_12,1.0,255971.0,255971.0,0.0,255971.0,PL-448098,0.0,0.0,,True,False,0.0,False,
LQ-202410-0007,VEH-011,2024-10-26,2024-10-29,RUT-04,HORA_24,1.0,522117.0,522117.0,0.0,522117.0,PL-560959,1.0,100800.0,,True,False,100800.0,False,
LQ-202508-0065,VEH-032,2025-08-05,2025-08-06,RUT-02,HORA_24,1.0,486016.0,486016.0,0.0,486016.0,PL-603203,0.0,0.0,,True,False,0.0,False,
LQ-202504-0043,VEH-017,2025-04-14,2025-04-17,RUT-06,HORA_24,1.0,473091.0,473091.0,0.0,473091.0,PL-157287,0.0,0.0,TER-012,True,True,0.0,False,
LQ-202410-0007,VEH-035,2024-10-15,2024-10-17,RUT-15,HORA_24,1.0,490891.0,490891.0,0.0,490891.0,PL-384303,0.0,0.0,,True,False,0.0,False,
LQ-202509-0072,VEH-012,2025-09-28,2025-09-29,RUT-11,HORA_24,1.0,529183.0,529183.0,0.0,529183.0,PL-287315,0.0,0.0,,True,False,0.0,False,
LQ-202412-0018,VEH-034,2024-12-03,2024-12-05,RUT-12,HORA_12,1.0,185754.0,185754.0,3.0,180181.38,PL-201836,0.0,0.0,TER-004,True,True,0.0,False,
LQ-202606-0120,VEH-010,2026-06-16,2026-06-17,RUT-14,HORA_12,1.0,301858.0,301858.0,0.0,301858.0,PL-201364,0.0,0.0,,True,False,0.0,False,
LQ-202602-0101,VEH-039,2026-02-11,2026-02-13,RUT-08,HORA_24,1.0,465579.0,465579.0,0.0,465579.0,PL-759038,0.0,0.0,TER-009,True,True,0.0,False,
LQ-202412-0020,VEH-035,2024-12-21,2024-12-22,RUT-01,HORA_12,1.0,206352.0,206352.0,0.0,206352.0,PL-451387,0.0,0.0,,True,False,0.0,False,
LQ-202608-0130,VEH-030,2026-08-20,2026-08-21,RUT-04,HORA_24,1.0,433950.0,433950.0,0.0,433950.0,PL-302927,1.0,103460.0,,True,False,103460.0,False,
LQ-202511-0083,VEH-009,2025-11-12,2025-11-12,RUT-06,HORA_24,1.0,443694.0,443694.0,0.0,443694.0,PL-205242,0.0,0.0,,True,False,0.0,False,
LQ-202512-0088,VEH-018,2025-12-01,2025-12-01,RUT-04,HORA,9.31,25269.0,235254.39,0.0,235254.39,PL-882979,0.0,0.0,TER-005,True,True,0.0,False,
LQ-202501-0025,VEH-009,2025-01-06,2025-01-06,RUT-07,KILOMETRO,403.48,3274.0,1320993.52,0.0,1320993.52,PL-308936,0.0,0.0,TER-007,True,True,0.0,False,
LQ-202605-0113,VEH-017,2026-05-02,2026-05-03,RUT-13,HORA_24,1.0,517269.0,517269.0,0.0,517269.0,PL-262385,0.0,0.0,,True,False,0.0,False,
LQ-202607-0127,VEH-038,2026-07-27,2026-07-27,RUT-01,KILOMETRO,226.9,4873.0,1105683.7,0.0,1105683.7,PL-372017,0.0,0.0,,True,False,0.0,False,
LQ-202512-0084,VEH-033,2025-12-23,2025-12-23,RUT-14,HORA,5.71,25972.0,148300.12,0.0,148300.12,PL-673344,0.0,0.0,TER-006,True,True,0.0,False,
LQ-202412-0021,VEH-001,2024-12-07,2024-12-08,RUT-02,HORA_12,1.0,189016.0,189016.0,0.0,189016.0,PL-893853,0.0,0.0,TER-003,True,True,0.0,False,
LQ-202511-0082,VEH-030,2025-11-13,2025-11-13,RUT-08,HORA,10.13,33632.0,340692.16,0.0,340692.16,PL-274277,0.0,0.0,,True,False,0.0,False,
LQ-202509-0071,VEH-034,2025-09-01,2025-09-01,RUT-02,KILOMETRO,323.02,4321.0,1395769.42,0.0,1395769.42,PL-790262,3.0,102835.0,,True,False,308505.0,False,
LQ-202509-0070,VEH-035,2025-09-29,2025-09-29,RUT-06,KILOMETRO,371.27,4122.0,1530374.94,0.0,1530374.94,PL-476621,0.0,0.0,,True,False,0.0,False,
LQ-202507-0059,VEH-036,2025-07-25,2025-07-25,RUT-09,HORA_12,1.0,315681.0,315681.0,0.0,315681.0,PL-678399,0.0,0.0,,True,False,0.0,False,
LQ-202606-0118,VEH-030,2026-06-24,2026-06-25,RUT-11,HORA_24,1.0,535791.0,535791.0,0.0,535791.0,PL-314840,0.0,0.0,,True,False,0.0,False,
LQ-202506-0053,VEH-019,2025-06-15,2025-06-17,RUT-05,HORA_24,1.0,493927.0,493927.0,0.0,493927.0,PL-270814,0.0,0.0,,True,False,0.0,False,
LQ-202501-0025,VEH-016,2025-01-06,2025-01-06,RUT-07,KILOMETRO,382.13,3584.0,1369553.92,0.0,1369553.92,PL-129824,0.0,0.0,TER-005,True,True,0.0,False,
LQ-202411-0016,VEH-011,2024-11-19,2024-11-20,RUT-13,HORA_12,1.0,250344.0,250344.0,0.0,250344.0,PL-859364,0.0,0.0,,True,False,0.0,False,
LQ-202411-0016,VEH-009,2024-11-19,2024-11-19,RUT-10,KILOMETRO,417.33,4709.0,1965206.97,3.79,1890725.63,PL-213844,0.0,0.0,TER-009,True,True,0.0,False,
LQ-202510-0078,VEH-031,2025-10-25,2025-10-25,RUT-09,HORA_24,1.0,486250.0,486250.0,0.0,486250.0,PL-564715,0.0,0.0,,True,False,0.0,False,
LQ-202602-0100,VEH-002,2026-02-22,2026-02-22,RUT-15,HORA_12,1.0,289083.0,289083.0,0.0,289083.0,PL-997022,2.0,98642.0,,True,False,197284.0,False,
LQ-202512-0089,VEH-018,2025-12-08,2025-12-08,RUT-03,HORA,11.65,21480.0,250242.0,0.0,250242.0,PL-474509,3.0,72264.0,,True,False,216792.0,False,
LQ-202604-0111,VEH-035,2026-04-28,2026-04-29,RUT-13,HORA_24,1.0,7958930.0,7958930.0,0.0,7958930.0,PL-644262,0.0,0.0,,True,False,0.0,True,tarifa fuera de rango
LQ-202510-0073,VEH-013,2025-10-28,2025-10-30,RUT-07,HORA_24,1.0,579188.0,579188.0,0.0,579188.0,PL-446834,0.0,0.0,,True,False,0.0,False,
LQ-202505-0047,VEH-017,2025-05-03,2025-05-06,RUT-09,HORA_12,1.0,295083.0,295083.0,0.0,295083.0,PL-683715,0.0,0.0,,True,False,0.0,False,
LQ-202507-0060,VEH-023,2025-07-07,2025-07-08,RUT-10,HORA_24,1.0,513187.0,513187.0,0.0,513187.0,PL-594281,0.0,0.0,,True,False,0.0,False,
LQ-202511-0080,VEH-002,2025-11-20,2025-11-22,RUT-05,HORA_24,1.0,386999.0,386999.0,0.0,386999.0,PL-519083,1.0,91973.0,,True,False,91973.0,False,
LQ-202410-0011,VEH-007,2024-10-24,2024-10-24,RUT-09,HORA,3.4,31919.0,108524.6,0.0,108524.6,PL-942946,0.0,0.0,,True,False,0.0,False,
LQ-202509-0069,VEH-031,2025-09-12,2025-09-12,RUT-07,HORA,3.04,32000.0,97280.0,0.0,97280.0,,0.0,0.0,TER-012,False,True,0.0,False,
LQ-202409-0004,VEH-004,2024-09-22,2024-09-25,RUT-14,HORA_24,1.0,400536.0,400536.0,0.0,400536.0,PL-735863,0.0,0.0,,True,False,0.0,False,
LQ-202512-0085,VEH-036,2025-12-10,2025-12-10,RUT-14,HORA,2.29,26837.0,61456.73,0.0,61456.73,PL-738513,0.0,0.0,TER-005,True,True,0.0,False,
LQ-202510-0078,VEH-031,2025-10-12,2025-10-14,RUT-11,HORA_24,1.0,513486.0,513486.0,4.86,488530.58,PL-528841,0.0,0.0,TER-008,True,True,0.0,False,
LQ-202607-0125,VEH-029,2026-07-28,2026-07-28,RUT-02,HORA,8.82,36715.0,323826.3,0.0,323826.3,PL-709937,1.0,113179.0,TER-003,True,True,113179.0,False,
LQ-202505-0051,VEH-015,2025-05-27,2025-05-29,RUT-15,HORA_12,1.0,320081.0,320081.0,0.0,320081.0,PL-489843,0.0,0.0,,True,False,0.0,False,
LQ-202601-0094,VEH-013,2026-01-05,2026-01-08,RUT-14,HORA_24,1.0,407261.0,407261.0,0.0,407261.0,PL-865075,0.0,0.0,TER-011,True,True,0.0,False,
LQ-202502-0029,VEH-028,2025-02-20,2025-02-20,RUT-14,HORA_24,1.0,387522.0,387522.0,0.0,387522.0,PL-750338,0.0,0.0,,True,False,0.0,False,
LQ-202510-0073,VEH-006,2025-10-16,2025-10-16,RUT-14,HORA_12,1.0,278205.0,278205.0,0.0,278205.0,,0.0,0.0,,False,False,0.0,False,
LQ-202602-0096,VEH-016,2026-02-14,2026-02-15,RUT-01,HORA_12,1.0,265211.0,265211.0,6.23,248688.35,PL-121157,0.0,0.0,,True,False,0.0,False,
LQ-202510-0078,VEH-002,2025-10-07,2025-10-09,RUT-03,HORA_24,1.0,474362.0,474362.0,0.0,474362.0,PL-711677,3.0,98542.0,TER-012,True,True,295626.0,False,
LQ-202607-0128,VEH-029,2026-07-27,2026-07-30,RUT-14,HORA_12,1.0,300992.0,300992.0,0.0,300992.0,PL-489090,0.0,0.0,,True,False,0.0,False,
LQ-202604-0109,VEH-027,2026-04-06,2026-04-06,RUT-15,HORA,8.88,33116.0,294070.08,0.0,294070.08,PL-898606,0.0,0.0,TER-005,True,True,0.0,False,
LQ-202510-0073,VEH-014,2025-10-28,2025-10-30,RUT-12,HORA_24,1.0,441348.0,441348.0,5.83,415617.41,PL-869485,0.0,0.0,,True,False,0.0,False,
LQ-202508-0064,VEH-037,2025-08-09,2025-08-12,RUT-11,HORA_24,1.0,456618.0,456618.0,0.0,456618.0,PL-134281,0.0,0.0,,True,False,0.0,False,
LQ-202501-0024,VEH-003,2025-01-26,2025-01-29,RUT-03,HORA_12,1.0,219157.0,219157.0,0.0,219157.0,PL-246195,2.0,76957.0,,True,False,153914.0,False,
LQ-202503-0040,VEH-025,2025-03-04,2025-03-07,RUT-11,HORA_24,1.0,474658.0,474658.0,0.0,474658.0,PL-831541,0.0,0.0,,True,False,0.0,False,
LQ-202608-0131,VEH-019,2026-08-17,2026-08-20,RUT-03,HORA_24,1.0,8521140.0,8521140.0,0.0,8521140.0,PL-904438,1.0,110064.0,,True,False,110064.0,True,tarifa fuera de rango
LQ-202504-0044,VEH-008,2025-04-27,2025-04-27,RUT-12,HORA_24,1.0,420267.0,420267.0,0.0,420267.0,PL-458038,0.0,0.0,,True,False,0.0,False,
LQ-202503-0039,VEH-008,2025-03-13,2025-03-15,RUT-01,HORA_12,1.0,286557.0,286557.0,0.0,286557.0,PL-984028,3.0,103834.0,,True,False,311502.0,False,
LQ-202509-0070,VEH-004,2025-09-05,2025-09-06,RUT-09,HORA_12,1.0,253032.0,253032.0,0.0,253032.0,PL-364201,0.0,0.0,TER-005,True,True,0.0,False,
LQ-202411-0014,VEH-025,2024-11-21,2024-11-24,RUT-07,HORA_24,1.0,430789.0,430789.0,0.0,430789.0,PL-104895,0.0,0.0,TER-004,True,True,0.0,False,
LQ-202506-0053,VEH-034,2025-06-23,2025-06-26,RUT-06,HORA_24,1.0,464466.0,464466.0,0.0,464466.0,PL-618239,0.0,0.0,,True,False,0.0,False,
LQ-202410-0011,VEH-021,2024-10-05,2024-10-05,RUT-04,HORA_24,1.0,449979.0,449979.0,0.0,449979.0,PL-526259,2.0,100800.0,TER-006,True,True,201600.0,False,
LQ-202511-0079,VEH-017,2025-11-12,2025-11-12,RUT-02,HORA_12,1.0,2883072.0,2883072.0,0.0,2883072.0,PL-658211,0.0,0.0,,True,False,0.0,True,tarifa fuera de rango
LQ-202410-0007,VEH-020,2024-10-18,2024-10-18,RUT-05,KILOMETRO,287.05,4863.0,1395924.15,0.0,1395924.15,PL-908634,0.0,0.0,TER-004,True,True,0.0,False,
LQ-202602-0101,VEH-006,2026-02-17,2026-02-19,RUT-11,HORA_24,1.0,450813.0,450813.0,0.0,450813.0,PL-943542,0.0,0.0,,True,False,0.0,False,
LQ-202604-0110,VEH-001,2026-04-10,2026-04-12,RUT-15,HORA_24,1.0,441251.0,441251.0,0.0,441251.0,PL-167164,1.0,105910.0,,True,False,105910.0,False,
LQ-202411-0013,VEH-034,2024-11-28,2024-11-28,RUT-15,HORA_12,1.0,250386.0,250386.0,0.0,250386.0,PL-919656,0.0,0.0,,True,False,0.0,False,
LQ-202508-0065,VEH-039,2025-08-20,2025-08-20,RUT-10,HORA_24,1.0,490220.0,490220.0,0.0,490220.0,PL-961627,0.0,0.0,,True,False,0.0,False,
LQ-202409-0003,VEH-005,2024-09-09,2024-09-12,RUT-01,HORA_24,1.0,549596.0,549596.0,0.0,549596.0,PL-705050,2.0,98880.0,,True,False,197760.0,False,
LQ-202501-0027,VEH-022,2025-01-16,2025-01-16,RUT-08,HORA,4.2,31985.0,134337.0,0.0,134337.0,PL-852233,0.0,0.0,,True,False,0.0,False,
LQ-202606-0121,VEH-036,2026-06-12,2026-06-12,RUT-10,HORA,7.75,39536.0,306404.0,0.0,306404.0,PL-945666,0.0,0.0,,True,False,0.0,False,
LQ-202511-0083,VEH-009,2025-11-24,2025-11-24,RUT-06,HORA,3.43,27482.0,94263.26,0.0,94263.26,PL-538327,0.0,0.0,,True,False,0.0,False,
LQ-202501-0027,VEH-016,2025-01-14,2025-01-15,RUT-03,HORA_24,1.0,376444.0,376444.0,6.42,352276.3,PL-747684,0.0,0.0,,True,False,0.0,False,
LQ-202409-0002,VEH-021,2024-09-19,2024-09-22,RUT-08,HORA_24,1.0,443590.0,443590.0,0.0,443590.0,PL-290672,0.0,0.0,,True,False,0.0,False,
LQ-202607-0126,VEH-040,2026-07-28,2026-07-29,RUT-01,HORA_12,1.0,287807.0,287807.0,0.0,287807.0,PL-384870,1.0,106388.0,,True,False,106388.0,False,
LQ-202605-0116,VEH-022,2026-05-26,2026-05-28,RUT-15,HORA_24,1.0,555162.0,555162.0,0.0,555162.0,PL-988772,0.0,0.0,,True,False,0.0,False,
LQ-202510-0075,VEH-010,2025-10-19,2025-10-19,RUT-03,HORA_24,1.0,481104.0,481104.0,0.0,481104.0,PL-901984,0.0,0.0,,True,False,0.0,False,
LQ-202510-0075,VEH-026,2025-10-27,2025-10-28,RUT-12,HORA_24,1.0,436341.0,436341.0,0.0,436341.0,,0.0,0.0,,False,False,0.0,False,
LQ-202511-0083,VEH-001,2025-11-11,2025-11-11,RUT-11,HORA_12,1.0,264789.0,264789.0,0.0,264789.0,PL-417205,0.0,0.0,,True,False,0.0,False,
LQ-202603-0106,VEH-037,2026-03-02,2026-03-03,RUT-01,HORA_24,1.0,531072.0,531072.0,0.0,531072.0,,0.0,0.0,,False,False,0.0,False,
LQ-202603-0103,VEH-036,2026-03-18,2026-03-18,RUT-05,KILOMETRO,330.5,4418.0,1460149.0,0.0,1460149.0,PL-719285,0.0,0.0,,True,False,0.0,False,
LQ-202512-0088,VEH-013,2025-12-30,2025-12-31,RUT-08,HORA_12,1.0,213103.0,213103.0,2.18,208457.35,PL-311383,0.0,0.0,,True,False,0.0,False,
LQ-202411-0013,VEH-021,2024-11-22,2024-11-22,RUT-05,HORA_12,1.0,268955.0,268955.0,0.0,268955.0,PL-390334,2.0,94080.0,TER-012,True,True,188160.0,False,
LQ-202410-0012,VEH-025,2024-10-29,2024-10-31,RUT-03,HORA_24,1.0,392598.0,392598.0,0.0,392598.0,PL-206355,3.0,94752.0,,True,False,284256.0,False,
LQ-202409-0001,VEH-007,2024-09-02,2024-09-02,RUT-12,HORA_12,1.0,254393.0,254393.0,5.87,239460.13,PL-360735,0.0,0.0,TER-009,True,True,0.0,False,
LQ-202409-0003,VEH-022,2024-09-30,2024-09-30,RUT-04,HORA_24,1.0,444644.0,444644.0,0.0,444644.0,PL-925981,2.0,98880.0,,True,False,197760.0,False,
LQ-202511-0080,VEH-024,2025-11-15,2025-11-16,RUT-01,HORA_24,1.0,429118.0,429118.0,11.75,378696.64,PL-502940,1.0,91973.0,,True,False,91973.0,False,
LQ-202507-0061,VEH-036,2025-07-24,2025-07-24,RUT-05,HORA,12.67,35726.0,452648.42,0.0,452648.42,PL-105199,2.0,102296.0,,True,False,204592.0,False,
LQ-202504-0046,VEH-040,2025-04-25,2025-04-27,RUT-05,HORA_24,1.0,445406.0,445406.0,0.0,445406.0,PL-713350,1.0,95727.0,TER-006,True,True,95727.0,False,
LQ-202512-0084,VEH-015,2025-12-23,2025-12-25,RUT-07,HORA_12,1.0,209012.0,209012.0,0.0,209012.0,PL-586172,0.0,0.0,TER-012,True,True,0.0,False,
LQ-202510-0073,VEH-011,2025-10-24,2025-10-24,RUT-08,HORA_24,1.0,521446.0,521446.0,0.0,521446.0,,0.0,0.0,TER-007,False,True,0.0,False,
LQ-202509-0070,VEH-038,2025-09-15,2025-09-18,RUT-14,HORA_24,1.0,496523.0,496523.0,0.0,496523.0,PL-200614,0.0,0.0,,True,False,0.0,False,
LQ-202605-0117,VEH-014,2026-05-25,2026-05-25,RUT-08,HORA_12,1.0,277570.0,277570.0,3.58,267632.99,PL-518843,0.0,0.0,,True,False,0.0,False,
LQ-202505-0050,VEH-002,2025-05-16,2025-05-19,RUT-08,HORA_12,1.0,269968.0,269968.0,8.74,246372.8,PL-687159,0.0,0.0,,True,False,0.0,False,
LQ-202601-0092,VEH-026,2026-01-27,2026-01-30,RUT-01,HORA_12,1.0,220415.0,220415.0,0.0,220415.0,PL-407061,2.0,85144.0,TER-008,True,True,170288.0,False,
LQ-202506-0054,VEH-002,2025-06-14,2025-06-16,RUT-02,HORA_12,1.0,278713.0,278713.0,0.0,278713.0,PL-498424,0.0,0.0,TER-008,True,True,0.0,False,
LQ-202601-0093,VEH-004,2026-01-21,2026-01-24,RUT-08,HORA_12,1.0,216251.0,216251.0,0.0,216251.0,PL-109038,0.0,0.0,,True,False,0.0,False,
LQ-202601-0093,VEH-014,2026-01-18,2026-01-18,RUT-14,HORA,7.78,24312.0,189147.36,0.0,189147.36,PL-543400,0.0,0.0,,True,False,0.0,False,
LQ-202506-0057,VEH-002,2025-06-10,2025-06-12,RUT-07,HORA_24,1.0,460535.0,460535.0,4.75,438659.59,PL-326041,0.0,0.0,,True,False,0.0,False,
LQ-202507-0061,VEH-017,2025-07-15,2025-07-17,RUT-04,HORA_24,1.0,466062.0,466062.0,0.0,466062.0,PL-138255,1.0,102296.0,,True,False,102296.0,False,
LQ-202510-0073,VEH-001,2025-10-29,2025-10-31,RUT-13,HORA_12,1.0,337832.0,337832.0,3.71,325298.43,,0.0,0.0,,False,False,0.0,False,
LQ-202411-0016,VEH-002,2024-11-25,2024-11-28,RUT-05,HORA_12,1.0,253577.0,253577.0,0.0,253577.0,PL-597012,0.0,0.0,TER-004,True,True,0.0,False,
LQ-202411-0015,VEH-007,2024-11-10,2024-11-10,RUT-13,HORA,4.25,36090.0,153382.5,0.0,153382.5,PL-148001,0.0,0.0,,True,False,0.0,False,
LQ-202512-0084,VEH-021,2025-12-23,2025-12-26,RUT-09,HORA_24,1.0,352020.0,352020.0,0.0,352020.0,,2.0,76877.0,TER-011,False,True,153754.0,False,
LQ-202605-0115,VEH-026,2026-05-15,2026-05-16,RUT-02,HORA_12,1.0,285593.0,285593.0,0.0,285593.0,PL-612812,3.0,105412.0,TER-005,True,True,316236.0,False,
LQ-202607-0124,VEH-002,2026-07-16,2026-07-16,RUT-04,HORA,10.59,31642.0,335088.78,0.0,335088.78,PL-617430,0.0,0.0,TER-005,True,True,0.0,False,
LQ-202605-0117,VEH-003,2026-05-08,2026-05-09,RUT-08,HORA_24,1.0,500799.0,500799.0,3.03,485624.79,,0.0,0.0,,False,False,0.0,False,
LQ-202512-0084,VEH-035,2025-12-06,2025-12-06,RUT-10,KILOMETRO,316.02,3358.0,1061195.16,4.59,1012486.3,PL-560523,0.0,0.0,TER-006,True,True,0.0,False,
LQ-202510-0076,VEH-004,2025-10-03,2025-10-03,RUT-08,HORA_12,1.0,279120.0,279120.0,0.0,279120.0,PL-480919,3.0,98542.0,,True,False,295626.0,False,
LQ-202508-0065,VEH-017,2025-08-27,2025-08-27,RUT-05,HORA,7.32,28250.0,206790.0,0.0,206790.0,PL-741522,1.0,105830.0,,True,False,105830.0,False,
LQ-202501-0028,VEH-040,2025-01-04,2025-01-04,RUT-13,KILOMETRO,261.07,3098.0,808794.86,0.0,808794.86,PL-920150,0.0,0.0,,True,False,0.0,False,
LQ-202504-0046,VEH-009,2025-04-13,2025-04-14,RUT-12,HORA_24,1.0,482549.0,482549.0,0.0,482549.0,PL-862091,0.0,0.0,TER-008,True,True,0.0,False,
LQ-202601-0091,VEH-007,2026-01-30,2026-01-31,RUT-04,HORA_12,1.0,249368.0,249368.0,0.5,248121.16,PL-996755,2.0,80035.0,,True,False,160070.0,False,
LQ-202412-0023,VEH-022,2024-12-21,2024-12-21,RUT-01,KILOMETRO,364.63,2829.0,1031538.27,0.0,1031538.27,PL-746781,2.0,69485.0,,True,False,138970.0,False,
LQ-202509-0068,VEH-009,2025-09-15,2025-09-18,RUT-02,HORA_24,1.0,479783.0,479783.0,0.0,479783.0,PL-611996,0.0,0.0,TER-010,True,True,0.0,False,
LQ-202606-0122,VEH-023,2026-06-09,2026-06-09,RUT-11,HORA,6.75,37431.0,252659.25,0.0,252659.25,PL-470758,0.0,0.0,,True,False,0.0,False,
LQ-202503-0038,VEH-003,2025-03-29,2025-03-31,RUT-14,HORA_24,1.0,397480.0,397480.0,0.0,397480.0,PL-116284,2.0,97604.0,TER-006,True,True,195208.0,False,
LQ-202411-0016,VEH-026,2024-11-29,2024-11-30,RUT-04,HORA_24,1.0,411073.0,411073.0,0.0,411073.0,PL-481540,1.0,94080.0,,True,False,94080.0,False,
LQ-202509-0068,VEH-001,2025-09-01,2025-09-01,RUT-07,HORA,5.9,34047.0,200877.3,0.0,200877.3,PL-898021,0.0,0.0,,True,False,0.0,False,
LQ-202602-0101,VEH-038,2026-02-12,2026-02-13,RUT-01,HORA_12,1.0,268319.0,268319.0,0.0,268319.0,,1.0,92723.0,,False,False,92723.0,False,
LQ-202607-0126,VEH-022,2026-07-09,2026-07-12,RUT-04,HORA_12,1.0,286537.0,286537.0,0.0,286537.0,PL-973673,3.0,106388.0,,True,False,319164.0,False,
LQ-202512-0084,VEH-017,2025-12-17,2025-12-17,RUT-11,HORA_24,1.0,375708.0,375708.0,3.36,363084.21,PL-909918,0.0,0.0,,True,False,0.0,False,
LQ-202508-0064,VEH-030,2025-08-14,2025-08-14,RUT-05,KILOMETRO,251.93,4736.0,1193140.48,0.0,1193140.48,PL-872921,0.0,0.0,,True,False,0.0,False,
LQ-202501-0024,VEH-040,2025-01-05,2025-01-05,RUT-01,HORA,11.74,25159.0,295366.66,0.0,295366.66,PL-268600,1.0,76957.0,,True,False,76957.0,False,
LQ-202608-0134,VEH-013,2026-08-28,2026-08-28,RUT-01,HORA,6.51,31022.0,201953.22,0.0,201953.22,PL-396780,0.0,0.0,,True,False,0.0,False,
LQ-202604-0110,VEH-017,2026-04-17,2026-04-17,RUT-01,KILOMETRO,390.17,4830.0,1884521.1,0.0,1884521.1,PL-844494,3.0,105910.0,TER-007,True,True,317730.0,False,
LQ-202411-0013,VEH-020,2024-11-26,2024-11-26,RUT-10,HORA_12,1.0,276634.0,276634.0,0.0,276634.0,PL-847362,0.0,0.0,,True,False,0.0,False,
LQ-202409-0004,VEH-008,2024-09-10,2024-09-10,RUT-13,KILOMETRO,345.19,3917.0,1352109.23,0.0,1352109.23,PL-591081,0.0,0.0,,True,False,0.0,False,
LQ-202603-0106,VEH-004,2026-03-04,2026-03-07,RUT-04,HORA_24,1.0,488506.0,488506.0,0.0,488506.0,PL-870396,0.0,0.0,,True,False,0.0,False,
LQ-202603-0107,VEH-011,2026-03-11,2026-03-14,RUT-07,HORA_12,1.0,292775.0,292775.0,0.0,292775.0,PL-498661,0.0,0.0,,True,False,0.0,False,
LQ-202501-0026,VEH-035,2025-01-03,2025-01-05,RUT-12,HORA_24,1.0,306656.0,306656.0,0.0,306656.0,PL-441958,0.0,0.0,TER-011,True,True,0.0,True,tarifa fuera de rango
LQ-202504-0044,VEH-028,2025-04-28,2025-04-30,RUT-06,HORA_24,1.0,417698.0,417698.0,0.0,417698.0,PL-324164,0.0,0.0,,True,False,0.0,False,
LQ-202504-0043,VEH-032,2025-04-18,2025-04-18,RUT-02,KILOMETRO,226.27,3898.0,882000.46,0.0,882000.46,PL-722234,0.0,0.0,TER-003,True,True,0.0,False,
LQ-202509-0067,VEH-028,2025-09-25,2025-09-27,RUT-13,HORA_24,1.0,516105.0,516105.0,2.45,503460.43,PL-366825,0.0,0.0,,True,False,0.0,False,
LQ-202505-0050,VEH-008,2025-05-25,2025-05-26,RUT-06,HORA_24,1.0,461203.0,461203.0,0.0,461203.0,PL-299008,0.0,0.0,,True,False,0.0,False,
LQ-202505-0052,VEH-013,2025-05-24,2025-05-25,RUT-05,HORA_12,1.0,279361.0,279361.0,0.0,279361.0,PL-258002,0.0,0.0,,True,False,0.0,False,
LQ-202608-0133,VEH-039,2026-08-03,2026-08-03,RUT-10,KILOMETRO,161.92,4703.0,761509.76,0.0,761509.76,PL-145509,0.0,0.0,TER-002,True,True,0.0,False,
LQ-202410-0012,VEH-006,2024-10-04,2024-10-04,RUT-04,HORA_12,1.0,260492.0,260492.0,0.0,260492.0,PL-596574,0.0,0.0,,True,False,0.0,False,
LQ-202607-0128,VEH-018,2026-07-25,2026-07-25,RUT-08,HORA,5.0,32052.0,160260.0,0.0,160260.0,PL-122716,0.0,0.0,,True,False,0.0,False,
LQ-202607-0123,VEH-011,2026-07-06,2026-07-06,RUT-13,HORA,13.63,36361.0,495600.43,0.0,495600.43,PL-127007,0.0,0.0,TER-011,True,True,0.0,False,
LQ-202510-0075,VEH-025,2025-10-29,2025-10-29,RUT-04,KILOMETRO,277.91,4674.0,1298951.34,0.0,1298951.34,PL-805875,0.0,0.0,,True,False,0.0,False,
LQ-202504-0043,VEH-015,2025-04-10,2025-04-12,RUT-03,HORA_24,1.0,493769.0,493769.0,0.0,493769.0,PL-798806,0.0,0.0,TER-002,True,True,0.0,False,
LQ-202604-0112,VEH-001,2026-04-08,2026-04-08,RUT-10,HORA_24,1.0,440266.0,440266.0,0.0,440266.0,PL-983675,0.0,0.0,,True,False,0.0,False,
LQ-202607-0125,VEH-030,2026-07-26,2026-07-26,RUT-08,HORA_12,1.0,306911.0,306911.0,4.44,293284.15,PL-240647,0.0,0.0,,True,False,0.0,False,
LQ-202508-0066,VEH-027,2025-08-18,2025-08-21,RUT-13,HORA_12,1.0,252017.0,252017.0,0.0,252017.0,PL-843814,0.0,0.0,,True,False,0.0,False,
LQ-202502-0030,VEH-028,2025-02-28,2025-02-28,RUT-08,KILOMETRO,199.5,3682.0,734559.0,0.0,734559.0,PL-495400,0.0,0.0,,True,False,0.0,False,
LQ-202411-0014,VEH-022,2024-11-19,2024-11-20,RUT-12,HORA_12,1.0,252613.0,252613.0,0.0,252613.0,PL-644315,0.0,0.0,,True,False,0.0,False,
LQ-202604-0111,VEH-020,2026-04-11,2026-04-12,RUT-01,HORA_12,1.0,273003.0,273003.0,0.0,273003.0,PL-346427,0.0,0.0,,True,False,0.0,False,
LQ-202605-0114,VEH-019,2026-05-18,2026-05-18,RUT-08,HORA_24,1.0,500304.0,500304.0,0.0,500304.0,PL-519148,0.0,0.0,,True,False,0.0,False,
LQ-202507-0061,VEH-008,2025-07-07,2025-07-08,RUT-01,HORA_24,1.0,461751.0,461751.0,0.0,461751.0,PL-155994,0.0,0.0,TER-006,True,True,0.0,False,
LQ-202605-0114,VEH-035,2026-05-10,2026-05-11,RUT-13,HORA_12,1.0,291168.0,291168.0,0.0,291168.0,PL-400478,0.0,0.0,,True,False,0.0,False,
LQ-202604-0109,VEH-017,2026-04-30,2026-04-30,RUT-11,HORA_24,1.0,532655.0,532655.0,5.02,505915.72,PL-654932,0.0,0.0,TER-011,True,True,0.0,False,
LQ-202412-0020,VEH-035,2024-12-04,2024-12-05,RUT-09,HORA_24,1.0,370582.0,370582.0,0.0,370582.0,PL-241879,0.0,0.0,,True,False,0.0,False,
LQ-202507-0061,VEH-037,2025-07-31,2025-07-31,RUT-10,HORA,3.5,34490.0,120715.0,0.0,120715.0,PL-947322,0.0,0.0,,True,False,0.0,False,
LQ-202607-0127,VEH-035,2026-07-14,2026-07-17,RUT-09,HORA_24,1.0,559932.0,559932.0,0.0,559932.0,PL-112042,0.0,0.0,,True,False,0.0,False,
LQ-202607-0127,VEH-009,2026-07-10,2026-07-10,RUT-03,KILOMETRO,256.41,5008.0,1284101.28,0.0,1284101.28,PL-461407,0.0,0.0,TER-007,True,True,0.0,False,
LQ-202608-0131,VEH-015,2026-08-03,2026-08-03,RUT-05,HORA,4.28,41029.0,175604.12,0.0,175604.12,PL-758261,2.0,110064.0,TER-002,True,True,220128.0,False,
LQ-202512-0085,VEH-008,2025-12-20,2025-12-23,RUT-13,HORA_24,1.0,330455.0,330455.0,0.0,330455.0,,0.0,0.0,TER-008,False,True,0.0,False,
LQ-202507-0060,VEH-005,2025-07-02,2025-07-03,RUT-14,HORA_24,1.0,420637.0,420637.0,0.0,420637.0,PL-207599,0.0,0.0,,True,False,0.0,False,
LQ-202606-0120,VEH-028,2026-06-12,2026-06-15,RUT-07,HORA_24,1.0,544393.0,544393.0,0.0,544393.0,PL-950152,0.0,0.0,TER-006,True,True,0.0,False,
LQ-202511-0080,VEH-010,2025-11-19,2025-11-21,RUT-04,HORA_12,1.0,233764.0,233764.0,0.0,233764.0,,0.0,0.0,,False,False,0.0,False,
LQ-202510-0075,VEH-013,2025-10-24,2025-10-25,RUT-01,HORA_24,1.0,469895.0,469895.0,0.0,469895.0,PL-884330,2.0,104832.0,TER-006,True,True,209664.0,False,
LQ-202501-0027,VEH-023,2025-01-27,2025-01-27,RUT-02,KILOMETRO,316.07,3352.0,1059466.64,0.0,1059466.64,PL-541314,1.0,81869.0,,True,False,81869.0,False,
LQ-202411-0017,VEH-030,2024-11-16,2024-11-16,RUT-10,KILOMETRO,291.8,3258.0,950684.4,0.0,950684.4,PL-814703,0.0,0.0,,True,False,0.0,False,
LQ-202409-0003,VEH-038,2024-09-23,2024-09-26,RUT-05,HORA_24,1.0,453581.0,453581.0,3.21,439021.05,PL-793300,2.0,98880.0,,True,False,197760.0,False,
LQ-202608-0132,VEH-035,2026-08-05,2026-08-08,RUT-12,HORA_24,1.0,456160.0,456160.0,0.0,456160.0,PL-195780,0.0,0.0,,True,False,0.0,False,
LQ-202507-0062,VEH-016,2025-07-20,2025-07-21,RUT-02,HORA_12,1.0,306561.0,306561.0,5.92,288412.59,PL-965250,2.0,108826.0,,True,False,217652.0,False,
LQ-202511-0080,VEH-001,2025-11-04,2025-11-07,RUT-15,HORA_24,1.0,424874.0,424874.0,0.0,424874.0,PL-431761,0.0,0.0,,True,False,0.0,False,
LQ-202603-0102,VEH-023,2026-03-26,2026-03-29,RUT-13,HORA_12,1.0,300844.0,300844.0,0.0,300844.0,PL-307557,0.0,0.0,,True,False,0.0,False,
LQ-202608-0131,VEH-029,2026-08-30,2026-08-31,RUT-12,HORA_24,1.0,538515.0,538515.0,0.0,538515.0,PL-855108,0.0,0.0,,True,False,0.0,False,
LQ-202607-0124,VEH-033,2026-07-30,2026-07-31,RUT-04,HORA_12,1.0,301717.0,301717.0,0.0,301717.0,PL-598905,0.0,0.0,,True,False,0.0,False,
LQ-202502-0032,VEH-025,2025-02-02,2025-02-02,RUT-13,HORA_12,1.0,258003.0,258003.0,0.0,258003.0,PL-732275,0.0,0.0,,True,False,0.0,False,
LQ-202507-0062,VEH-039,2025-07-17,2025-07-17,RUT-04,KILOMETRO,182.51,5226.0,953797.26,0.0,953797.26,PL-479376,3.0,108826.0,,True,False,326478.0,False,
LQ-202410-0008,VEH-037,2024-10-11,2024-10-11,RUT-05,HORA,3.49,26981.0,94163.69,0.0,94163.69,PL-343500,1.0,94752.0,,True,False,94752.0,False,
LQ-202510-0076,VEH-035,2025-10-20,2025-10-22,RUT-09,HORA_24,1.0,445250.0,445250.0,0.0,445250.0,PL-345317,0.0,0.0,,True,False,0.0,False,
LQ-202503-0036,VEH-017,2025-03-29,2025-03-31,RUT-01,HORA_12,1.0,277006.0,277006.0,0.0,277006.0,PL-418148,0.0,0.0,,True,False,0.0,False,
LQ-202506-0057,VEH-010,2025-06-27,2025-06-29,RUT-15,HORA_12,1.0,288284.0,288284.0,0.0,288284.0,PL-800188,0.0,0.0,,True,False,0.0,False,
LQ-202603-0105,VEH-030,2026-03-29,2026-03-31,RUT-14,HORA_24,1.0,480128.0,480128.0,0.0,480128.0,PL-435059,0.0,0.0,,True,False,0.0,False,
LQ-202409-0005,VEH-036,2024-09-20,2024-09-20,RUT-10,HORA,6.74,31732.0,213873.68,0.0,213873.68,PL-930281,0.0,0.0,,True,False,0.0,False,
LQ-202607-0126,VEH-029,2026-07-13,2026-07-13,RUT-04,HORA,9.37,29838.0,279582.06,0.0,279582.06,PL-774918,0.0,0.0,,True,False,0.0,False,
LQ-202512-0085,VEH-027,2025-12-11,2025-12-11,RUT-10,HORA,2.95,22350.0,65932.5,0.0,65932.5,PL-931177,0.0,0.0,,True,False,0.0,False,
LQ-202608-0133,VEH-029,2026-08-20,2026-08-22,RUT-08,HORA_24,1.0,486776.0,486776.0,0.0,486776.0,PL-596138,0.0,0.0,TER-012,True,True,0.0,False,
LQ-202511-0083,VEH-028,2025-11-11,2025-11-11,RUT-03,KILOMETRO,415.51,4405.0,1830321.55,0.0,1830321.55,PL-388292,2.0,91973.0,TER-009,True,True,183946.0,False,
LQ-202601-0092,VEH-015,2026-01-02,2026-01-02,RUT-13,HORA,5.57,26627.0,148312.39,0.0,148312.39,,0.0,0.0,TER-001,False,True,0.0,False,
LQ-202607-0128,VEH-023,2026-07-09,2026-07-10,RUT-11,HORA_24,1.0,500878.0,500878.0,3.47,483497.53,PL-815591,0.0,0.0,,True,False,0.0,False,
LQ-202506-0057,VEH-020,2025-06-16,2025-06-16,RUT-07,HORA_24,1.0,503673.0,503673.0,0.0,503673.0,PL-347130,0.0,0.0,,True,False,0.0,False,
LQ-202605-0115,VEH-002,2026-05-19,2026-05-21,RUT-08,HORA_24,1.0,501878.0,501878.0,0.0,501878.0,PL-396026,0.0,0.0,,True,False,0.0,False,
LQ-202605-0115,VEH-024,2026-05-06,2026-05-06,RUT-02,HORA_12,1.0,277602.0,277602.0,0.0,277602.0,PL-853328,0.0,0.0,,True,False,0.0,False,
LQ-202601-0092,VEH-040,2026-01-25,2026-01-25,RUT-10,HORA_12,1.0,226231.0,226231.0,0.0,226231.0,PL-860621,0.0,0.0,,True,False,0.0,False,
LQ-202509-0072,VEH-038,2025-09-10,2025-09-13,RUT-05,HORA_12,1.0,248075.0,248075.0,0.0,248075.0,PL-572004,2.0,96665.0,,True,False,193330.0,False,
LQ-202512-0087,VEH-029,2025-12-25,2025-12-25,RUT-12,KILOMETRO,189.36,3256.0,616556.16,0.0,616556.16,PL-590145,0.0,0.0,,True,False,0.0,False,
LQ-202606-0122,VEH-015,2026-06-15,2026-06-17,RUT-05,HORA_12,1.0,281874.0,281874.0,0.0,281874.0,PL-366658,1.0,108340.0,,True,False,108340.0,False,
LQ-202607-0128,VEH-015,2026-07-25,2026-07-26,RUT-08,HORA_24,1.0,557404.0,557404.0,0.0,557404.0,PL-725785,0.0,0.0,,True,False,0.0,False,
LQ-202605-0115,VEH-021,2026-05-29,2026-05-30,RUT-08,HORA_24,1.0,479289.0,479289.0,0.0,479289.0,PL-200957,0.0,0.0,,True,False,0.0,False,
LQ-202504-0046,VEH-018,2025-04-14,2025-04-16,RUT-15,HORA_24,1.0,425526.0,425526.0,0.0,425526.0,PL-625927,0.0,0.0,,True,False,0.0,False,
LQ-202412-0018,VEH-012,2024-12-04,2024-12-04,RUT-02,HORA_12,1.0,205982.0,205982.0,0.5,204952.09,PL-132792,0.0,0.0,TER-008,True,True,0.0,False,
LQ-202409-0002,VEH-016,2024-09-25,2024-09-28,RUT-06,HORA_12,1.0,245090.0,245090.0,0.0,245090.0,PL-270395,0.0,0.0,,True,False,0.0,False,
LQ-202411-0017,VEH-021,2024-11-21,2024-11-22,RUT-10,HORA_24,1.0,412579.0,412579.0,0.0,412579.0,PL-805893,0.0,0.0,,True,False,0.0,False,
LQ-202603-0106,VEH-023,2026-03-28,2026-03-29,RUT-02,HORA_24,1.0,535669.0,535669.0,0.0,535669.0,PL-122357,0.0,0.0,,True,False,0.0,False,
LQ-202511-0079,VEH-006,2025-11-16,2025-11-18,RUT-01,HORA_24,1.0,442305.0,442305.0,0.0,442305.0,PL-558419,0.0,0.0,,True,False,0.0,False,
LQ-202410-0008,VEH-016,2024-10-16,2024-10-18,RUT-03,HORA_24,1.0,447626.0,447626.0,0.0,447626.0,PL-568436,2.0,94752.0,,True,False,189504.0,False,
LQ-202504-0042,VEH-005,2025-04-12,2025-04-12,RUT-07,KILOMETRO,306.64,4372.0,1340630.08,5.2,1270917.32,PL-479895,0.0,0.0,,True,False,0.0,False,
LQ-202509-0072,VEH-018,2025-09-03,2025-09-03,RUT-11,KILOMETRO,270.76,3845.0,1041072.2,0.0,1041072.2,PL-175519,0.0,0.0,TER-011,True,True,0.0,False,
LQ-202510-0076,VEH-013,2025-10-17,2025-10-17,RUT-02,HORA_12,1.0,310183.0,310183.0,0.0,310183.0,PL-406747,0.0,0.0,TER-007,True,True,0.0,False,
LQ-202605-0114,VEH-035,2026-05-16,2026-05-16,RUT-09,HORA_24,1.0,494244.0,494244.0,0.0,494244.0,PL-334719,0.0,0.0,TER-007,True,True,0.0,False,
LQ-202504-0046,VEH-006,2025-04-06,2025-04-09,RUT-13,HORA_24,1.0,513097.0,513097.0,0.0,513097.0,PL-257692,0.0,0.0,TER-012,True,True,0.0,False,
LQ-202410-0008,VEH-036,2024-10-17,2024-10-18,RUT-11,HORA_24,1.0,422982.0,422982.0,0.0,422982.0,PL-720407,0.0,0.0,,True,False,0.0,False,
LQ-202509-0072,VEH-032,2025-09-21,2025-09-22,RUT-09,HORA_12,1.0,255134.0,255134.0,0.0,255134.0,PL-798582,0.0,0.0,,True,False,0.0,False,
LQ-202506-0053,VEH-024,2025-06-04,2025-06-04,RUT-01,HORA_24,1.0,549497.0,549497.0,0.0,549497.0,PL-248638,0.0,0.0,,True,False,0.0,False,
LQ-202603-0102,VEH-010,2026-03-28,2026-03-31,RUT-06,HORA_12,1.0,285380.0,285380.0,0.0,285380.0,PL-861186,0.0,0.0,TER-010,True,True,0.0,False,
LQ-202501-0026,VEH-006,2025-01-29,2025-01-29,RUT-07,KILOMETRO,312.95,2918.0,913188.1,0.0,913188.1,PL-516174,0.0,0.0,,True,False,0.0,False,
LQ-202507-0059,VEH-017,2025-07-01,2025-07-01,RUT-08,HORA_12,1.0,294732.0,294732.0,0.0,294732.0,PL-824880,0.0,0.0,TER-003,True,True,0.0,False,
LQ-202507-0063,VEH-015,2025-07-31,2025-07-31,RUT-03,HORA_24,1.0,495956.0,495956.0,0.0,495956.0,PL-460002,0.0,0.0,,True,False,0.0,False,
LQ-202410-0010,VEH-027,2024-10-24,2024-10-25,RUT-06,HORA_24,1.0,464437.0,464437.0,0.0,464437.0,PL-746002,0.0,0.0,,True,False,0.0,False,
LQ-202505-0051,VEH-040,2025-05-29,2025-05-29,RUT-03,HORA_12,1.0,336557.0,336557.0,0.0,336557.0,PL-453786,0.0,0.0,,True,False,0.0,False,
LQ-202607-0124,VEH-004,2026-07-24,2026-07-24,RUT-13,HORA_24,1.0,551238.0,551238.0,4.48,526542.54,PL-407970,0.0,0.0,TER-008,True,True,0.0,False,
LQ-202608-0129,VEH-033,2026-08-11,2026-08-11,RUT-08,KILOMETRO,284.58,4648.0,1322727.84,5.96,1243893.26,PL-192306,0.0,0.0,,True,False,0.0,False,
LQ-202411-0015,VEH-024,2024-11-27,2024-11-27,RUT-08,HORA,8.77,31024.0,272080.48,0.0,272080.48,PL-891787,0.0,0.0,,True,False,0.0,False,
LQ-202602-0098,VEH-040,2026-02-03,2026-02-05,RUT-11,HORA_12,1.0,276373.0,276373.0,0.0,276373.0,,0.0,0.0,,False,False,0.0,False,
LQ-202607-0127,VEH-011,2026-07-11,2026-07-12,RUT-12,HORA_12,1.0,304253.0,304253.0,0.0,304253.0,PL-562669,0.0,0.0,,True,False,0.0,False,
LQ-202511-0079,VEH-022,2025-11-16,2025-11-17,RUT-12,HORA_24,1.0,447504.0,447504.0,0.0,447504.0,PL-101562,0.0,0.0,,True,False,0.0,False,
LQ-202608-0134,VEH-012,2026-08-07,2026-08-07,RUT-11,HORA_12,1.0,258893.0,258893.0,0.0,258893.0,PL-183413,3.0,103460.0,TER-001,True,True,310380.0,False,
LQ-202506-0056,VEH-019,2025-06-04,2025-06-06,RUT-01,HORA_12,1.0,292320.0,292320.0,0.0,292320.0,PL-550680,0.0,0.0,TER-004,True,True,0.0,False,
LQ-202607-0123,VEH-033,2026-07-29,2026-07-29,RUT-06,HORA,3.88,35149.0,136378.12,0.0,136378.12,PL-229953,1.0,113179.0,,True,False,113179.0,False,
LQ-202510-0076,VEH-037,2025-10-13,2025-10-15,RUT-06,HORA_24,1.0,472487.0,472487.0,3.47,456091.7,PL-300888,0.0,0.0,,True,False,0.0,False,
LQ-202602-0096,VEH-029,2026-02-09,2026-02-10,RUT-04,HORA_24,1.0,484954.0,484954.0,0.0,484954.0,PL-496987,0.0,0.0,,True,False,0.0,False,
LQ-202607-0124,VEH-034,2026-07-22,2026-07-22,RUT-11,HORA,10.06,35818.0,360329.08,0.0,360329.08,PL-630769,0.0,0.0,,True,False,0.0,False,
LQ-202601-0093,VEH-010,2026-01-04,2026-01-04,RUT-01,HORA_24,1.0,392385.0,392385.0,0.0,392385.0,PL-128381,0.0,0.0,,True,False,0.0,False,
LQ-202503-0040,VEH-009,2025-03-26,2025-03-27,RUT-06,HORA_12,1.0,314748.0,314748.0,0.0,314748.0,PL-536535,0.0,0.0,,True,False,0.0,False,
LQ-202607-0124,VEH-029,2026-07-26,2026-07-28,RUT-05,HORA_24,1.0,473834.0,473834.0,0.0,473834.0,PL-794778,2.0,106388.0,,True,False,212776.0,False,
LQ-202507-0059,VEH-007,2025-07-20,2025-07-20,RUT-10,KILOMETRO,229.87,5625.0,1293018.75,0.0,1293018.75,PL-377033,0.0,0.0,,True,False,0.0,False,
LQ-202410-0010,VEH-033,2024-10-02,2024-10-02,RUT-04,HORA_24,1.0,421561.0,421561.0,0.0,421561.0,PL-904373,2.0,94752.0,,True,False,189504.0,False,
LQ-202602-0101,VEH-010,2026-02-11,2026-02-11,RUT-10,HORA,6.93,30358.0,210380.94,0.0,210380.94,PL-183203,0.0,0.0,TER-011,True,True,0.0,False,
LQ-202607-0127,VEH-036,2026-07-01,2026-07-01,RUT-11,KILOMETRO,213.66,4966.0,1061035.56,0.0,1061035.56,PL-678372,0.0,0.0,,True,False,0.0,False,
LQ-202607-0126,VEH-022,2026-07-03,2026-07-06,RUT-07,HORA_12,1.0,301332.0,301332.0,0.0,301332.0,PL-557307,0.0,0.0,TER-002,True,True,0.0,False,
LQ-202504-0045,VEH-031,2025-04-30,2025-04-30,RUT-01,HORA_12,1.0,248370.0,248370.0,0.0,248370.0,PL-246606,0.0,0.0,,True,False,0.0,False,
LQ-202412-0020,VEH-040,2024-12-28,2024-12-30,RUT-10,HORA_24,1.0,359738.0,359738.0,0.0,359738.0,PL-471042,0.0,0.0,,True,False,0.0,False,
LQ-202508-0065,VEH-015,2025-08-29,2025-08-31,RUT-15,HORA_24,1.0,503767.0,503767.0,0.0,503767.0,PL-698828,0.0,0.0,,True,False,0.0,False,
LQ-202412-0019,VEH-039,2024-12-01,2024-12-03,RUT-03,HORA_24,1.0,317009.0,317009.0,0.0,317009.0,PL-343461,0.0,0.0,TER-001,True,True,0.0,False,
LQ-202511-0083,VEH-009,2025-11-08,2025-11-10,RUT-04,HORA_24,1.0,421411.0,421411.0,0.0,421411.0,,1.0,91973.0,TER-008,False,True,91973.0,False,
LQ-202601-0092,VEH-026,2026-01-08,2026-01-09,RUT-06,HORA_24,1.0,430695.0,430695.0,0.0,430695.0,PL-429268,0.0,0.0,,True,False,0.0,False,
LQ-202607-0127,VEH-038,2026-07-08,2026-07-08,RUT-10,HORA_12,1.0,295816.0,295816.0,0.0,295816.0,PL-721984,0.0,0.0,TER-002,True,True,0.0,False,
LQ-202601-0091,VEH-025,2026-01-27,2026-01-27,RUT-02,KILOMETRO,301.47,3727.0,1123578.69,0.0,1123578.69,,0.0,0.0,,False,False,0.0,False,
LQ-202504-0046,VEH-007,2025-04-01,2025-04-03,RUT-05,HORA_24,12.75,471638.0,6013384.5,0.0,6013384.5,PL-501975,0.0,0.0,,True,False,0.0,True,cantidad fuera de rango
LQ-202510-0073,VEH-029,2025-10-05,2025-10-05,RUT-01,HORA_12,1.0,261401.0,261401.0,0.0,261401.0,PL-399941,0.0,0.0,TER-005,True,True,0.0,False,
LQ-202409-0004,VEH-035,2024-09-22,2024-09-22,RUT-05,HORA_24,1.0,426486.0,426486.0,0.0,426486.0,PL-265649,2.0,92947.0,TER-006,True,True,185894.0,False,
LQ-202506-0058,VEH-009,2025-06-19,2025-06-19,RUT-01,HORA_24,1.0,468545.0,468545.0,0.0,468545.0,PL-256580,0.0,0.0,,True,False,0.0,False,
LQ-202505-0047,VEH-013,2025-05-19,2025-05-22,RUT-01,HORA_24,1.0,501922.0,501922.0,0.0,501922.0,PL-717545,2.0,107827.0,,True,False,215654.0,False,
LQ-202503-0039,VEH-034,2025-03-31,2025-03-31,RUT-14,HORA_24,1.0,447688.0,447688.0,5.32,423871.0,PL-141020,0.0,0.0,,True,False,0.0,False,
LQ-202608-0132,VEH-008,2026-08-05,2026-08-05,RUT-05,KILOMETRO,277.5,4193.0,1163557.5,0.0,1163557.5,PL-608817,0.0,0.0,,True,False,0.0,False,
LQ-202503-0037,VEH-005,2025-03-11,2025-03-11,RUT-03,HORA,10.84,35177.0,381318.68,0.0,381318.68,PL-218661,2.0,103834.0,,True,False,207668.0,False,
LQ-202606-0120,VEH-018,2026-06-04,2026-06-06,RUT-13,HORA_12,1.0,365843.0,365843.0,0.0,365843.0,,0.0,0.0,,False,False,0.0,True,tarifa fuera de rango
LQ-202409-0002,VEH-034,2024-09-14,2024-09-14,RUT-13,KILOMETRO,327.08,4266.0,1395323.28,0.0,1395323.28,PL-587115,0.0,0.0,TER-004,True,True,0.0,False,
LQ-202604-0112,VEH-040,2026-04-28,2026-04-28,RUT-13,HORA_12,1.0,306869.0,306869.0,0.0,306869.0,PL-638914,0.0,0.0,,True,False,0.0,False,
LQ-202409-0005,VEH-040,2024-09-09,2024-09-10,RUT-13,HORA_24,1.0,446694.0,446694.0,0.0,446694.0,PL-743378,0.0,0.0,,True,False,0.0,False,
LQ-202506-0055,VEH-034,2025-06-18,2025-06-18,RUT-15,HORA_24,1.0,537985.0,537985.0,0.0,537985.0,PL-614954,0.0,0.0,TER-008,True,True,0.0,False,
LQ-202509-0068,VEH-023,2025-09-18,2025-09-20,RUT-15,HORA_24,1.0,485562.0,485562.0,4.01,466090.96,PL-689780,0.0,0.0,,True,False,0.0,False,
LQ-202605-0115,VEH-029,2026-05-25,2026-05-25,RUT-12,HORA,9.94,34722.0,345136.68,2.68,335887.02,PL-988023,0.0,0.0,,True,False,0.0,False,
LQ-202511-0081,VEH-018,2025-11-26,2025-11-26,RUT-10,HORA,7.74,28320.0,219196.8,0.0,219196.8,PL-293341,0.0,0.0,,True,False,0.0,False,
LQ-202601-0093,VEH-033,2026-01-29,2026-01-29,RUT-15,HORA,9.13,24375.0,222543.75,0.0,222543.75,PL-381460,0.0,0.0,TER-005,True,True,0.0,False,
LQ-202412-0022,VEH-031,2024-12-24,2024-12-25,RUT-08,HORA_12,1.0,173514.0,173514.0,0.0,173514.0,PL-375382,0.0,0.0,TER-007,True,True,0.0,True,tarifa fuera de rango
LQ-202601-0091,VEH-002,2026-01-04,2026-01-07,RUT-01,HORA_12,1.0,209325.0,209325.0,7.94,192704.6,,3.0,80035.0,,False,False,240105.0,False,
LQ-202504-0043,VEH-039,2025-04-24,2025-04-24,RUT-13,HORA,6.11,35595.0,217485.45,0.0,217485.45,PL-259223,3.0,101837.0,TER-010,True,True,305511.0,False,
LQ-202409-0002,VEH-025,2024-09-19,2024-09-19,RUT-02,KILOMETRO,363.31,3478.0,1263592.18,5.41,1195231.84,PL-515922,3.0,92947.0,,True,False,278841.0,False,
LQ-202507-0061,VEH-019,2025-07-08,2025-07-10,RUT-13,HORA_24,1.0,434768.0,434768.0,0.0,434768.0,PL-300982,0.0,0.0,,True,False,0.0,False,
LQ-202603-0105,VEH-018,2026-03-08,2026-03-09,RUT-04,HORA_24,1.0,520137.0,520137.0,0.0,520137.0,,1.0,101508.0,,False,False,101508.0,False,
LQ-202506-0056,VEH-004,2025-06-05,2025-06-06,RUT-02,HORA_24,1.0,519969.0,519969.0,0.0,519969.0,PL-143027,0.0,0.0,,True,False,0.0,False,
LQ-202412-0023,VEH-021,2024-12-03,2024-12-04,RUT-02,HORA_12,1.0,171976.0,171976.0,0.0,171976.0,PL-539422,0.0,0.0,TER-011,True,True,0.0,True,tarifa fuera de rango
LQ-202502-0031,VEH-016,2025-02-19,2025-02-19,RUT-12,HORA_12,1.0,261148.0,261148.0,0.0,261148.0,PL-265603,0.0,0.0,TER-011,True,True,0.0,False,
LQ-202503-0038,VEH-022,2025-03-06,2025-03-06,RUT-05,HORA_12,1.0,259876.0,259876.0,1.42,256185.76,PL-889762,0.0,0.0,TER-004,True,True,0.0,False,
LQ-202511-0083,VEH-010,2025-11-21,2025-11-24,RUT-09,HORA_12,1.0,303325.0,303325.0,0.0,303325.0,PL-835281,0.0,0.0,TER-010,True,True,0.0,False,
LQ-202503-0036,VEH-038,2025-03-11,2025-03-11,RUT-03,HORA,8.38,32007.0,268218.66,0.0,268218.66,PL-654552,0.0,0.0,,True,False,0.0,False,
LQ-202503-0039,VEH-014,2025-03-25,2025-03-27,RUT-05,HORA_24,1.0,496511.0,496511.0,0.0,496511.0,PL-828723,1.0,103834.0,TER-008,True,True,103834.0,False,
LQ-202510-0074,VEH-012,2025-10-04,2025-10-04,RUT-07,HORA,8.97,32144.0,288331.68,0.0,288331.68,PL-376519,0.0,0.0,TER-006,True,True,0.0,False,
LQ-202603-0106,VEH-020,2026-03-21,2026-03-23,RUT-04,HORA_24,1.0,513681.0,513681.0,0.0,513681.0,PL-752881,0.0,0.0,,True,False,0.0,False,
LQ-202502-0031,VEH-034,2025-02-10,2025-02-10,RUT-07,KILOMETRO,307.95,4660.0,1435047.0,0.0,1435047.0,PL-173378,0.0,0.0,,True,False,0.0,False,
LQ-202505-0050,VEH-026,2025-05-03,2025-05-03,RUT-04,HORA_12,1.0,279958.0,279958.0,0.0,279958.0,PL-993605,0.0,0.0,TER-012,True,True,0.0,False,
LQ-202608-0132,VEH-028,2026-08-12,2026-08-15,RUT-06,HORA_12,1.0,262401.0,262401.0,0.0,262401.0,PL-359462,0.0,0.0,,True,False,0.0,False,
LQ-202506-0058,VEH-017,2025-06-28,2025-06-28,RUT-10,KILOMETRO,359.67,4638.0,1668149.46,0.0,1668149.46,PL-535998,1.0,104173.0,TER-006,True,True,104173.0,False,
LQ-202512-0084,VEH-005,2025-12-19,2025-12-20,RUT-07,HORA_24,1.0,363956.0,363956.0,1.42,358787.82,PL-575744,0.0,0.0,,True,False,0.0,False,
LQ-202608-0129,VEH-032,2026-08-12,2026-08-13,RUT-03,HORA_24,1.0,537472.0,537472.0,0.0,537472.0,PL-612393,0.0,0.0,,True,False,0.0,False,
LQ-202411-0014,VEH-024,2024-11-24,2024-11-24,RUT-04,KILOMETRO,284.89,3785.0,1078308.65,1.95,1057281.63,PL-845652,1.0,88435.0,,True,False,88435.0,False,
LQ-202502-0034,VEH-020,2025-02-27,2025-02-28,RUT-12,HORA_12,1.0,225705.0,225705.0,0.0,225705.0,PL-526261,0.0,0.0,,True,False,0.0,False,
LQ-202602-0100,VEH-033,2026-02-14,2026-02-14,RUT-13,HORA,5.74,31199.0,179082.26,0.0,179082.26,PL-257302,0.0,0.0,TER-005,True,True,0.0,False,
LQ-202412-0020,VEH-036,2024-12-01,2024-12-02,RUT-10,HORA_24,1.0,365410.0,365410.0,0.0,365410.0,PL-959959,0.0,0.0,,True,False,0.0,False,
LQ-202505-0049,VEH-030,2025-05-11,2025-05-11,RUT-05,KILOMETRO,306.0,4681.0,1432386.0,0.0,1432386.0,PL-795466,3.0,107827.0,TER-006,True,True,323481.0,False,
LQ-202603-0103,VEH-025,2026-03-02,2026-03-04,RUT-15,HORA_12,1.0,274604.0,274604.0,5.18,260379.51,PL-105046,0.0,0.0,,True,False,0.0,False,
LQ-202511-0082,VEH-025,2025-11-12,2025-11-14,RUT-10,HORA_24,1.0,476485.0,476485.0,0.0,476485.0,PL-291105,0.0,0.0,,True,False,0.0,False,
LQ-202412-0019,VEH-002,2024-12-06,2024-12-06,RUT-02,KILOMETRO,355.57,3119.0,1109022.83,0.0,1109022.83,PL-902616,0.0,0.0,,True,False,0.0,False,
LQ-202412-0021,VEH-011,2024-12-25,2024-12-28,RUT-06,HORA_24,1.0,353889.0,353889.0,0.0,353889.0,PL-386929,0.0,0.0,TER-010,True,True,0.0,False,
LQ-202503-0039,VEH-034,2025-03-13,2025-03-14,RUT-04,HORA_24,1.0,488574.0,488574.0,0.0,488574.0,PL-554626,2.0,103834.0,TER-001,True,True,207668.0,False,
LQ-202411-0015,VEH-009,2024-11-13,2024-11-13,RUT-02,HORA,7.24,35450.0,256658.0,6.38,240283.22,PL-268746,2.0,94080.0,,True,False,188160.0,False,
LQ-202505-0050,VEH-016,2025-05-05,2025-05-07,RUT-12,HORA_24,1.0,467749.0,467749.0,0.0,467749.0,PL-934202,0.0,0.0,,True,False,0.0,False,
LQ-202607-0127,VEH-036,2026-07-03,2026-07-03,RUT-06,KILOMETRO,242.35,4592.0,1112871.2,0.0,1112871.2,PL-393049,0.0,0.0,,True,False,0.0,False,
LQ-202608-0130,VEH-020,2026-08-31,2026-08-31,RUT-15,KILOMETRO,462.72,4377.0,2025325.44,0.0,2025325.44,PL-642317,0.0,0.0,,True,False,0.0,False,
LQ-202504-0046,VEH-014,2025-04-13,2025-04-13,RUT-12,HORA,4.4,30953.0,136193.2,0.0,136193.2,PL-538493,0.0,0.0,,True,False,0.0,False,
LQ-202601-0092,VEH-026,2026-01-16,2026-01-19,RUT-04,HORA_12,1.0,184586.0,184586.0,0.0,184586.0,PL-410127,3.0,85144.0,TER-008,True,True,255432.0,False,
LQ-202409-0002,VEH-022,2024-09-24,2024-09-25,RUT-12,HORA_12,1.0,260218.0,260218.0,0.0,260218.0,PL-753425,0.0,0.0,,True,False,0.0,False,
LQ-202604-0112,VEH-025,2026-04-13,2026-04-13,RUT-15,KILOMETRO,345.67,4066.0,1405494.22,0.0,1405494.22,PL-369649,0.0,0.0,TER-001,True,True,0.0,False,
LQ-202608-0129,VEH-040,2026-08-20,2026-08-22,RUT-11,HORA_24,1.0,535072.0,535072.0,5.19,507301.76,PL-708729,0.0,0.0,,True,False,0.0,False,
LQ-202501-0027,VEH-039,2025-01-30,2025-01-30,RUT-08,KILOMETRO,320.68,3238.0,1038361.84,0.0,1038361.84,PL-844033,0.0,0.0,,True,False,0.0,False,
LQ-202502-0033,VEH-038,2025-02-18,2025-02-21,RUT-14,HORA_24,1.0,450078.0,450078.0,3.27,435360.45,PL-944178,0.0,0.0,TER-012,True,True,0.0,False,
LQ-202412-0022,VEH-017,2024-12-02,2024-12-02,RUT-02,HORA,7.55,25637.0,193559.35,5.49,182932.94,PL-914992,0.0,0.0,,True,False,0.0,False,
LQ-202511-0081,VEH-012,2025-11-07,2025-11-07,RUT-01,KILOMETRO,383.66,4202.0,1612139.32,0.0,1612139.32,PL-131025,0.0,0.0,,True,False,0.0,False,
LQ-202506-0053,VEH-038,2025-06-20,2025-06-20,RUT-08,HORA,4.27,34262.0,146298.74,0.0,146298.74,PL-164242,0.0,0.0,,True,False,0.0,False,
LQ-202506-0053,VEH-040,2025-06-03,2025-06-03,RUT-14,HORA,4.85,36301.0,176059.85,3.27,170302.69,PL-173801,2.0,110822.0,TER-011,True,True,221644.0,False,
LQ-202608-0132,VEH-003,2026-08-05,2026-08-07,RUT-15,HORA_12,1.0,299494.0,299494.0,0.0,299494.0,PL-826139,0.0,0.0,TER-010,True,True,0.0,False,
LQ-202608-0133,VEH-002,2026-08-10,2026-08-13,RUT-11,HORA_12,1.0,311344.0,311344.0,0.0,311344.0,PL-152740,0.0,0.0,,True,False,0.0,False,
LQ-202512-0089,VEH-017,2025-12-12,2025-12-12,RUT-12,HORA_24,1.0,316933.0,316933.0,0.0,316933.0,PL-663655,0.0,0.0,TER-007,True,True,0.0,False,
LQ-202605-0114,VEH-033,2026-05-31,2026-05-31,RUT-08,HORA_12,1.0,292449.0,292449.0,0.0,292449.0,PL-370514,0.0,0.0,,True,False,0.0,False,
LQ-202607-0123,VEH-033,2026-07-20,2026-07-21,RUT-06,HORA_24,1.0,528179.0,528179.0,0.0,528179.0,PL-181582,0.0,0.0,,True,False,0.0,False,
LQ-202608-0131,VEH-032,2026-08-31,2026-08-31,RUT-08,HORA,7.55,37151.0,280490.05,0.0,280490.05,PL-223532,0.0,0.0,TER-007,True,True,0.0,False,
LQ-202603-0104,VEH-038,2026-03-14,2026-03-14,RUT-12,HORA,4.1,35024.0,143598.4,2.45,140080.24,PL-864321,0.0,0.0,,True,False,0.0,False,
LQ-202504-0043,VEH-016,2025-04-16,2025-04-16,RUT-13,HORA,3.98,34061.0,135562.78,0.0,135562.78,PL-437471,0.0,0.0,,True,False,0.0,False,
LQ-202602-0097,VEH-035,2026-02-18,2026-02-20,RUT-02,HORA_24,1.0,408219.0,408219.0,0.0,408219.0,PL-789474,1.0,92723.0,,True,False,92723.0,False,
LQ-202504-0044,VEH-031,2025-04-02,2025-04-03,RUT-15,HORA_24,1.0,421771.0,421771.0,0.0,421771.0,PL-442978,0.0,0.0,,True,False,0.0,False,
LQ-202503-0038,VEH-038,2025-03-31,2025-03-31,RUT-08,HORA_24,1.0,430592.0,430592.0,0.0,430592.0,PL-202179,0.0,0.0,TER-012,True,True,0.0,False,
LQ-202504-0044,VEH-010,2025-04-28,2025-04-28,RUT-12,HORA_24,1.0,454571.0,454571.0,4.09,435979.05,PL-839916,3.0,95727.0,,True,False,287181.0,False,
LQ-202602-0096,VEH-028,2026-02-03,2026-02-05,RUT-10,HORA_24,1.0,403241.0,403241.0,0.0,403241.0,PL-915806,0.0,0.0,,True,False,0.0,False,
LQ-202506-0057,VEH-004,2025-06-15,2025-06-17,RUT-10,HORA_24,1.0,531598.0,531598.0,0.0,531598.0,PL-940144,0.0,0.0,,True,False,0.0,False,
LQ-202505-0047,VEH-007,2025-05-21,2025-05-21,RUT-11,KILOMETRO,184.74,4604.0,850542.96,0.0,850542.96,PL-253075,0.0,0.0,,True,False,0.0,False,
LQ-202601-0093,VEH-022,2026-01-13,2026-01-15,RUT-07,HORA_24,1.0,351178.0,351178.0,3.36,339378.42,PL-300206,0.0,0.0,,True,False,0.0,False,
LQ-202409-0001,VEH-034,2024-09-18,2024-09-20,RUT-14,HORA_24,1.0,423536.0,423536.0,0.0,423536.0,PL-108203,0.0,0.0,,True,False,0.0,False,
LQ-202601-0090,VEH-020,2026-01-17,2026-01-17,RUT-11,HORA_24,1.0,383278.0,383278.0,0.0,383278.0,PL-210337,0.0,0.0,TER-006,True,True,0.0,False,
LQ-202510-0073,VEH-015,2025-10-30,2025-10-30,RUT-07,HORA,5.98,29891.0,178748.18,2.91,173546.61,PL-694095,0.0,0.0,TER-001,True,True,0.0,False,
LQ-202512-0084,VEH-001,2025-12-02,2025-12-02,RUT-14,HORA_24,1.0,348626.0,348626.0,0.0,348626.0,PL-597619,0.0,0.0,TER-010,True,True,0.0,False,
LQ-202510-0073,VEH-014,2025-10-05,2025-10-07,RUT-01,HORA_24,1.0,516803.0,516803.0,0.0,516803.0,PL-314340,0.0,0.0,,True,False,0.0,False,
LQ-202509-0069,VEH-027,2025-09-17,2025-09-18,RUT-05,HORA_24,1.0,484560.0,484560.0,0.0,484560.0,PL-655682,0.0,0.0,TER-005,True,True,0.0,False,
LQ-202603-0102,VEH-034,2026-03-10,2026-03-10,RUT-13,HORA_12,1.0,295908.0,295908.0,0.5,294428.46,PL-960893,0.0,0.0,,True,False,0.0,False,
LQ-202503-0040,VEH-009,2025-03-29,2025-03-31,RUT-11,HORA_24,1.0,419499.0,419499.0,0.5,417401.5,PL-590636,0.0,0.0,,True,False,0.0,False,
LQ-202410-0010,VEH-005,2024-10-26,2024-10-27,RUT-04,HORA_12,1.0,258465.0,258465.0,0.0,258465.0,PL-425236,3.0,94752.0,,True,False,284256.0,False,
LQ-202604-0110,VEH-004,2026-04-27,2026-04-29,RUT-02,HORA_12,1.0,279268.0,279268.0,0.0,279268.0,PL-908371,3.0,105910.0,,True,False,317730.0,False,
LQ-202511-0080,VEH-022,2025-11-08,2025-11-09,RUT-13,HORA_24,1.0,406823.0,406823.0,0.0,406823.0,PL-343974,0.0,0.0,,True,False,0.0,False,
LQ-202506-0053,VEH-013,2025-06-15,2025-06-17,RUT-08,HORA_24,1.0,514039.0,514039.0,7.2,477028.19,PL-929718,0.0,0.0,,True,False,0.0,False,
LQ-202504-0046,VEH-008,2025-04-17,2025-04-20,RUT-04,HORA_12,1.0,255673.0,255673.0,0.0,255673.0,PL-613405,1.0,95727.0,,True,False,95727.0,False,
LQ-202605-0115,VEH-036,2026-05-09,2026-05-09,RUT-15,HORA,6.84,36599.0,250337.16,0.0,250337.16,PL-248369,3.0,105412.0,,True,False,316236.0,False,
LQ-202506-0053,VEH-014,2025-06-22,2025-06-23,RUT-14,HORA_24,1.0,533603.0,533603.0,0.0,533603.0,PL-199453,0.0,0.0,TER-008,True,True,0.0,False,
LQ-202510-0076,VEH-039,2025-10-19,2025-10-22,RUT-13,HORA_24,1.0,457328.0,457328.0,0.0,457328.0,PL-313043,0.0,0.0,TER-004,True,True,0.0,False,
LQ-202503-0037,VEH-018,2025-03-15,2025-03-17,RUT-02,HORA_24,1.0,471270.0,471270.0,0.0,471270.0,PL-704516,1.0,103834.0,,True,False,103834.0,False,
LQ-202605-0117,VEH-038,2026-05-25,2026-05-25,RUT-12,KILOMETRO,220.82,4381.0,967412.42,0.0,967412.42,PL-335715,0.0,0.0,TER-008,True,True,0.0,False,
LQ-202606-0121,VEH-037,2026-06-09,2026-06-10,RUT-15,HORA_24,1.0,601855.0,601855.0,8.59,550155.66,PL-891366,0.0,0.0,TER-002,True,True,0.0,False,
LQ-202601-0092,VEH-033,2026-01-05,2026-01-05,RUT-11,HORA,3.32,27773.0,92206.36,0.0,92206.36,PL-806881,0.0,0.0,,True,False,0.0,False,
LQ-202507-0061,VEH-012,2025-07-30,2025-07-30,RUT-09,HORA_24,1.0,489297.0,489297.0,0.0,489297.0,PL-674071,0.0,0.0,,True,False,0.0,False,
LQ-202504-0043,VEH-018,2025-04-24,2025-04-24,RUT-04,HORA,1.54,30651.0,47202.54,0.84,46806.04,PL-575491,2.0,101837.0,,True,False,203674.0,False,
LQ-202506-0058,VEH-028,2025-06-26,2025-06-28,RUT-07,HORA_12,1.0,299796.0,299796.0,0.0,299796.0,PL-790387,0.0,0.0,,True,False,0.0,False,
LQ-202501-0025,VEH-012,2025-01-10,2025-01-10,RUT-05,HORA_24,1.0,408563.0,408563.0,0.0,408563.0,PL-901834,0.0,0.0,TER-003,True,True,0.0,False,
LQ-202411-0015,VEH-039,2024-11-06,2024-11-07,RUT-10,HORA_24,1.0,477251.0,477251.0,5.83,449427.27,PL-437477,0.0,0.0,,True,False,0.0,False,
LQ-202409-0005,VEH-027,2024-09-04,2024-09-05,RUT-12,HORA_24,1.0,457272.0,457272.0,0.0,457272.0,PL-455395,0.0,0.0,,True,False,0.0,False,
LQ-202501-0025,VEH-027,2025-01-01,2025-01-02,RUT-03,HORA_24,1.0,366437.0,366437.0,0.0,366437.0,PL-456844,2.0,81869.0,,True,False,163738.0,False,
LQ-202410-0010,VEH-016,2024-10-28,2024-10-28,RUT-08,HORA,11.77,30599.0,360150.23,0.0,360150.23,PL-320073,0.0,0.0,,True,False,0.0,False,
LQ-202603-0103,VEH-011,2026-03-24,2026-03-25,RUT-07,HORA_12,1.0,277752.0,277752.0,0.0,277752.0,PL-521033,0.0,0.0,,True,False,0.0,False,
LQ-202412-0022,VEH-008,2024-12-19,2024-12-19,RUT-11,HORA,7.7,24330.0,187341.0,0.0,187341.0,PL-829445,0.0,0.0,TER-005,True,True,0.0,False,
LQ-202608-0131,VEH-015,2026-08-19,2026-08-21,RUT-14,HORA_12,1.0,297218.0,297218.0,0.0,297218.0,PL-248752,0.0,0.0,,True,False,0.0,False,
LQ-202608-0133,VEH-015,2026-08-07,2026-08-07,RUT-02,KILOMETRO,382.22,83437.0,31891290.14,0.0,31891290.14,PL-767510,0.0,0.0,TER-001,True,True,0.0,True,tarifa fuera de rango
LQ-202607-0126,VEH-011,2026-07-03,2026-07-03,RUT-03,HORA_12,1.0,277403.0,277403.0,0.0,277403.0,PL-698138,2.0,106388.0,,True,False,212776.0,False,
LQ-202510-0078,VEH-040,2025-10-21,2025-10-21,RUT-09,HORA_24,1.0,7631540.0,7631540.0,2.33,7453725.12,PL-424603,0.0,0.0,TER-011,True,True,0.0,True,tarifa fuera de rango
LQ-202411-0013,VEH-036,2024-11-24,2024-11-24,RUT-15,HORA_24,1.0,447828.0,447828.0,7.05,416256.13,PL-441968,0.0,0.0,,True,False,0.0,False,
LQ-202512-0086,VEH-019,2025-12-21,2025-12-23,RUT-06,HORA_12,1.0,228073.0,228073.0,0.0,228073.0,PL-899108,0.0,0.0,,True,False,0.0,False,
LQ-202502-0031,VEH-028,2025-02-14,2025-02-14,RUT-03,HORA,11.85,32427.0,384259.95,0.0,384259.95,PL-580067,0.0,0.0,,True,False,0.0,False,
LQ-202501-0028,VEH-002,2025-01-30,2025-01-31,RUT-10,HORA_12,1.0,222460.0,222460.0,0.0,222460.0,PL-542503,0.0,0.0,,True,False,0.0,False,
LQ-202510-0075,VEH-015,2025-10-04,2025-10-04,RUT-03,HORA,10.27,32096.0,329625.92,0.0,329625.92,PL-466296,0.0,0.0,,True,False,0.0,False,
LQ-202512-0088,VEH-033,2025-12-25,2025-12-28,RUT-06,HORA_12,1.0,222554.0,222554.0,0.0,222554.0,PL-114848,0.0,0.0,,True,False,0.0,False,
LQ-202510-0074,VEH-015,2025-10-25,2025-10-25,RUT-09,HORA_24,1.0,456913.0,456913.0,6.91,425340.31,PL-838588,0.0,0.0,,True,False,0.0,False,
LQ-202602-0099,VEH-024,2026-02-18,2026-02-18,RUT-02,HORA_24,1.0,461912.0,461912.0,0.0,461912.0,PL-561105,1.0,92723.0,,True,False,92723.0,False,
LQ-202605-0116,VEH-003,2026-05-12,2026-05-13,RUT-06,HORA_24,1.0,552767.0,552767.0,0.0,552767.0,PL-227746,0.0,0.0,TER-009,True,True,0.0,False,
LQ-202607-0126,VEH-019,2026-07-25,2026-07-25,RUT-09,HORA,7.05,31770.0,223978.5,0.0,223978.5,PL-291921,0.0,0.0,,True,False,0.0,False,
LQ-202410-0009,VEH-035,2024-10-18,2024-10-18,RUT-07,HORA,9.63,36038.0,347045.94,5.27,328756.62,PL-722665,0.0,0.0,,True,False,0.0,False,
LQ-202607-0125,VEH-016,2026-07-11,2026-07-12,RUT-05,HORA_12,1.0,363824.0,363824.0,0.0,363824.0,PL-974903,2.0,113179.0,TER-005,True,True,226358.0,True,tarifa fuera de rango
LQ-202608-0131,VEH-018,2026-08-15,2026-08-15,RUT-04,KILOMETRO,264.23,4873.0,1287592.79,0.0,1287592.79,PL-702921,1.0,110064.0,TER-002,True,True,110064.0,False,
LQ-202412-0020,VEH-023,2024-12-07,2024-12-09,RUT-01,HORA_12,1.0,220004.0,220004.0,0.0,220004.0,PL-169429,0.0,0.0,,True,False,0.0,False,
LQ-202503-0037,VEH-025,2025-03-02,2025-03-02,RUT-07,HORA,4.99,30873.0,154056.27,0.0,154056.27,PL-350725,0.0,0.0,TER-010,True,True,0.0,False,
LQ-202507-0061,VEH-010,2025-07-28,2025-07-31,RUT-11,HORA_24,1.0,517910.0,517910.0,0.0,517910.0,PL-751353,0.0,0.0,TER-009,True,True,0.0,False,
LQ-202605-0116,VEH-005,2026-05-13,2026-05-13,RUT-05,HORA_24,1.0,484022.0,484022.0,0.0,484022.0,PL-193665,0.0,0.0,,True,False,0.0,False,
LQ-202512-0089,VEH-030,2025-12-13,2025-12-15,RUT-11,HORA_24,1.0,341730.0,341730.0,0.0,341730.0,PL-979702,0.0,0.0,TER-011,True,True,0.0,False,
LQ-202508-0066,VEH-017,2025-08-26,2025-08-27,RUT-05,HORA_12,1.0,281052.0,281052.0,0.0,281052.0,PL-287619,0.0,0.0,TER-007,True,True,0.0,False,
LQ-202605-0113,VEH-039,2026-05-28,2026-05-30,RUT-02,HORA_24,1.0,529715.0,529715.0,0.0,529715.0,PL-864248,0.0,0.0,,True,False,0.0,False,
LQ-202502-0029,VEH-026,2025-02-04,2025-02-04,RUT-02,HORA_12,1.0,255006.0,255006.0,0.0,255006.0,PL-200485,2.0,94848.0,,True,False,189696.0,False,
LQ-202507-0063,VEH-031,2025-07-18,2025-07-18,RUT-03,KILOMETRO,325.46,4330.0,1409241.8,0.0,1409241.8,PL-286540,0.0,0.0,,True,False,0.0,False,
LQ-202509-0067,VEH-005,2025-09-15,2025-09-17,RUT-11,HORA_24,1.0,568598.0,568598.0,0.0,568598.0,PL-216815,0.0,0.0,TER-004,True,True,0.0,False,
LQ-202602-0101,VEH-017,2026-02-26,2026-02-28,RUT-07,HORA_24,1.0,484463.0,484463.0,0.0,484463.0,PL-573070,0.0,0.0,,True,False,0.0,False,
LQ-202510-0073,VEH-015,2025-10-31,2025-10-31,RUT-12,HORA_24,1.0,502209.0,502209.0,0.0,502209.0,PL-702847,0.0,0.0,,True,False,0.0,False,
LQ-202602-0098,VEH-040,2026-02-05,2026-02-07,RUT-08,HORA_12,1.0,294065.0,294065.0,0.0,294065.0,PL-734757,3.0,98642.0,,True,False,295926.0,False,
LQ-202410-0009,VEH-037,2024-10-08,2024-10-10,RUT-13,HORA_24,1.0,466184.0,466184.0,0.0,466184.0,PL-776364,0.0,0.0,,True,False,0.0,False,
LQ-202504-0046,VEH-017,2025-04-16,2025-04-19,RUT-01,HORA_12,1.0,255370.0,255370.0,0.0,255370.0,PL-878111,2.0,95727.0,,True,False,191454.0,False,
LQ-202505-0047,VEH-018,2025-05-31,2025-05-31,RUT-05,HORA_12,1.0,304396.0,304396.0,0.0,304396.0,PL-810769,2.0,107827.0,,True,False,215654.0,False,
LQ-202502-0029,VEH-030,2025-02-04,2025-02-06,RUT-04,HORA_12,1.0,245697.0,245697.0,0.0,245697.0,PL-202747,2.0,94848.0,TER-007,True,True,189696.0,False,
LQ-202604-0112,VEH-036,2026-04-01,2026-04-03,RUT-11,HORA_12,9.9,306048.0,3029875.2,0.0,3029875.2,PL-828733,0.0,0.0,,True,False,0.0,True,cantidad fuera de rango
LQ-202601-0094,VEH-006,2026-01-20,2026-01-21,RUT-08,HORA_24,1.0,368227.0,368227.0,0.0,368227.0,PL-707603,0.0,0.0,TER-005,True,True,0.0,False,
LQ-202505-0051,VEH-022,2025-05-03,2025-05-03,RUT-09,KILOMETRO,235.97,5234.0,1235066.98,0.0,1235066.98,PL-789975,0.0,0.0,,True,False,0.0,False,
LQ-202602-0097,VEH-016,2026-02-25,2026-02-28,RUT-12,HORA_12,1.0,236060.0,236060.0,0.0,236060.0,PL-663579,0.0,0.0,,True,False,0.0,False,
LQ-202501-0026,VEH-014,2025-01-11,2025-01-11,RUT-07,HORA_24,1.0,299984.0,299984.0,0.0,299984.0,PL-452287,0.0,0.0,,True,False,0.0,True,tarifa fuera de rango
LQ-202604-0112,VEH-003,2026-04-20,2026-04-20,RUT-12,HORA_24,1.0,505106.0,505106.0,0.0,505106.0,PL-130651,0.0,0.0,,True,False,0.0,False,
LQ-202504-0043,VEH-037,2025-04-27,2025-04-27,RUT-14,HORA_24,1.0,468390.0,468390.0,0.0,468390.0,PL-547220,0.0,0.0,,True,False,0.0,False,
LQ-202607-0124,VEH-022,2026-07-20,2026-07-21,RUT-14,HORA_24,1.0,581387.0,581387.0,0.0,581387.0,PL-361432,0.0,0.0,TER-006,True,True,0.0,False,
LQ-202501-0027,VEH-015,2025-01-13,2025-01-16,RUT-03,HORA_24,1.0,431144.0,431144.0,0.0,431144.0,PL-121741,0.0,0.0,,True,False,0.0,False,
LQ-202502-0031,VEH-031,2025-02-13,2025-02-14,RUT-02,HORA_12,1.0,256945.0,256945.0,0.0,256945.0,PL-266494,2.0,94848.0,,True,False,189696.0,False,
LQ-202512-0086,VEH-020,2025-12-19,2025-12-19,RUT-11,KILOMETRO,385.94,3179.0,1226903.26,0.0,1226903.26,PL-988786,0.0,0.0,,True,False,0.0,False,
LQ-202409-0001,VEH-031,2024-09-18,2024-09-18,RUT-13,HORA,8.67,33550.0,290878.5,0.0,290878.5,PL-676510,0.0,0.0,TER-009,True,True,0.0,False,
LQ-202505-0052,VEH-002,2025-05-22,2025-05-25,RUT-03,HORA_12,1.0,303160.0,303160.0,0.0,303160.0,PL-827679,2.0,101358.0,TER-010,True,True,202716.0,False,
LQ-202506-0053,VEH-032,2025-06-26,2025-06-29,RUT-12,HORA_24,1.0,544126.0,544126.0,0.0,544126.0,PL-428702,0.0,0.0,,True,False,0.0,False,
LQ-202411-0016,VEH-029,2024-11-27,2024-11-28,RUT-10,HORA_12,1.0,262099.0,262099.0,0.0,262099.0,PL-760830,0.0,0.0,,True,False,0.0,False,
LQ-202605-0117,VEH-022,2026-05-14,2026-05-15,RUT-11,HORA_24,1.0,482441.0,482441.0,0.0,482441.0,PL-725448,0.0,0.0,TER-004,True,True,0.0,False,
LQ-202601-0094,VEH-014,2026-01-07,2026-01-08,RUT-14,HORA_12,1.0,247415.0,247415.0,0.0,247415.0,,0.0,0.0,,False,False,0.0,False,
LQ-202412-0021,VEH-006,2024-12-30,2024-12-30,RUT-05,KILOMETRO,302.59,2864.0,866617.76,0.0,866617.76,PL-711033,2.0,69485.0,TER-009,True,True,138970.0,False,
LQ-202601-0094,VEH-016,2026-01-21,2026-01-24,RUT-07,HORA_12,1.0,217744.0,217744.0,0.0,217744.0,PL-951771,0.0,0.0,TER-004,True,True,0.0,False,
LQ-202505-0051,VEH-035,2025-05-10,2025-05-11,RUT-02,HORA_24,1.0,550846.0,550846.0,0.0,550846.0,PL-129321,0.0,0.0,TER-005,True,True,0.0,False,
LQ-202603-0102,VEH-015,2026-03-07,2026-03-09,RUT-09,HORA_24,1.0,544533.0,544533.0,0.0,544533.0,PL-939747,0.0,0.0,,True,False,0.0,False,
LQ-202606-0118,VEH-035,2026-06-17,2026-06-18,RUT-06,HORA_24,1.0,544878.0,544878.0,0.0,544878.0,PL-536190,0.0,0.0,,True,False,0.0,False,
LQ-202502-0031,VEH-030,2025-02-05,2025-02-07,RUT-15,HORA_24,1.0,439594.0,439594.0,0.0,439594.0,PL-171551,0.0,0.0,TER-011,True,True,0.0,False,
LQ-202510-0075,VEH-006,2025-10-27,2025-10-27,RUT-04,KILOMETRO,456.24,4596.0,2096879.04,0.0,2096879.04,PL-630221,0.0,0.0,,True,False,0.0,False,
LQ-202502-0034,VEH-005,2025-02-14,2025-02-17,RUT-13,HORA_24,1.0,405072.0,405072.0,6.81,377486.6,PL-383246,0.0,0.0,TER-002,True,True,0.0,False,
LQ-202504-0042,VEH-017,2025-04-15,2025-04-16,RUT-02,HORA_12,1.0,264476.0,264476.0,0.0,264476.0,PL-618970,0.0,0.0,TER-011,True,True,0.0,False,
LQ-202506-0053,VEH-015,2025-06-12,2025-06-15,RUT-08,HORA_24,1.0,514626.0,514626.0,0.0,514626.0,PL-427718,0.0,0.0,,True,False,0.0,False,
LQ-202507-0063,VEH-012,2025-07-16,2025-07-17,RUT-07,HORA_24,1.0,457123.0,457123.0,0.0,457123.0,PL-127491,0.0,0.0,,True,False,0.0,False,
LQ-202504-0042,VEH-016,2025-04-24,2025-04-24,RUT-07,HORA_24,1.0,443476.0,443476.0,0.0,443476.0,PL-952095,3.0,95727.0,TER-001,True,True,287181.0,False,
LQ-202507-0062,VEH-021,2025-07-17,2025-07-17,RUT-14,HORA,7.63,37998.0,289924.74,0.0,289924.74,PL-528264,0.0,0.0,TER-004,True,True,0.0,False,
LQ-202601-0092,VEH-010,2026-01-14,2026-01-14,RUT-11,HORA,5.63,29686.0,167132.18,0.0,167132.18,PL-308061,0.0,0.0,,True,False,0.0,False,
LQ-202410-0010,VEH-016,2024-10-13,2024-10-15,RUT-12,HORA_12,1.0,244964.0,244964.0,0.0,244964.0,PL-618927,0.0,0.0,,True,False,0.0,False,
LQ-202603-0103,VEH-013,2026-03-16,2026-03-19,RUT-02,HORA_12,1.0,263847.0,263847.0,3.26,255245.59,PL-134244,1.0,101508.0,,True,False,101508.0,False,
LQ-202502-0031,VEH-022,2025-02-12,2025-02-12,RUT-02,HORA_24,1.0,447390.0,447390.0,0.0,447390.0,PL-362168,3.0,94848.0,,True,False,284544.0,False,
LQ-202602-0097,VEH-020,2026-02-23,2026-02-25,RUT-11,HORA_24,1.0,459502.0,459502.0,0.0,459502.0,PL-411552,0.0,0.0,,True,False,0.0,False,
LQ-202605-0116,VEH-014,2026-05-14,2026-05-14,RUT-04,HORA,6.53,34865.0,227668.45,0.0,227668.45,PL-674414,0.0,0.0,,True,False,0.0,False,
LQ-202602-0101,VEH-015,2026-02-19,2026-02-19,RUT-08,HORA_12,1.0,284526.0,284526.0,0.0,284526.0,PL-245911,3.0,92723.0,,True,False,278169.0,False,
LQ-202511-0080,VEH-028,2025-11-17,2025-11-18,RUT-02,HORA_12,1.0,262341.0,262341.0,0.0,262341.0,PL-344844,3.0,91973.0,,True,False,275919.0,False,
LQ-202510-0078,VEH-006,2025-10-29,2025-10-29,RUT-15,HORA,4.82,35447.0,170854.54,0.0,170854.54,PL-779420,0.0,0.0,,True,False,0.0,False,
LQ-202503-0037,VEH-039,2025-03-01,2025-03-03,RUT-05,HORA_24,1.0,443536.0,443536.0,0.0,443536.0,PL-296972,2.0,103834.0,TER-002,True,True,207668.0,False,
LQ-202510-0073,VEH-010,2025-10-11,2025-10-12,RUT-13,HORA_24,1.0,480005.0,480005.0,0.0,480005.0,PL-753900,0.0,0.0,,True,False,0.0,False,
LQ-202503-0038,VEH-030,2025-03-28,2025-03-28,RUT-14,HORA_24,1.0,434977.0,434977.0,0.0,434977.0,PL-534166,0.0,0.0,,True,False,0.0,False,
LQ-202409-0003,VEH-031,2024-09-05,2024-09-08,RUT-12,HORA_12,1.0,283506.0,283506.0,8.69,258869.33,PL-601968,2.0,98880.0,,True,False,197760.0,False,
LQ-202505-0048,VEH-010,2025-05-15,2025-05-18,RUT-05,HORA_24,1.0,506656.0,506656.0,0.0,506656.0,PL-782039,0.0,0.0,,True,False,0.0,False,
LQ-202603-0106,VEH-026,2026-03-16,2026-03-19,RUT-04,HORA_24,1.0,512614.0,512614.0,0.0,512614.0,PL-500496,0.0,0.0,,True,False,0.0,False,
LQ-202504-0043,VEH-022,2025-04-15,2025-04-17,RUT-04,HORA_24,1.0,476569.0,476569.0,0.0,476569.0,PL-250755,2.0,101837.0,,True,False,203674.0,False,
LQ-202604-0108,VEH-010,2026-04-13,2026-04-15,RUT-15,HORA_24,1.0,437254.0,437254.0,0.0,437254.0,PL-579959,0.0,0.0,,True,False,0.0,False,
LQ-202502-0031,VEH-006,2025-02-08,2025-02-08,RUT-15,HORA,16.83,26557.0,446954.31,0.0,446954.31,PL-116817,0.0,0.0,,True,False,0.0,True,cantidad fuera de rango
LQ-202409-0004,VEH-025,2024-09-04,2024-09-04,RUT-08,HORA_24,1.0,440082.0,440082.0,0.0,440082.0,PL-575679,0.0,0.0,,True,False,0.0,False,
LQ-202504-0043,VEH-007,2025-04-20,2025-04-20,RUT-07,HORA,7.62,33892.0,258257.04,0.0,258257.04,PL-329565,0.0,0.0,TER-005,True,True,0.0,False,
LQ-202608-0132,VEH-006,2026-08-28,2026-08-31,RUT-07,HORA_24,1.0,435640.0,435640.0,0.0,435640.0,PL-369424,1.0,103460.0,TER-004,True,True,103460.0,False,
LQ-202605-0115,VEH-019,2026-05-04,2026-05-06,RUT-08,HORA_12,1.0,279215.0,279215.0,0.0,279215.0,PL-177916,0.0,0.0,,True,False,0.0,False,
LQ-202501-0028,VEH-023,2025-01-29,2025-01-31,RUT-05,HORA_12,1.0,209608.0,209608.0,0.0,209608.0,PL-570103,3.0,76957.0,,True,False,230871.0,False,
LQ-202604-0108,VEH-034,2026-04-25,2026-04-25,RUT-07,HORA,6.44,34773.0,223938.12,0.0,223938.12,PL-719647,0.0,0.0,TER-005,True,True,0.0,False,
LQ-202504-0043,VEH-016,2025-04-21,2025-04-21,RUT-15,HORA_12,1.0,274672.0,274672.0,0.0,274672.0,PL-243523,0.0,0.0,,True,False,0.0,False,
LQ-202410-0010,VEH-014,2024-10-31,2024-10-31,RUT-14,HORA_24,1.0,6446876.0,6446876.0,0.0,6446876.0,PL-646428,0.0,0.0,,True,False,0.0,True,tarifa fuera de rango
LQ-202506-0053,VEH-037,2025-06-06,2025-06-07,RUT-02,HORA_12,1.0,294481.0,294481.0,0.0,294481.0,PL-298543,0.0,0.0,,True,False,0.0,False,
LQ-202510-0076,VEH-039,2025-10-13,2025-10-16,RUT-12,HORA_12,1.0,273488.0,273488.0,1.77,268647.26,PL-473178,0.0,0.0,,True,False,0.0,False,
LQ-202602-0099,VEH-029,2026-02-25,2026-02-25,RUT-01,HORA,9.47,30421.0,288086.87,4.73,274460.36,PL-675952,0.0,0.0,,True,False,0.0,False,
LQ-202504-0042,VEH-018,2025-04-13,2025-04-15,RUT-10,HORA_24,1.0,512319.0,512319.0,0.0,512319.0,PL-996086,0.0,0.0,,True,False,0.0,False,
LQ-202605-0113,VEH-019,2026-05-22,2026-05-22,RUT-08,KILOMETRO,271.08,4937.0,1338321.96,0.0,1338321.96,PL-673202,2.0,112140.0,,True,False,224280.0,False,
LQ-202510-0077,VEH-008,2025-10-22,2025-10-25,RUT-03,HORA_24,1.0,538850.0,538850.0,4.74,513308.51,PL-703637,0.0,0.0,TER-010,True,True,0.0,False,
LQ-202604-0111,VEH-017,2026-04-14,2026-04-14,RUT-08,HORA,5.58,31916.0,178091.28,0.0,178091.28,PL-440932,0.0,0.0,,True,False,0.0,False,
LQ-202503-0038,VEH-037,2025-03-07,2025-03-10,RUT-07,HORA_24,1.0,438138.0,438138.0,0.0,438138.0,PL-549946,0.0,0.0,TER-011,True,True,0.0,False,
LQ-202607-0127,VEH-023,2026-07-10,2026-07-10,RUT-06,HORA_12,1.0,316183.0,316183.0,0.0,316183.0,,0.0,0.0,,False,False,0.0,False,
LQ-202604-0112,VEH-024,2026-04-13,2026-04-13,RUT-11,HORA,2.22,33927.0,75317.94,0.0,75317.94,PL-278834,0.0,0.0,TER-008,True,True,0.0,False,
LQ-202511-0079,VEH-010,2025-11-23,2025-11-25,RUT-15,HORA_24,1.0,457847.0,457847.0,0.0,457847.0,PL-850899,0.0,0.0,TER-001,True,True,0.0,False,
LQ-202503-0039,VEH-027,2025-03-19,2025-03-19,RUT-13,HORA,6.05,32198.0,194797.9,0.0,194797.9,PL-767841,0.0,0.0,,True,False,0.0,False,
LQ-202509-0071,VEH-032,2025-09-17,2025-09-20,RUT-15,HORA_24,1.0,494618.0,494618.0,0.0,494618.0,PL-150970,0.0,0.0,TER-004,True,True,0.0,False,
LQ-202410-0009,VEH-015,2024-10-02,2024-10-02,RUT-11,KILOMETRO,321.27,4342.0,1394954.34,0.0,1394954.34,PL-171269,0.0,0.0,,True,False,0.0,False,
LQ-202411-0015,VEH-032,2024-11-17,2024-11-19,RUT-15,HORA_24,1.0,456988.0,456988.0,0.0,456988.0,PL-145981,0.0,0.0,TER-011,True,True,0.0,False,
LQ-202606-0121,VEH-015,2026-06-27,2026-06-27,RUT-05,HORA_12,1.0,310869.0,310869.0,0.0,310869.0,PL-656076,0.0,0.0,,True,False,0.0,False,
LQ-202503-0039,VEH-028,2025-03-23,2025-03-23,RUT-05,HORA_24,1.0,494891.0,494891.0,0.0,494891.0,PL-433219,0.0,0.0,,True,False,0.0,False,
LQ-202502-0031,VEH-013,2025-02-22,2025-02-25,RUT-12,HORA_24,1.0,454549.0,454549.0,0.0,454549.0,PL-515943,0.0,0.0,TER-005,True,True,0.0,False,
LQ-202603-0102,VEH-025,2026-03-16,2026-03-18,RUT-10,HORA_24,1.0,482392.0,482392.0,0.0,482392.0,PL-918027,0.0,0.0,,True,False,0.0,False,
LQ-202511-0082,VEH-018,2025-11-24,2025-11-25,RUT-10,HORA_24,1.0,492701.0,492701.0,0.0,492701.0,PL-889219,0.0,0.0,TER-003,True,True,0.0,False,
LQ-202603-0107,VEH-035,2026-03-01,2026-03-04,RUT-04,HORA_24,1.0,489405.0,489405.0,0.0,489405.0,PL-789054,1.0,101508.0,,True,False,101508.0,False,
LQ-202502-0033,VEH-002,2025-02-25,2025-02-25,RUT-03,HORA_24,1.0,412022.0,412022.0,5.36,389937.62,PL-268018,0.0,0.0,,True,False,0.0,False,
LQ-202509-0067,VEH-037,2025-09-01,2025-09-04,RUT-08,HORA_12,1.0,278896.0,278896.0,0.0,278896.0,PL-320295,0.0,0.0,,True,False,0.0,False,
LQ-202410-0009,VEH-004,2024-10-03,2024-10-06,RUT-01,HORA_12,1.0,279995.0,279995.0,0.0,279995.0,PL-767678,0.0,0.0,TER-003,True,True,0.0,False,
LQ-202604-0109,VEH-038,2026-04-02,2026-04-02,RUT-13,HORA,7.59,31847.0,241718.73,0.0,241718.73,PL-711956,0.0,0.0,TER-011,True,True,0.0,False,
LQ-202504-0042,VEH-030,2025-04-12,2025-04-13,RUT-02,HORA_12,1.0,259782.0,259782.0,4.91,247026.7,PL-219787,2.0,95727.0,TER-001,True,True,191454.0,False,
LQ-202502-0030,VEH-038,2025-02-23,2025-02-26,RUT-12,HORA_12,1.0,246137.0,246137.0,0.0,246137.0,PL-693595,0.0,0.0,,True,False,0.0,False,
LQ-202604-0111,VEH-011,2026-04-26,2026-04-26,RUT-01,KILOMETRO,177.08,4152.0,735236.16,0.0,735236.16,PL-290352,0.0,0.0,TER-004,True,True,0.0,False,
LQ-202602-0099,VEH-034,2026-02-03,2026-02-03,RUT-15,HORA_12,1.0,221068.0,221068.0,2.19,216226.61,PL-373374,0.0,0.0,,True,False,0.0,False,
LQ-202603-0102,VEH-040,2026-03-13,2026-03-13,RUT-14,HORA_24,1.0,536702.0,536702.0,4.47,512711.42,PL-810729,0.0,0.0,TER-001,True,True,0.0,False,
LQ-202603-0104,VEH-017,2026-03-02,2026-03-02,RUT-14,HORA_12,1.0,293905.0,293905.0,0.0,293905.0,PL-366137,0.0,0.0,,True,False,0.0,False,
LQ-202412-0019,VEH-002,2024-12-16,2024-12-16,RUT-09,HORA,10.29,25584.0,263259.36,0.0,263259.36,PL-494900,0.0,0.0,,True,False,0.0,False,
LQ-202511-0083,VEH-039,2025-11-13,2025-11-15,RUT-02,HORA_24,1.0,422659.0,422659.0,0.0,422659.0,PL-116780,0.0,0.0,,True,False,0.0,False,
LQ-202506-0055,VEH-011,2025-06-30,2025-06-30,RUT-15,KILOMETRO,387.23,5091.0,1971387.93,0.0,1971387.93,PL-190573,0.0,0.0,,True,False,0.0,False,
LQ-202504-0044,VEH-022,2025-04-20,2025-04-20,RUT-09,HORA,7.21,29070.0,209594.7,0.0,209594.7,PL-883039,0.0,0.0,,True,False,0.0,False,
LQ-202603-0102,VEH-014,2026-03-11,2026-03-11,RUT-06,HORA,5.36,31963.0,171321.68,0.0,171321.68,PL-684143,0.0,0.0,TER-001,True,True,0.0,False,
LQ-202507-0059,VEH-021,2025-07-08,2025-07-11,RUT-12,HORA_12,1.0,323040.0,323040.0,0.0,323040.0,PL-773738,0.0,0.0,,True,False,0.0,False,
LQ-202505-0050,VEH-002,2025-05-15,2025-05-15,RUT-04,HORA_24,1.0,472053.0,472053.0,0.0,472053.0,PL-618513,2.0,101358.0,TER-012,True,True,202716.0,False,
LQ-202506-0053,VEH-010,2025-06-26,2025-06-26,RUT-03,HORA_24,1.0,563376.0,563376.0,0.0,563376.0,PL-699689,1.0,110822.0,,True,False,110822.0,False,
LQ-202510-0073,VEH-038,2025-10-04,2025-10-04,RUT-11,HORA_24,1.0,516754.0,516754.0,0.0,516754.0,PL-535877,0.0,0.0,,True,False,0.0,False,
LQ-202509-0069,VEH-039,2025-09-23,2025-09-25,RUT-11,HORA_24,1.0,444483.0,444483.0,0.0,444483.0,PL-206657,0.0,0.0,,True,False,0.0,False,
LQ-202507-0063,VEH-009,2025-07-23,2025-07-26,RUT-02,HORA_12,1.0,296266.0,296266.0,0.0,296266.0,PL-894573,0.0,0.0,,True,False,0.0,False,
LQ-202507-0062,VEH-013,2025-07-29,2025-07-31,RUT-09,HORA_24,1.0,533603.0,533603.0,0.0,533603.0,PL-283630,0.0,0.0,,True,False,0.0,False,
LQ-202504-0042,VEH-002,2025-04-26,2025-04-27,RUT-13,HORA_24,1.0,464571.0,464571.0,0.0,464571.0,PL-679334,0.0,0.0,,True,False,0.0,False,
LQ-202507-0063,VEH-002,2025-07-06,2025-07-07,RUT-11,HORA_24,1.0,513227.0,513227.0,0.0,513227.0,PL-795803,0.0,0.0,,True,False,0.0,False,
LQ-202412-0018,VEH-012,2024-12-24,2024-12-26,RUT-11,HORA_24,1.0,344381.0,344381.0,0.0,344381.0,PL-243260,0.0,0.0,TER-011,True,True,0.0,False,
LQ-202603-0102,VEH-005,2026-03-14,2026-03-14,RUT-10,HORA,6.64,40126.0,266436.64,0.0,266436.64,PL-828240,0.0,0.0,TER-001,True,True,0.0,False,
LQ-202506-0054,VEH-001,2025-06-22,2025-06-23,RUT-13,HORA_12,1.0,259203.0,259203.0,8.13,238129.8,PL-994101,0.0,0.0,TER-001,True,True,0.0,False,
LQ-202603-0103,VEH-016,2026-03-15,2026-03-17,RUT-01,HORA_12,1.0,263669.0,263669.0,0.0,263669.0,PL-170238,0.0,0.0,,True,False,0.0,False,
LQ-202512-0089,VEH-007,2025-12-26,2025-12-26,RUT-14,HORA,10.28,23008.0,236522.24,0.0,236522.24,PL-438590,0.0,0.0,,True,False,0.0,False,
LQ-202605-0114,VEH-035,2026-05-16,2026-05-16,RUT-12,KILOMETRO,398.67,3909.0,1558401.03,0.0,1558401.03,,0.0,0.0,,False,False,0.0,False,
LQ-202501-0027,VEH-024,2025-01-11,2025-01-11,RUT-02,HORA_24,1.0,408379.0,408379.0,0.0,408379.0,PL-550977,2.0,81869.0,TER-005,True,True,163738.0,False,
LQ-202506-0057,VEH-009,2025-06-09,2025-06-12,RUT-07,HORA_24,1.0,508950.0,508950.0,0.0,508950.0,PL-303941,1.0,110822.0,,True,False,110822.0,False,
LQ-202505-0051,VEH-037,2025-05-28,2025-05-28,RUT-02,HORA,4.63,32481.0,150387.03,0.0,150387.03,PL-672084,0.0,0.0,TER-011,True,True,0.0,False,
LQ-202507-0062,VEH-026,2025-07-03,2025-07-03,RUT-03,HORA,4.34,31293.0,135811.62,0.0,135811.62,PL-578911,3.0,108826.0,,True,False,326478.0,False,
LQ-202410-0008,VEH-019,2024-10-23,2024-10-24,RUT-04,HORA_12,1.0,247456.0,247456.0,0.0,247456.0,PL-499152,2.0,94752.0,,True,False,189504.0,False,
LQ-202412-0019,VEH-011,2024-12-05,2024-12-05,RUT-13,KILOMETRO,347.65,2933.0,1019657.45,0.0,1019657.45,PL-432918,0.0,0.0,TER-009,True,True,0.0,False,
LQ-202510-0073,VEH-040,2025-10-10,2025-10-11,RUT-07,HORA_12,1.0,283141.0,283141.0,0.0,283141.0,PL-404066,0.0,0.0,,True,False,0.0,False,
LQ-202410-0009,VEH-005,2024-10-15,2024-10-16,RUT-12,HORA_24,1.0,472931.0,472931.0,0.0,472931.0,PL-958747,0.0,0.0,,True,False,0.0,False,
LQ-202411-0015,VEH-029,2024-11-18,2024-11-21,RUT-04,HORA_24,1.0,457127.0,457127.0,0.0,457127.0,PL-940183,2.0,94080.0,,True,False,188160.0,False,
LQ-202504-0046,VEH-034,2025-04-12,2025-04-15,RUT-05,HORA_24,1.0,451040.0,451040.0,0.0,451040.0,PL-696711,3.0,95727.0,,True,False,287181.0,False,
LQ-202505-0047,VEH-025,2025-05-02,2025-05-05,RUT-12,HORA_24,1.0,554235.0,554235.0,0.0,554235.0,PL-173783,0.0,0.0,,True,False,0.0,False,
LQ-202508-0064,VEH-038,2025-08-16,2025-08-16,RUT-13,HORA_12,1.0,318542.0,318542.0,0.0,318542.0,PL-560110,0.0,0.0,TER-010,True,True,0.0,False,
LQ-202604-0109,VEH-040,2026-04-28,2026-04-30,RUT-02,HORA_24,1.0,458528.0,458528.0,0.0,458528.0,PL-757246,2.0,99556.0,,True,False,199112.0,False,
LQ-202607-0127,VEH-015,2026-07-28,2026-07-31,RUT-08,HORA_12,1.0,321765.0,321765.0,0.0,321765.0,PL-709149,0.0,0.0,,True,False,0.0,False,
LQ-202508-0065,VEH-022,2025-08-10,2025-08-11,RUT-09,HORA_24,1.0,504937.0,504937.0,2.55,492061.11,PL-207174,3.0,105830.0,,True,False,317490.0,False,
LQ-202605-0114,VEH-015,2026-05-20,2026-05-22,RUT-06,HORA_12,1.0,268722.0,268722.0,0.0,268722.0,PL-207099,0.0,0.0,,True,False,0.0,False,
LQ-202602-0097,VEH-003,2026-02-10,2026-02-13,RUT-12,HORA_12,1.0,247243.0,247243.0,0.0,247243.0,PL-124258,0.0,0.0,,True,False,0.0,False,
LQ-202501-0026,VEH-028,2025-01-19,2025-01-22,RUT-14,HORA_24,1.0,338214.0,338214.0,0.0,338214.0,PL-328598,0.0,0.0,TER-003,True,True,0.0,False,
LQ-202602-0096,VEH-017,2026-02-20,2026-02-20,RUT-14,HORA_24,1.0,434250.0,434250.0,0.0,434250.0,PL-387481,0.0,0.0,,True,False,0.0,False,
LQ-202411-0016,VEH-037,2024-11-11,2024-11-13,RUT-08,HORA_24,1.0,451506.0,451506.0,0.0,451506.0,PL-482199,0.0,0.0,,True,False,0.0,False,
LQ-202511-0083,VEH-021,2025-11-22,2025-11-23,RUT-03,HORA_24,1.0,439103.0,439103.0,0.0,439103.0,PL-872919,0.0,0.0,,True,False,0.0,False,
LQ-202603-0106,VEH-026,2026-03-08,2026-03-09,RUT-01,HORA_24,1.0,484086.0,484086.0,0.0,484086.0,PL-150539,1.0,107987.0,TER-003,True,True,107987.0,False,
LQ-202410-0012,VEH-038,2024-10-19,2024-10-21,RUT-04,HORA_24,1.0,452802.0,452802.0,0.0,452802.0,PL-129576,0.0,0.0,,True,False,0.0,False,
LQ-202603-0107,VEH-039,2026-03-21,2026-03-21,RUT-07,HORA_24,1.0,522916.0,522916.0,0.0,522916.0,PL-899259,0.0,0.0,TER-010,True,True,0.0,False,
LQ-202505-0048,VEH-014,2025-05-01,2025-05-04,RUT-07,HORA_24,1.0,463683.0,463683.0,0.0,463683.0,PL-498895,0.0,0.0,TER-008,True,True,0.0,False,
LQ-202604-0108,VEH-015,2026-04-15,2026-04-18,RUT-02,HORA_24,1.0,510365.0,510365.0,0.0,510365.0,PL-785603,0.0,0.0,,True,False,0.0,False,
LQ-202602-0098,VEH-008,2026-02-14,2026-02-17,RUT-15,HORA_12,1.0,251822.0,251822.0,4.53,240414.46,PL-602081,0.0,0.0,,True,False,0.0,False,
LQ-202510-0073,VEH-014,2025-10-14,2025-10-15,RUT-09,HORA_12,1.0,298032.0,298032.0,0.0,298032.0,PL-703580,0.0,0.0,,True,False,0.0,False,
LQ-202410-0011,VEH-016,2024-10-29,2024-10-30,RUT-08,HORA_24,1.0,457620.0,457620.0,7.18,424762.88,PL-778720,0.0,0.0,TER-007,True,True,0.0,False,
LQ-202512-0084,VEH-021,2025-12-07,2025-12-08,RUT-01,HORA_24,1.0,369501.0,369501.0,0.0,369501.0,PL-417180,1.0,76877.0,,True,False,76877.0,False,
LQ-202510-0074,VEH-023,2025-10-01,2025-10-03,RUT-03,HORA_24,1.0,454797.0,454797.0,0.0,454797.0,PL-174838,3.0,98542.0,,True,False,295626.0,False,
LQ-202605-0114,VEH-009,2026-05-08,2026-05-08,RUT-02,HORA,7.69,34982.0,269011.58,0.0,269011.58,PL-857117,3.0,105412.0,,True,False,316236.0,False,
LQ-202502-0029,VEH-004,2025-02-10,2025-02-10,RUT-10,KILOMETRO,253.47,3759.0,952793.73,0.0,952793.73,PL-605608,0.0,0.0,TER-005,True,True,0.0,False,
LQ-202602-0097,VEH-003,2026-02-28,2026-02-28,RUT-14,HORA_24,1.0,438465.0,438465.0,0.0,438465.0,,0.0,0.0,,False,False,0.0,False,
LQ-202604-0108,VEH-022,2026-04-06,2026-04-06,RUT-01,HORA_24,1.0,529614.0,529614.0,0.0,529614.0,PL-990459,2.0,105910.0,,True,False,211820.0,False,
LQ-202509-0067,VEH-015,2025-09-10,2025-09-10,RUT-03,KILOMETRO,286.74,4436.0,1271978.64,0.0,1271978.64,PL-627918,0.0,0.0,,True,False,0.0,False,
LQ-202602-0096,VEH-024,2026-02-07,2026-02-09,RUT-12,HORA_12,1.0,239336.0,239336.0,0.0,239336.0,PL-335954,0.0,0.0,,True,False,0.0,False,
LQ-202508-0064,VEH-015,2025-08-16,2025-08-16,RUT-10,HORA,4.21,34103.0,143573.63,0.0,143573.63,PL-575774,0.0,0.0,TER-005,True,True,0.0,False,
LQ-202411-0016,VEH-028,2024-11-05,2024-11-08,RUT-02,HORA_24,1.0,433031.0,433031.0,0.0,433031.0,PL-692099,3.0,94080.0,,True,False,282240.0,False,
LQ-202602-0101,VEH-009,2026-02-22,2026-02-22,RUT-07,HORA_24,1.0,476107.0,476107.0,0.0,476107.0,PL-984312,0.0,0.0,,True,False,0.0,False,
LQ-202412-0019,VEH-030,2024-12-28,2024-12-28,RUT-08,KILOMETRO,290.8,2958.0,860186.4,0.0,860186.4,PL-358771,0.0,0.0,,True,False,0.0,False,
LQ-202503-0040,VEH-016,2025-03-08,2025-03-08,RUT-05,KILOMETRO,182.69,4515.0,824845.35,1.93,808925.83,PL-951138,0.0,0.0,,True,False,0.0,False,
LQ-202409-0006,VEH-033,2024-09-17,2024-09-19,RUT-02,HORA_12,1.0,223786.0,223786.0,5.19,212171.51,PL-681070,3.0,92947.0,TER-008,True,True,278841.0,False,
LQ-202602-0096,VEH-031,2026-02-22,2026-02-23,RUT-01,HORA_24,1.0,432097.0,432097.0,0.0,432097.0,PL-224468,0.0,0.0,,True,False,0.0,False,
LQ-202511-0082,VEH-013,2025-11-18,2025-11-20,RUT-14,HORA_12,1.0,266164.0,266164.0,0.0,266164.0,PL-891730,0.0,0.0,,True,False,0.0,False,
LQ-202602-0099,VEH-002,2026-02-11,2026-02-11,RUT-11,HORA_24,1.0,434083.0,434083.0,0.0,434083.0,PL-819559,0.0,0.0,TER-008,True,True,0.0,False,
LQ-202506-0057,VEH-034,2025-06-18,2025-06-20,RUT-12,HORA_24,1.0,558664.0,558664.0,4.5,533524.12,PL-489301,0.0,0.0,TER-007,True,True,0.0,False,
LQ-202504-0046,VEH-022,2025-04-30,2025-04-30,RUT-13,HORA_12,1.0,267122.0,267122.0,0.0,267122.0,PL-985174,0.0,0.0,,True,False,0.0,False,
LQ-202607-0126,VEH-014,2026-07-04,2026-07-06,RUT-09,HORA_12,1.0,242145.0,242145.0,0.0,242145.0,PL-955184,1.0,106388.0,,True,False,106388.0,False,
LQ-202505-0049,VEH-039,2025-05-05,2025-05-08,RUT-14,HORA_24,1.0,493833.0,493833.0,7.28,457881.96,PL-857619,0.0,0.0,,True,False,0.0,False,
LQ-202503-0040,VEH-027,2025-03-30,2025-03-31,RUT-09,HORA_12,1.0,275438.0,275438.0,0.0,275438.0,PL-530187,0.0,0.0,,True,False,0.0,False,
LQ-202603-0103,VEH-031,2026-03-19,2026-03-19,RUT-12,HORA_12,1.0,300437.0,300437.0,0.0,300437.0,PL-556644,0.0,0.0,TER-009,True,True,0.0,False,
LQ-202412-0018,VEH-037,2024-12-27,2024-12-27,RUT-08,HORA_12,1.0,201423.0,201423.0,0.0,201423.0,PL-500080,0.0,0.0,TER-001,True,True,0.0,False,
LQ-202506-0054,VEH-019,2025-06-22,2025-06-22,RUT-01,HORA_12,1.0,267881.0,267881.0,0.0,267881.0,PL-853790,0.0,0.0,,True,False,0.0,False,
LQ-202509-0069,VEH-001,2025-09-02,2025-09-05,RUT-01,HORA_24,1.0,497611.0,497611.0,5.65,469495.98,PL-104827,2.0,102835.0,,True,False,205670.0,False,
LQ-202502-0029,VEH-002,2025-02-07,2025-02-09,RUT-07,HORA_24,1.0,482872.0,482872.0,3.84,464329.72,PL-873266,0.0,0.0,TER-012,True,True,0.0,False,
LQ-202511-0080,VEH-030,2025-11-24,2025-11-24,RUT-09,HORA,12.2,30253.0,369086.6,5.67,348159.39,PL-727828,0.0,0.0,,True,False,0.0,False,
LQ-202602-0098,VEH-011,2026-02-05,2026-02-05,RUT-05,HORA,8.82,33599.0,296343.18,0.0,296343.18,PL-826796,0.0,0.0,TER-006,True,True,0.0,False,
LQ-202607-0125,VEH-024,2026-07-15,2026-07-16,RUT-08,HORA_24,1.0,501294.0,501294.0,0.0,501294.0,PL-509304,0.0,0.0,,True,False,0.0,False,
LQ-202410-0012,VEH-031,2024-10-31,2024-10-31,RUT-07,HORA,1.96,31512.0,61763.52,0.0,61763.52,PL-700534,0.0,0.0,,True,False,0.0,False,
LQ-202508-0064,VEH-004,2025-08-18,2025-08-21,RUT-04,HORA_24,1.0,480289.0,480289.0,0.0,480289.0,PL-564639,3.0,105830.0,,True,False,317490.0,False,
LQ-202608-0131,VEH-001,2026-08-13,2026-08-16,RUT-13,HORA_24,1.0,575171.0,575171.0,2.84,558836.14,PL-449851,0.0,0.0,,True,False,0.0,False,
LQ-202507-0062,VEH-021,2025-07-07,2025-07-08,RUT-04,HORA_24,1.0,490225.0,490225.0,0.0,490225.0,PL-475263,1.0,108826.0,,True,False,108826.0,False,
LQ-202409-0005,VEH-010,2024-09-07,2024-09-09,RUT-09,HORA_24,1.0,437099.0,437099.0,0.0,437099.0,PL-347745,0.0,0.0,TER-005,True,True,0.0,False,
LQ-202506-0055,VEH-024,2025-06-03,2025-06-04,RUT-09,HORA_24,1.0,550048.0,550048.0,0.0,550048.0,PL-336288,0.0,0.0,,True,False,0.0,False,
LQ-202608-0133,VEH-014,2026-08-09,2026-08-09,RUT-14,HORA,7.87,36681.0,288679.47,0.0,288679.47,PL-511352,0.0,0.0,TER-005,True,True,0.0,False,
LQ-202501-0028,VEH-010,2025-01-17,2025-01-17,RUT-13,HORA,2.27,25745.0,58441.15,0.0,58441.15,PL-778526,0.0,0.0,,True,False,0.0,False,
LQ-202410-0011,VEH-002,2024-10-09,2024-10-09,RUT-14,HORA,7.28,33790.0,245991.2,0.0,245991.2,PL-451284,0.0,0.0,,True,False,0.0,False,
LQ-202503-0039,VEH-027,2025-03-26,2025-03-29,RUT-01,HORA_24,1.0,465648.0,465648.0,0.0,465648.0,PL-225052,0.0,0.0,TER-003,True,True,0.0,False,
LQ-202607-0128,VEH-002,2026-07-18,2026-07-18,RUT-08,HORA_24,1.0,487332.0,487332.0,0.0,487332.0,PL-827770,0.0,0.0,,True,False,0.0,False,
LQ-202508-0066,VEH-040,2025-08-16,2025-08-18,RUT-11,HORA_12,1.0,248484.0,248484.0,0.0,248484.0,PL-170603,0.0,0.0,,True,False,0.0,False,
LQ-202411-0014,VEH-040,2024-11-27,2024-11-27,RUT-07,HORA,4.23,28787.0,121769.01,0.0,121769.01,PL-223453,0.0,0.0,TER-002,True,True,0.0,False,
LQ-202510-0076,VEH-011,2025-10-01,2025-10-01,RUT-15,KILOMETRO,4875.43,4027.0,19633356.61,0.0,19633356.61,PL-534577,0.0,0.0,,True,False,0.0,True,cantidad fuera de rango
LQ-202501-0024,VEH-005,2025-01-21,2025-01-21,RUT-06,HORA,5.42,23846.0,129245.32,0.0,129245.32,PL-503575,0.0,0.0,,True,False,0.0,False,
LQ-202506-0055,VEH-015,2025-06-13,2025-06-14,RUT-01,HORA_12,1.0,308849.0,308849.0,0.0,308849.0,PL-456589,1.0,110822.0,,True,False,110822.0,False,
LQ-202410-0010,VEH-014,2024-10-24,2024-10-25,RUT-01,HORA_24,1.0,513015.0,513015.0,0.0,513015.0,PL-315780,1.0,94752.0,TER-012,True,True,94752.0,False,
LQ-202411-0017,VEH-021,2024-11-01,2024-11-01,RUT-10,HORA_12,1.0,223311.0,223311.0,0.0,223311.0,PL-616256,0.0,0.0,,True,False,0.0,False,
LQ-202606-0119,VEH-018,2026-06-14,2026-06-14,RUT-13,HORA,7.57,37775.0,285956.75,4.55,272945.72,,0.0,0.0,TER-012,False,True,0.0,False,
LQ-202604-0111,VEH-023,2026-04-08,2026-04-08,RUT-10,KILOMETRO,261.25,4489.0,1172751.25,0.0,1172751.25,PL-828614,0.0,0.0,,True,False,0.0,False,
LQ-202410-0009,VEH-038,2024-10-19,2024-10-20,RUT-12,HORA_12,1.0,290750.0,290750.0,0.0,290750.0,PL-823975,0.0,0.0,,True,False,0.0,False,
LQ-202510-0073,VEH-019,2025-10-27,2025-10-29,RUT-09,HORA_12,1.0,310760.0,310760.0,0.0,310760.0,PL-534055,0.0,0.0,,True,False,0.0,False,
LQ-202412-0022,VEH-037,2024-12-23,2024-12-23,RUT-04,HORA,4.96,26865.0,133250.4,0.0,133250.4,PL-484795,3.0,73920.0,TER-001,True,True,221760.0,False,
LQ-202510-0073,VEH-035,2025-10-10,2025-10-11,RUT-01,HORA_24,1.0,505724.0,505724.0,0.0,505724.0,PL-932505,1.0,104832.0,,True,False,104832.0,False,
LQ-202507-0061,VEH-038,2025-07-27,2025-07-29,RUT-13,HORA_24,1.0,467728.0,467728.0,0.0,467728.0,PL-430378,0.0,0.0,,True,False,0.0,False,
LQ-202606-0118,VEH-024,2026-06-07,2026-06-10,RUT-10,HORA_12,1.0,303606.0,303606.0,7.89,279651.49,PL-769516,0.0,0.0,,True,False,0.0,False,
LQ-202412-0023,VEH-028,2024-12-07,2024-12-10,RUT-14,HORA_12,1.0,198142.0,198142.0,0.0,198142.0,PL-871939,0.0,0.0,,True,False,0.0,False,
LQ-202512-0084,VEH-006,2025-12-28,2025-12-31,RUT-15,HORA_24,1.0,356100.0,356100.0,0.0,356100.0,PL-744149,0.0,0.0,TER-009,True,True,0.0,False,
LQ-202503-0040,VEH-038,2025-03-03,2025-03-05,RUT-05,HORA_24,1.0,420289.0,420289.0,2.41,410160.04,PL-229431,2.0,97604.0,TER-005,True,True,195208.0,False,
LQ-202512-0084,VEH-028,2025-12-05,2025-12-07,RUT-06,HORA_24,1.0,387115.0,387115.0,4.33,370352.92,,0.0,0.0,,False,False,0.0,False,
LQ-202601-0090,VEH-018,2026-01-17,2026-01-18,RUT-12,HORA_24,1.0,337292.0,337292.0,0.0,337292.0,PL-139172,0.0,0.0,TER-006,True,True,0.0,False,
LQ-202602-0101,VEH-024,2026-02-06,2026-02-06,RUT-05,HORA,9.06,27307.0,247401.42,1.38,243987.28,PL-702127,0.0,0.0,,True,False,0.0,False,
LQ-202502-0030,VEH-022,2025-02-08,2025-02-11,RUT-12,HORA_12,1.0,238659.0,238659.0,0.0,238659.0,PL-946485,0.0,0.0,,True,False,0.0,False,
LQ-202409-0001,VEH-035,2024-09-22,2024-09-22,RUT-01,HORA,7.34,31950.0,234513.0,0.0,234513.0,PL-887352,0.0,0.0,TER-011,True,True,0.0,False,
LQ-202501-0027,VEH-023,2025-01-10,2025-01-10,RUT-15,HORA,7.8,29632.0,231129.6,0.0,231129.6,PL-797848,0.0,0.0,TER-006,True,True,0.0,False,
LQ-202501-0025,VEH-032,2025-01-16,2025-01-16,RUT-06,KILOMETRO,395.81,2935.0,1161702.35,0.0,1161702.35,PL-636256,0.0,0.0,TER-008,True,True,0.0,False,
LQ-202411-0016,VEH-015,2024-11-21,2024-11-21,RUT-10,HORA_24,1.0,439733.0,439733.0,0.0,439733.0,PL-641455,0.0,0.0,,True,False,0.0,False,
LQ-202607-0123,VEH-007,2026-07-09,2026-07-10,RUT-15,HORA_24,1.0,560510.0,560510.0,0.0,560510.0,PL-628947,0.0,0.0,,True,False,0.0,False,
LQ-202411-0013,VEH-037,2024-11-14,2024-11-14,RUT-15,KILOMETRO,284.38,3796.0,1079506.48,0.0,1079506.48,PL-738543,0.0,0.0,,True,False,0.0,False,
LQ-202512-0087,VEH-033,2025-12-26,2025-12-26,RUT-10,HORA_24,1.0,357041.0,357041.0,0.0,357041.0,PL-548003,0.0,0.0,TER-012,True,True,0.0,False,
LQ-202608-0131,VEH-002,2026-08-14,2026-08-14,RUT-04,HORA,9.88,35937.0,355057.56,0.0,355057.56,PL-312005,1.0,110064.0,,True,False,110064.0,False,
LQ-202410-0007,VEH-019,2024-10-23,2024-10-24,RUT-15,HORA_24,1.0,483773.0,483773.0,0.0,483773.0,PL-987025,0.0,0.0,TER-004,True,True,0.0,False,
LQ-202603-0105,VEH-032,2026-03-31,2026-03-31,RUT-06,HORA_24,1.0,445642.0,445642.0,2.94,432540.13,PL-749607,0.0,0.0,TER-012,True,True,0.0,False,
LQ-202411-0015,VEH-016,2024-11-28,2024-11-29,RUT-08,HORA_12,1.0,271288.0,271288.0,8.27,248852.48,PL-446968,0.0,0.0,,True,False,0.0,False,
LQ-202605-0114,VEH-002,2026-05-06,2026-05-08,RUT-03,HORA_12,1.0,299569.0,299569.0,0.0,299569.0,PL-427336,0.0,0.0,,True,False,0.0,False,
LQ-202510-0076,VEH-001,2025-10-05,2025-10-05,RUT-01,HORA,8.79,29337.0,257872.23,0.0,257872.23,PL-149538,2.0,98542.0,TER-001,True,True,197084.0,False,
LQ-202601-0092,VEH-032,2026-01-16,2026-01-16,RUT-02,HORA,4.02,26066.0,104785.32,0.0,104785.32,PL-532783,3.0,85144.0,,True,False,255432.0,False,
LQ-202604-0112,VEH-011,2026-04-22,2026-04-22,RUT-12,HORA_24,1.0,513480.0,513480.0,0.0,513480.0,PL-541857,0.0,0.0,,True,False,0.0,False,
LQ-202601-0094,VEH-028,2026-01-26,2026-01-26,RUT-13,HORA_24,1.0,400256.0,400256.0,0.0,400256.0,PL-645168,0.0,0.0,TER-010,True,True,0.0,False,
LQ-202602-0101,VEH-034,2026-02-24,2026-02-24,RUT-08,HORA,8.74,31427.0,274671.98,0.0,274671.98,PL-518520,0.0,0.0,,True,False,0.0,False,
LQ-202507-0060,VEH-007,2025-07-08,2025-07-11,RUT-08,HORA_12,1.0,284976.0,284976.0,0.0,284976.0,PL-692612,1.0,102296.0,,True,False,102296.0,False,
LQ-202506-0054,VEH-016,2025-06-22,2025-06-22,RUT-01,HORA,1.82,37058.0,67445.56,0.0,67445.56,PL-823176,0.0,0.0,,True,False,0.0,False,
LQ-202605-0117,VEH-023,2026-05-05,2026-05-08,RUT-04,HORA_24,1.0,489727.0,489727.0,0.0,489727.0,,0.0,0.0,,False,False,0.0,False,
LQ-202512-0087,VEH-003,2025-12-10,2025-12-11,RUT-13,HORA_12,1.0,187059.0,187059.0,0.0,187059.0,PL-771417,0.0,0.0,,True,False,0.0,False,
LQ-202411-0017,VEH-040,2024-11-07,2024-11-10,RUT-11,HORA_24,1.0,401997.0,401997.0,0.0,401997.0,PL-372315,0.0,0.0,TER-005,True,True,0.0,False,
LQ-202504-0046,VEH-009,2025-04-04,2025-04-07,RUT-12,HORA_24,1.0,460941.0,460941.0,0.0,460941.0,PL-702597,2.0,95727.0,,True,False,191454.0,False,
LQ-202509-0071,VEH-040,2025-09-02,2025-09-05,RUT-15,HORA_12,1.0,292820.0,292820.0,0.0,292820.0,PL-202850,0.0,0.0,,True,False,0.0,False,
LQ-202608-0132,VEH-011,2026-08-22,2026-08-24,RUT-02,HORA_24,1.0,487155.0,487155.0,0.0,487155.0,PL-723810,3.0,103460.0,,True,False,310380.0,False,
LQ-202507-0061,VEH-030,2025-07-27,2025-07-29,RUT-03,HORA_12,1.0,255314.0,255314.0,0.0,255314.0,PL-739731,0.0,0.0,,True,False,0.0,False,
LQ-202412-0019,VEH-003,2024-12-16,2024-12-19,RUT-07,HORA_24,1.0,305978.0,305978.0,0.0,305978.0,PL-528436,0.0,0.0,,True,False,0.0,True,tarifa fuera de rango
LQ-202608-0133,VEH-039,2026-08-07,2026-08-09,RUT-05,HORA_24,1.0,586856.0,586856.0,1.08,580517.96,PL-322673,1.0,110064.0,,True,False,110064.0,False,
LQ-202410-0010,VEH-012,2024-10-13,2024-10-16,RUT-10,HORA_12,1.0,256162.0,256162.0,0.0,256162.0,PL-681868,0.0,0.0,TER-005,True,True,0.0,False,
LQ-202604-0109,VEH-040,2026-04-07,2026-04-10,RUT-06,HORA_24,1.0,459213.0,459213.0,0.0,459213.0,PL-600823,0.0,0.0,,True,False,0.0,False,
LQ-202608-0129,VEH-032,2026-08-31,2026-08-31,RUT-03,HORA_12,1.0,333053.0,333053.0,0.0,333053.0,PL-585110,1.0,110064.0,,True,False,110064.0,False,
LQ-202504-0042,VEH-012,2025-04-20,2025-04-20,RUT-14,HORA_24,1.0,474342.0,474342.0,0.0,474342.0,PL-817688,0.0,0.0,,True,False,0.0,False,
LQ-202411-0013,VEH-037,2024-11-14,2024-11-17,RUT-15,HORA_24,1.0,436216.0,436216.0,0.0,436216.0,PL-955653,3.0,94080.0,TER-012,True,True,282240.0,False,
LQ-202512-0086,VEH-024,2025-12-02,2025-12-05,RUT-05,HORA_24,1.0,370520.0,370520.0,0.0,370520.0,PL-324179,0.0,0.0,TER-006,True,True,0.0,False,
LQ-202409-0003,VEH-032,2024-09-24,2024-09-24,RUT-05,HORA,14.31,30245.0,432805.95,0.0,432805.95,PL-255813,0.0,0.0,,True,False,0.0,False,
LQ-202409-0005,VEH-024,2024-09-27,2024-09-27,RUT-02,HORA_12,1.0,258487.0,258487.0,5.16,245149.07,PL-951201,3.0,98880.0,TER-001,True,True,296640.0,False,
LQ-202509-0067,VEH-039,2025-09-13,2025-09-13,RUT-07,HORA_24,1.0,505815.0,505815.0,7.57,467524.8,PL-804090,3.0,102835.0,,True,False,308505.0,False,
LQ-202604-0110,VEH-018,2026-04-21,2026-04-22,RUT-12,HORA_24,1.0,442479.0,442479.0,1.35,436505.53,PL-815970,0.0,0.0,TER-011,True,True,0.0,False,
LQ-202606-0121,VEH-018,2026-06-09,2026-06-11,RUT-04,HORA_24,1.0,585177.0,585177.0,0.0,585177.0,,3.0,115255.0,,False,False,345765.0,False,
LQ-202509-0070,VEH-009,2025-09-15,2025-09-18,RUT-05,HORA_24,1.0,457343.0,457343.0,0.0,457343.0,PL-101150,0.0,0.0,,True,False,0.0,False,
LQ-202603-0103,VEH-032,2026-03-09,2026-03-09,RUT-15,HORA_24,1.0,472652.0,472652.0,0.0,472652.0,PL-776512,0.0,0.0,TER-005,True,True,0.0,False,
LQ-202509-0067,VEH-009,2025-09-16,2025-09-16,RUT-14,HORA,11.04,32827.0,362410.08,3.62,349290.84,PL-366121,0.0,0.0,,True,False,0.0,False,
LQ-202511-0082,VEH-004,2025-11-21,2025-11-21,RUT-15,HORA,9.23,37723.0,348183.29,0.0,348183.29,PL-219036,0.0,0.0,,True,False,0.0,False,
LQ-202507-0061,VEH-036,2025-07-07,2025-07-07,RUT-13,KILOMETRO,312.43,4725.0,1476231.75,0.0,1476231.75,PL-872442,0.0,0.0,,True,False,0.0,False,
LQ-202506-0056,VEH-011,2025-06-06,2025-06-09,RUT-04,HORA_24,1.0,507324.0,507324.0,0.0,507324.0,PL-195606,0.0,0.0,,True,False,0.0,False,
LQ-202509-0071,VEH-009,2025-09-08,2025-09-09,RUT-05,HORA_12,1.0,277266.0,277266.0,0.0,277266.0,PL-855148,0.0,0.0,,True,False,0.0,False,
LQ-202409-0001,VEH-035,2024-09-07,2024-09-08,RUT-02,HORA_24,1.0,487203.0,487203.0,0.0,487203.0,PL-539898,1.0,98880.0,TER-010,True,True,98880.0,False,
LQ-202602-0099,VEH-033,2026-02-02,2026-02-02,RUT-14,HORA,4.05,31000.0,125550.0,0.0,125550.0,PL-467834,0.0,0.0,TER-012,True,True,0.0,False,
LQ-202507-0061,VEH-038,2025-07-01,2025-07-01,RUT-12,HORA_24,1.0,477072.0,477072.0,0.0,477072.0,PL-841917,0.0,0.0,TER-005,True,True,0.0,False,
LQ-202604-0108,VEH-004,2026-04-14,2026-04-14,RUT-06,HORA_24,1.0,552712.0,552712.0,0.0,552712.0,PL-945857,0.0,0.0,,True,False,0.0,False,
LQ-202605-0113,VEH-011,2026-05-24,2026-05-24,RUT-08,HORA,11.12,35696.0,396939.52,0.0,396939.52,PL-463382,0.0,0.0,TER-011,True,True,0.0,False,
LQ-202604-0109,VEH-027,2026-04-23,2026-04-24,RUT-11,HORA_12,1.0,281224.0,281224.0,0.0,281224.0,PL-374515,0.0,0.0,,True,False,0.0,False,
LQ-202503-0035,VEH-032,2025-03-12,2025-03-13,RUT-01,HORA_24,1.0,459101.0,459101.0,0.0,459101.0,PL-307140,2.0,103834.0,TER-009,True,True,207668.0,False,
LQ-202601-0091,VEH-019,2026-01-03,2026-01-03,RUT-15,HORA,3.56,23984.0,85383.04,0.83,84674.36,PL-610193,0.0,0.0,,True,False,0.0,False,
LQ-202412-0018,VEH-021,2024-12-28,2024-12-28,RUT-10,KILOMETRO,312.62,3125.0,976937.5,0.0,976937.5,PL-856027,0.0,0.0,TER-009,True,True,0.0,False,
LQ-202506-0053,VEH-017,2025-06-06,2025-06-06,RUT-08,HORA,7.34,38484.0,282472.56,0.0,282472.56,PL-338442,0.0,0.0,TER-011,True,True,0.0,False,
LQ-202604-0108,VEH-016,2026-04-21,2026-04-24,RUT-10,HORA_24,1.0,449453.0,449453.0,4.59,428823.11,PL-738015,0.0,0.0,TER-004,True,True,0.0,False,
LQ-202512-0087,VEH-022,2025-12-06,2025-12-06,RUT-02,HORA_24,1.0,320915.0,320915.0,0.0,320915.0,,0.0,0.0,TER-006,False,True,0.0,False,
LQ-202505-0050,VEH-035,2025-05-21,2025-05-21,RUT-12,KILOMETRO,391.64,4608.0,1804677.12,0.0,1804677.12,PL-286550,0.0,0.0,,True,False,0.0,False,
LQ-202602-0100,VEH-033,2026-02-03,2026-02-03,RUT-02,HORA,10.46,27084.0,283298.64,0.0,283298.64,PL-695273,0.0,0.0,,True,False,0.0,False,
LQ-202410-0007,VEH-023,2024-10-20,2024-10-21,RUT-06,HORA_12,1.0,237221.0,237221.0,0.0,237221.0,PL-518084,0.0,0.0,TER-006,True,True,0.0,False,
LQ-202501-0025,VEH-025,2025-01-17,2025-01-19,RUT-14,HORA_24,1.0,400227.0,400227.0,7.76,369169.38,PL-192744,0.0,0.0,TER-011,True,True,0.0,False,
LQ-202604-0110,VEH-029,2026-04-23,2026-04-23,RUT-04,HORA,9.59,36245.0,347589.55,6.32,325621.89,PL-241180,1.0,105910.0,TER-006,True,True,105910.0,False,
LQ-202601-0094,VEH-021,2026-01-01,2026-01-04,RUT-10,HORA_12,1.0,233381.0,233381.0,0.0,233381.0,PL-693075,0.0,0.0,,True,False,0.0,False,
LQ-202508-0064,VEH-035,2025-08-23,2025-08-24,RUT-06,HORA_24,1.0,528107.0,528107.0,0.0,528107.0,PL-313056,0.0,0.0,,True,False,0.0,False,
LQ-202607-0125,VEH-004,2026-07-25,2026-07-26,RUT-12,HORA_24,1.0,563233.0,563233.0,5.29,533437.97,PL-818936,0.0,0.0,,True,False,0.0,False,
LQ-202512-0089,VEH-038,2025-12-25,2025-12-26,RUT-08,HORA_24,1.0,358811.0,358811.0,0.0,358811.0,PL-920295,0.0,0.0,,True,False,0.0,False,
LQ-202505-0050,VEH-003,2025-05-23,2025-05-26,RUT-11,HORA_24,1.0,426630.0,426630.0,0.0,426630.0,PL-464175,0.0,0.0,,True,False,0.0,False,
LQ-202605-0116,VEH-014,2026-05-22,2026-05-25,RUT-07,HORA_24,1.0,443192.0,443192.0,0.0,443192.0,PL-150622,0.0,0.0,,True,False,0.0,False,
LQ-202608-0130,VEH-023,2026-08-25,2026-08-27,RUT-08,HORA_24,1.0,533470.0,533470.0,0.0,533470.0,PL-277951,0.0,0.0,,True,False,0.0,False,
LQ-202608-0133,VEH-010,2026-08-16,2026-08-17,RUT-10,HORA_24,1.0,573531.0,573531.0,0.0,573531.0,PL-320950,0.0,0.0,,True,False,0.0,False,
LQ-202409-0004,VEH-032,2024-09-11,2024-09-14,RUT-14,HORA_12,1.0,255541.0,255541.0,0.0,255541.0,PL-667296,0.0,0.0,TER-002,True,True,0.0,False,
LQ-202504-0042,VEH-003,2025-04-18,2025-04-21,RUT-13,HORA_24,1.0,436151.0,436151.0,0.0,436151.0,PL-974364,0.0,0.0,,True,False,0.0,False,
LQ-202507-0063,VEH-001,2025-07-22,2025-07-22,RUT-13,HORA,7.63,33395.0,254803.85,0.0,254803.85,PL-303591,0.0,0.0,,True,False,0.0,False,
LQ-202410-0009,VEH-032,2024-10-25,2024-10-28,RUT-05,HORA_12,1.0,268133.0,268133.0,0.0,268133.0,PL-583214,0.0,0.0,TER-006,True,True,0.0,False,
LQ-202409-0002,VEH-008,2024-09-15,2024-09-17,RUT-04,HORA_24,1.0,428435.0,428435.0,0.0,428435.0,PL-915573,3.0,92947.0,,True,False,278841.0,False,
LQ-202502-0034,VEH-007,2025-02-20,2025-02-20,RUT-06,KILOMETRO,214.73,3700.0,794501.0,0.0,794501.0,PL-794804,0.0,0.0,,True,False,0.0,False,
LQ-202410-0012,VEH-025,2024-10-11,2024-10-13,RUT-01,HORA_24,1.0,440875.0,440875.0,0.0,440875.0,PL-268720,1.0,94752.0,,True,False,94752.0,False,
LQ-202412-0018,VEH-014,2024-12-16,2024-12-18,RUT-05,HORA_12,1.0,208687.0,208687.0,0.0,208687.0,PL-218414,0.0,0.0,TER-007,True,True,0.0,False,
LQ-202504-0043,VEH-004,2025-04-09,2025-04-10,RUT-05,HORA_24,1.0,479900.0,479900.0,0.0,479900.0,PL-689569,0.0,0.0,,True,False,0.0,False,
LQ-202603-0102,VEH-015,2026-03-20,2026-03-21,RUT-05,HORA_12,1.0,275794.0,275794.0,0.0,275794.0,PL-428884,0.0,0.0,,True,False,0.0,False,
LQ-202511-0079,VEH-023,2025-11-06,2025-11-06,RUT-11,KILOMETRO,351.64,4464.0,1569720.96,0.0,1569720.96,PL-691880,0.0,0.0,TER-011,True,True,0.0,False,
LQ-202603-0103,VEH-018,2026-03-14,2026-03-14,RUT-02,HORA_24,1.0,507728.0,507728.0,0.0,507728.0,PL-639386,2.0,101508.0,TER-010,True,True,203016.0,False,
LQ-202608-0132,VEH-034,2026-08-30,2026-08-31,RUT-08,HORA_24,1.0,480342.0,480342.0,0.0,480342.0,PL-321376,0.0,0.0,,True,False,0.0,False,
LQ-202602-0101,VEH-032,2026-02-05,2026-02-06,RUT-09,HORA_24,1.0,423838.0,423838.0,0.0,423838.0,PL-473124,0.0,0.0,,True,False,0.0,False,
LQ-202601-0090,VEH-012,2026-01-04,2026-01-05,RUT-10,HORA_24,1.0,407725.0,407725.0,0.0,407725.0,PL-642138,0.0,0.0,,True,False,0.0,False,
LQ-202506-0056,VEH-032,2025-06-09,2025-06-12,RUT-14,HORA_12,1.0,301311.0,301311.0,0.0,301311.0,PL-724187,2.0,104173.0,TER-007,True,True,208346.0,False,
LQ-202605-0116,VEH-006,2026-05-14,2026-05-14,RUT-13,HORA_12,1.0,301738.0,301738.0,2.96,292806.56,PL-197219,0.0,0.0,,True,False,0.0,False,
LQ-202503-0040,VEH-034,2025-03-20,2025-03-20,RUT-14,HORA,7.86,33974.0,267035.64,0.0,267035.64,PL-863589,0.0,0.0,,True,False,0.0,False,
LQ-202607-0125,VEH-029,2026-07-15,2026-07-15,RUT-13,HORA_24,1.0,557733.0,557733.0,0.0,557733.0,PL-164474,0.0,0.0,TER-003,True,True,0.0,False,
LQ-202509-0070,VEH-001,2025-09-19,2025-09-19,RUT-06,KILOMETRO,414.44,4540.0,1881557.6,0.0,1881557.6,PL-805824,0.0,0.0,TER-011,True,True,0.0,False,
LQ-202411-0016,VEH-037,2024-11-16,2024-11-19,RUT-13,HORA_24,1.0,530188.0,530188.0,0.0,530188.0,PL-202463,0.0,0.0,,True,False,0.0,False,
LQ-202410-0011,VEH-025,2024-10-16,2024-10-18,RUT-13,HORA_12,1.0,243962.0,243962.0,0.0,243962.0,PL-383572,0.0,0.0,TER-006,True,True,0.0,False,
LQ-202505-0049,VEH-040,2025-05-22,2025-05-25,RUT-04,HORA_12,1.0,312415.0,312415.0,0.0,312415.0,PL-576438,3.0,107827.0,TER-012,True,True,323481.0,False,
LQ-202602-0096,VEH-030,2026-02-14,2026-02-15,RUT-01,HORA_24,1.0,464598.0,464598.0,0.0,464598.0,,3.0,98642.0,TER-006,False,True,295926.0,False,
LQ-202507-0062,VEH-010,2025-07-11,2025-07-11,RUT-07,HORA_12,1.0,292223.0,292223.0,0.0,292223.0,PL-525964,0.0,0.0,,True,False,0.0,False,
LQ-202608-0130,VEH-001,2026-08-17,2026-08-17,RUT-09,HORA,9.99,32854.0,328211.46,0.0,328211.46,PL-734397,0.0,0.0,TER-002,True,True,0.0,False,
LQ-202410-0010,VEH-018,2024-10-21,2024-10-21,RUT-02,HORA,7.27,31948.0,232261.96,0.0,232261.96,PL-187657,0.0,0.0,,True,False,0.0,False,
LQ-202607-0123,VEH-023,2026-07-19,2026-07-19,RUT-01,HORA,9.81,40459.0,396902.79,0.0,396902.79,PL-411764,0.0,0.0,,True,False,0.0,False,
LQ-202509-0070,VEH-031,2025-09-11,2025-09-11,RUT-15,HORA,5.75,31588.0,181631.0,0.0,181631.0,PL-275614,0.0,0.0,,True,False,0.0,False,
LQ-202603-0106,VEH-015,2026-03-29,2026-03-29,RUT-02,HORA,5.65,31505.0,178003.25,0.0,178003.25,PL-390701,2.0,107987.0,,True,False,215974.0,False,
LQ-202506-0054,VEH-002,2025-06-15,2025-06-16,RUT-05,HORA_24,1.0,565172.0,565172.0,0.0,565172.0,PL-599651,0.0,0.0,TER-002,True,True,0.0,False,
LQ-202502-0032,VEH-025,2025-02-27,2025-02-28,RUT-06,HORA_24,1.0,412485.0,412485.0,0.0,412485.0,PL-740479,0.0,0.0,TER-006,True,True,0.0,False,
LQ-202412-0018,VEH-033,2024-12-27,2024-12-29,RUT-05,HORA_24,1.0,373919.0,373919.0,0.0,373919.0,PL-497455,3.0,73920.0,,True,False,221760.0,False,
LQ-202411-0016,VEH-034,2024-11-05,2024-11-05,RUT-10,HORA_24,1.0,422301.0,422301.0,0.0,422301.0,PL-525151,0.0,0.0,,True,False,0.0,False,
LQ-202607-0124,VEH-018,2026-07-09,2026-07-10,RUT-08,HORA_24,1.0,492338.0,492338.0,0.0,492338.0,PL-989431,0.0,0.0,TER-008,True,True,0.0,False,
LQ-202603-0104,VEH-023,2026-03-29,2026-03-31,RUT-05,HORA_12,1.0,310785.0,310785.0,0.0,310785.0,PL-538648,0.0,0.0,,True,False,0.0,False,
LQ-202510-0077,VEH-009,2025-10-23,2025-10-23,RUT-09,HORA_24,1.0,531408.0,531408.0,4.39,508079.19,PL-413877,0.0,0.0,TER-008,True,True,0.0,False,
LQ-202502-0034,VEH-012,2025-02-25,2025-02-26,RUT-13,HORA_12,1.0,265721.0,265721.0,0.0,265721.0,PL-728204,0.0,0.0,,True,False,0.0,False,
LQ-202608-0130,VEH-023,2026-08-30,2026-08-30,RUT-06,HORA,14.13,34031.0,480858.03,0.0,480858.03,PL-845804,0.0,0.0,,True,False,0.0,False,
LQ-202608-0131,VEH-036,2026-08-28,2026-08-30,RUT-07,HORA_24,1.0,514864.0,514864.0,0.0,514864.0,PL-469925,0.0,0.0,TER-009,True,True,0.0,False,
LQ-202608-0133,VEH-009,2026-08-19,2026-08-22,RUT-03,HORA_24,13.24,562598.0,7448797.52,0.0,7448797.52,PL-192563,3.0,110064.0,TER-003,True,True,330192.0,True,cantidad fuera de rango
LQ-202504-0041,VEH-029,2025-04-12,2025-04-12,RUT-13,HORA_24,1.0,476651.0,476651.0,0.0,476651.0,PL-495972,0.0,0.0,TER-011,True,True,0.0,False,
LQ-202506-0057,VEH-022,2025-06-23,2025-06-25,RUT-02,HORA_24,1.0,493900.0,493900.0,0.0,493900.0,PL-413612,3.0,110822.0,TER-003,True,True,332466.0,False,
LQ-202501-0025,VEH-024,2025-01-05,2025-01-05,RUT-14,HORA_24,1.0,403959.0,403959.0,0.0,403959.0,PL-245766,0.0,0.0,,True,False,0.0,False,
LQ-202501-0025,VEH-020,2025-01-17,2025-01-17,RUT-10,KILOMETRO,282.45,4069.0,1149289.05,0.0,1149289.05,PL-130156,0.0,0.0,,True,False,0.0,False,
LQ-202604-0112,VEH-015,2026-04-02,2026-04-05,RUT-12,HORA_12,1.0,312789.0,312789.0,0.0,312789.0,PL-545276,1.0,105910.0,,True,False,105910.0,False,
LQ-202507-0062,VEH-025,2025-07-15,2025-07-18,RUT-03,HORA_12,1.0,283442.0,283442.0,0.0,283442.0,PL-227154,0.0,0.0,TER-008,True,True,0.0,False,
LQ-202608-0131,VEH-013,2026-08-30,2026-08-31,RUT-14,HORA_24,1.0,507695.0,507695.0,0.0,507695.0,PL-231082,0.0,0.0,,True,False,0.0,False,
LQ-202512-0087,VEH-026,2025-12-05,2025-12-05,RUT-15,HORA,8.32,22701.0,188872.32,0.0,188872.32,PL-942944,0.0,0.0,,True,False,0.0,False,
LQ-202505-0048,VEH-031,2025-05-23,2025-05-23,RUT-04,HORA_12,1.0,285279.0,285279.0,0.0,285279.0,PL-116619,0.0,0.0,,True,False,0.0,False,
LQ-202504-0044,VEH-002,2025-04-28,2025-04-30,RUT-02,HORA_24,1.0,467701.0,467701.0,0.0,467701.0,PL-448824,3.0,95727.0,,True,False,287181.0,False,
LQ-202605-0113,VEH-024,2026-05-01,2026-05-02,RUT-02,HORA_24,1.0,569900.0,569900.0,0.0,569900.0,,0.0,0.0,,False,False,0.0,False,
LQ-202606-0122,VEH-003,2026-06-14,2026-06-17,RUT-04,HORA_12,1.0,290926.0,290926.0,0.0,290926.0,PL-830466,0.0,0.0,,True,False,0.0,False,
LQ-202409-0003,VEH-034,2024-09-16,2024-09-18,RUT-12,HORA_24,1.0,423142.0,423142.0,0.0,423142.0,PL-725780,0.0,0.0,TER-002,True,True,0.0,False,
LQ-202606-0121,VEH-030,2026-06-15,2026-06-18,RUT-05,HORA_12,1.0,287812.0,287812.0,0.0,287812.0,PL-118873,1.0,115255.0,TER-007,True,True,115255.0,False,
LQ-202510-0073,VEH-013,2025-10-30,2025-10-31,RUT-04,HORA_24,1.0,471358.0,471358.0,7.23,437278.82,PL-969074,1.0,104832.0,,True,False,104832.0,False,
LQ-202409-0001,VEH-008,2024-09-12,2024-09-12,RUT-11,KILOMETRO,248.61,4126.0,1025764.86,0.0,1025764.86,PL-359947,0.0,0.0,TER-006,True,True,0.0,False,
LQ-202512-0087,VEH-034,2025-12-22,2025-12-25,RUT-08,HORA_24,1.0,335266.0,335266.0,0.0,335266.0,PL-517959,0.0,0.0,,True,False,0.0,False,
LQ-202505-0050,VEH-018,2025-05-02,2025-05-02,RUT-07,KILOMETRO,443.02,4491.0,1989602.82,0.0,1989602.82,PL-983241,0.0,0.0,,True,False,0.0,False,
LQ-202502-0030,VEH-002,2025-02-28,2025-02-28,RUT-06,HORA,8.77,25471.0,223380.67,0.0,223380.67,PL-284630,0.0,0.0,,True,False,0.0,False,
LQ-202506-0054,VEH-031,2025-06-15,2025-06-17,RUT-04,HORA_24,1.0,532778.0,532778.0,0.0,532778.0,PL-166357,0.0,0.0,,True,False,0.0,False,
LQ-202602-0101,VEH-003,2026-02-03,2026-02-03,RUT-10,HORA,12.97,34137.0,442756.89,0.0,442756.89,PL-867913,0.0,0.0,TER-004,True,True,0.0,False,
LQ-202502-0034,VEH-024,2025-02-05,2025-02-08,RUT-03,HORA_24,1.0,399560.0,399560.0,0.0,399560.0,PL-841870,3.0,89157.0,,True,False,267471.0,False,
LQ-202606-0122,VEH-018,2026-06-07,2026-06-07,RUT-15,KILOMETRO,343.25,4409.0,1513389.25,0.0,1513389.25,PL-620286,0.0,0.0,TER-007,True,True,0.0,False,
LQ-202501-0028,VEH-010,2025-01-07,2025-01-07,RUT-09,HORA,14.64,21983.0,321831.12,7.15,298820.19,PL-597013,0.0,0.0,,True,False,0.0,False,
LQ-202601-0093,VEH-015,2026-01-24,2026-01-27,RUT-13,HORA_12,1.0,194976.0,194976.0,5.75,183764.88,PL-803492,0.0,0.0,TER-009,True,True,0.0,False,
LQ-202607-0126,VEH-032,2026-07-21,2026-07-21,RUT-15,HORA,5.43,35017.0,190142.31,5.3,180064.77,PL-139409,0.0,0.0,,True,False,0.0,False,
LQ-202606-0118,VEH-038,2026-06-03,2026-06-03,RUT-13,KILOMETRO,244.07,4962.0,1211075.34,0.0,1211075.34,PL-221567,0.0,0.0,TER-007,True,True,0.0,False,
LQ-202411-0016,VEH-001,2024-11-16,2024-11-16,RUT-06,HORA,11.39,24060.0,274043.4,0.0,274043.4,PL-626214,0.0,0.0,,True,False,0.0,False,
LQ-202412-0023,VEH-003,2024-12-15,2024-12-18,RUT-09,HORA_12,1.0,179536.0,179536.0,0.0,179536.0,PL-725236,0.0,0.0,TER-008,True,True,0.0,False,
LQ-202504-0046,VEH-002,2025-04-06,2025-04-08,RUT-15,HORA_12,1.0,233939.0,233939.0,0.0,233939.0,PL-920039,0.0,0.0,,True,False,0.0,False,
LQ-202605-0114,VEH-005,2026-05-14,2026-05-16,RUT-04,HORA_12,1.0,337185.0,337185.0,0.0,337185.0,PL-477635,0.0,0.0,,True,False,0.0,False,
LQ-202608-0130,VEH-002,2026-08-21,2026-08-24,RUT-05,HORA_12,1.0,275779.0,275779.0,7.4,255371.35,PL-987560,1.0,103460.0,TER-008,True,True,103460.0,False,
LQ-202510-0078,VEH-001,2025-10-27,2025-10-29,RUT-08,HORA_24,1.0,444460.0,444460.0,0.0,444460.0,PL-377888,0.0,0.0,,True,False,0.0,False,
LQ-202508-0066,VEH-036,2025-08-23,2025-08-23,RUT-04,HORA,7.43,31293.0,232506.99,0.0,232506.99,PL-561736,3.0,99481.0,,True,False,298443.0,False,
LQ-202501-0028,VEH-002,2025-01-17,2025-01-17,RUT-14,KILOMETRO,224.85,3449.0,775507.65,0.0,775507.65,PL-564077,0.0,0.0,TER-001,True,True,0.0,False,
LQ-202601-0092,VEH-029,2026-01-13,2026-01-16,RUT-02,HORA_24,1.0,437383.0,437383.0,0.0,437383.0,PL-125208,0.0,0.0,,True,False,0.0,False,
LQ-202605-0113,VEH-030,2026-05-01,2026-05-03,RUT-07,HORA_24,1.0,499689.0,499689.0,0.0,499689.0,PL-208730,0.0,0.0,,True,False,0.0,False,
LQ-202510-0078,VEH-040,2025-10-07,2025-10-08,RUT-11,HORA_12,1.0,285565.0,285565.0,0.0,285565.0,PL-154125,0.0,0.0,TER-005,True,True,0.0,False,
LQ-202510-0076,VEH-035,2025-10-07,2025-10-07,RUT-09,HORA_12,1.0,259358.0,259358.0,0.0,259358.0,PL-677833,0.0,0.0,TER-010,True,True,0.0,False,
LQ-202502-0029,VEH-023,2025-02-01,2025-02-01,RUT-08,KILOMETRO,92.14,4115.0,379156.1,0.0,379156.1,PL-300814,2.0,94848.0,TER-010,True,True,189696.0,False,
LQ-202602-0096,VEH-028,2026-02-24,2026-02-24,RUT-12,KILOMETRO,246.78,3378.0,833622.84,0.0,833622.84,PL-369828,0.0,0.0,,True,False,0.0,False,
LQ-202603-0103,VEH-035,2026-03-18,2026-03-18,RUT-06,HORA,9.79,31585.0,309217.15,0.0,309217.15,PL-249109,0.0,0.0,,True,False,0.0,False,
LQ-202412-0022,VEH-028,2024-12-03,2024-12-06,RUT-15,HORA_12,1.0,199808.0,199808.0,0.0,199808.0,PL-825846,0.0,0.0,,True,False,0.0,False,
LQ-202607-0127,VEH-015,2026-07-06,2026-07-06,RUT-05,KILOMETRO,233.84,4510.0,1054618.4,0.0,1054618.4,PL-182914,2.0,113179.0,,True,False,226358.0,False,
LQ-202412-0021,VEH-021,2024-12-13,2024-12-16,RUT-05,HORA_24,1.0,343268.0,343268.0,0.0,343268.0,PL-414295,0.0,0.0,,True,False,0.0,False,
LQ-202412-0022,VEH-016,2024-12-15,2024-12-15,RUT-11,HORA,7.51,22754.0,170882.54,0.0,170882.54,PL-608473,0.0,0.0,TER-009,True,True,0.0,False,
LQ-202510-0073,VEH-002,2025-10-22,2025-10-25,RUT-13,HORA_12,1.0,3587460.0,3587460.0,0.0,3587460.0,PL-134256,0.0,0.0,,True,False,0.0,True,tarifa fuera de rango
LQ-202509-0070,VEH-023,2025-09-09,2025-09-09,RUT-07,KILOMETRO,360.16,3645.0,1312783.2,0.0,1312783.2,PL-849991,1.0,96665.0,,True,False,96665.0,False,
LQ-202605-0114,VEH-012,2026-05-15,2026-05-17,RUT-03,HORA_24,1.0,493139.0,493139.0,0.0,493139.0,,2.0,105412.0,,False,False,210824.0,False,
LQ-202409-0001,VEH-004,2024-09-08,2024-09-09,RUT-09,HORA_24,1.0,442091.0,442091.0,5.79,416493.93,PL-340062,0.0,0.0,TER-001,True,True,0.0,False,
LQ-202512-0085,VEH-003,2025-12-19,2025-12-20,RUT-02,HORA_12,1.0,204287.0,204287.0,0.0,204287.0,PL-299100,2.0,72264.0,TER-003,True,True,144528.0,False,
LQ-202501-0028,VEH-016,2025-01-28,2025-01-28,RUT-04,HORA_12,1.0,203518.0,203518.0,0.0,203518.0,PL-556957,0.0,0.0,,True,False,0.0,False,
LQ-202605-0117,VEH-028,2026-05-30,2026-05-30,RUT-10,HORA,13.9,37448.0,520527.2,0.0,520527.2,PL-341747,0.0,0.0,TER-005,True,True,0.0,False,
LQ-202502-0029,VEH-031,2025-02-03,2025-02-03,RUT-02,HORA,4.77,32303.0,154085.31,6.58,143946.5,PL-325217,0.0,0.0,,True,False,0.0,False,
LQ-202601-0094,VEH-029,2026-01-27,2026-01-27,RUT-09,HORA_24,1.0,407206.0,407206.0,0.0,407206.0,PL-774843,0.0,0.0,,True,False,0.0,False,
LQ-202601-0094,VEH-015,2026-01-10,2026-01-10,RUT-12,KILOMETRO,118.38,4046.0,478965.48,0.0,478965.48,PL-597413,0.0,0.0,,True,False,0.0,False,
LQ-202509-0070,VEH-015,2025-09-14,2025-09-14,RUT-13,HORA,8.1,33178.0,268741.8,0.0,268741.8,PL-984121,0.0,0.0,TER-011,True,True,0.0,False,
LQ-202608-0131,VEH-010,2026-08-17,2026-08-17,RUT-14,KILOMETRO,247.4,4797.0,1186777.8,0.0,1186777.8,PL-404579,0.0,0.0,,True,False,0.0,False,
LQ-202503-0040,VEH-040,2025-03-16,2025-03-17,RUT-01,HORA_24,1.0,437817.0,437817.0,0.0,437817.0,PL-685253,2.0,97604.0,,True,False,195208.0,False,
LQ-202411-0015,VEH-039,2024-11-15,2024-11-16,RUT-06,HORA_24,1.0,443274.0,443274.0,5.02,421021.65,PL-153325,0.0,0.0,,True,False,0.0,False,
LQ-202605-0115,VEH-034,2026-05-14,2026-05-14,RUT-06,HORA_24,1.0,452603.0,452603.0,0.0,452603.0,PL-597810,0.0,0.0,,True,False,0.0,False,
LQ-202503-0039,VEH-002,2025-03-28,2025-03-28,RUT-04,HORA,10.05,33407.0,335740.35,0.0,335740.35,PL-443450,0.0,0.0,TER-002,True,True,0.0,False,
LQ-202410-0009,VEH-018,2024-10-18,2024-10-21,RUT-09,HORA_24,1.0,535663.0,535663.0,4.65,510754.67,PL-661762,0.0,0.0,,True,False,0.0,False,
LQ-202502-0031,VEH-023,2025-02-09,2025-02-09,RUT-15,HORA,8.61,34178.0,294272.58,4.18,281971.99,PL-921169,0.0,0.0,,True,False,0.0,False,
LQ-202508-0065,VEH-029,2025-08-26,2025-08-27,RUT-11,HORA_24,1.0,448704.0,448704.0,0.0,448704.0,PL-366570,0.0,0.0,,True,False,0.0,False,
LQ-202503-0039,VEH-037,2025-03-14,2025-03-15,RUT-05,HORA_24,1.0,524885.0,524885.0,0.0,524885.0,PL-779878,0.0,0.0,TER-008,True,True,0.0,False,
LQ-202510-0074,VEH-012,2025-10-26,2025-10-26,RUT-04,HORA,5.1,31745.0,161899.5,0.0,161899.5,PL-516558,3.0,98542.0,,True,False,295626.0,False,
LQ-202412-0018,VEH-009,2024-12-01,2024-12-01,RUT-05,HORA_24,1.0,350611.0,350611.0,0.0,350611.0,PL-460589,0.0,0.0,TER-009,True,True,0.0,False,
LQ-202504-0046,VEH-016,2025-04-22,2025-04-22,RUT-08,HORA_24,1.0,458509.0,458509.0,0.0,458509.0,PL-487063,0.0,0.0,,True,False,0.0,False,
LQ-202502-0031,VEH-026,2025-02-22,2025-02-24,RUT-13,HORA_24,1.0,433974.0,433974.0,0.0,433974.0,PL-899897,0.0,0.0,,True,False,0.0,False,
LQ-202512-0088,VEH-024,2025-12-05,2025-12-07,RUT-09,HORA_12,1.0,217751.0,217751.0,0.0,217751.0,PL-961617,0.0,0.0,,True,False,0.0,False,
LQ-202512-0088,VEH-015,2025-12-04,2025-12-04,RUT-05,HORA,8.52,24752.0,210887.04,0.0,210887.04,PL-276491,3.0,76877.0,,True,False,230631.0,False,
LQ-202412-0018,VEH-011,2024-12-20,2024-12-21,RUT-12,HORA_12,1.0,199820.0,199820.0,0.0,199820.0,PL-624203,0.0,0.0,TER-010,True,True,0.0,False,
LQ-202603-0103,VEH-029,2026-03-08,2026-03-08,RUT-01,HORA,5.24,28902.0,151446.48,0.0,151446.48,PL-449522,2.0,101508.0,,True,False,203016.0,False,
LQ-202510-0078,VEH-018,2025-10-04,2025-10-04,RUT-03,HORA_12,1.0,292861.0,292861.0,0.0,292861.0,PL-879596,3.0,98542.0,,True,False,295626.0,False,
LQ-202504-0042,VEH-034,2025-04-08,2025-04-08,RUT-02,KILOMETRO,128.75,3918.0,504442.5,0.0,504442.5,PL-650705,3.0,95727.0,,True,False,287181.0,False,
LQ-202502-0031,VEH-033,2025-02-17,2025-02-19,RUT-02,HORA_24,1.0,435959.0,435959.0,0.0,435959.0,PL-146803,1.0,94848.0,,True,False,94848.0,False,
LQ-202412-0021,VEH-004,2024-12-11,2024-12-14,RUT-15,HORA_24,1.0,315270.0,315270.0,7.51,291593.22,PL-211072,3.0,69485.0,,True,False,208455.0,False,
LQ-202510-0075,VEH-002,2025-10-24,2025-10-24,RUT-10,HORA_12,1.0,295985.0,295985.0,0.0,295985.0,PL-525785,0.0,0.0,,True,False,0.0,False,
LQ-202411-0014,VEH-006,2024-11-19,2024-11-19,RUT-14,KILOMETRO,148.31,3562.0,528280.22,0.0,528280.22,PL-917392,0.0,0.0,,True,False,0.0,False,
LQ-202512-0089,VEH-018,2025-12-20,2025-12-21,RUT-10,HORA_12,1.0,211575.0,211575.0,0.0,211575.0,PL-376202,0.0,0.0,TER-006,True,True,0.0,False,
LQ-202605-0115,VEH-014,2026-05-28,2026-05-28,RUT-13,KILOMETRO,195.9,4973.0,974210.7,0.0,974210.7,PL-163362,0.0,0.0,,True,False,0.0,False,
LQ-202508-0064,VEH-036,2025-08-10,2025-08-11,RUT-13,HORA_24,1.0,481087.0,481087.0,7.24,446256.3,PL-816221,0.0,0.0,,True,False,0.0,False,
LQ-202606-0122,VEH-021,2026-06-09,2026-06-09,RUT-04,HORA,7.53,36673.0,276147.69,0.0,276147.69,PL-779240,0.0,0.0,TER-011,True,True,0.0,False,
LQ-202602-0096,VEH-027,2026-02-24,2026-02-25,RUT-06,HORA_24,1.0,497867.0,497867.0,0.0,497867.0,PL-562121,0.0,0.0,TER-002,True,True,0.0,False,
LQ-202506-0053,VEH-026,2025-06-01,2025-06-01,RUT-09,HORA,3.94,38871.0,153151.74,0.0,153151.74,PL-286644,0.0,0.0,,True,False,0.0,False,
LQ-202505-0049,VEH-020,2025-05-18,2025-05-18,RUT-02,HORA,7.84,37857.0,296798.88,0.0,296798.88,PL-574548,2.0,107827.0,,True,False,215654.0,False,
LQ-202503-0039,VEH-028,2025-03-09,2025-03-09,RUT-06,HORA_12,1.0,314975.0,314975.0,0.0,314975.0,PL-322367,0.0,0.0,TER-009,True,True,0.0,False,
LQ-202507-0062,VEH-034,2025-07-16,2025-07-17,RUT-15,HORA_12,1.0,316378.0,316378.0,5.95,297553.51,PL-540263,0.0,0.0,TER-009,True,True,0.0,False,
LQ-202410-0009,VEH-011,2024-10-05,2024-10-07,RUT-03,HORA_12,1.0,253666.0,253666.0,0.0,253666.0,PL-555791,1.0,100800.0,TER-005,True,True,100800.0,False,
LQ-202505-0049,VEH-035,2025-05-03,2025-05-03,RUT-05,HORA,7.18,35047.0,251637.46,0.0,251637.46,PL-232359,1.0,107827.0,TER-008,True,True,107827.0,False,
LQ-202507-0063,VEH-036,2025-07-01,2025-07-04,RUT-06,HORA_24,1.0,465283.0,465283.0,0.0,465283.0,PL-440133,0.0,0.0,TER-006,True,True,0.0,False,
LQ-202412-0018,VEH-035,2024-12-09,2024-12-09,RUT-03,HORA_24,1.0,367151.0,367151.0,0.0,367151.0,PL-830897,2.0,73920.0,,True,False,147840.0,False,
LQ-202510-0075,VEH-021,2025-10-07,2025-10-07,RUT-07,HORA_24,1.0,537341.0,537341.0,5.09,509990.34,PL-948940,0.0,0.0,TER-004,True,True,0.0,False,
LQ-202508-0066,VEH-004,2025-08-12,2025-08-12,RUT-01,KILOMETRO,127.15,4051.0,515084.65,0.0,515084.65,PL-338099,2.0,99481.0,,True,False,198962.0,False,
LQ-202605-0117,VEH-016,2026-05-19,2026-05-19,RUT-14,HORA,8.64,40190.0,347241.6,0.0,347241.6,PL-249239,0.0,0.0,,True,False,0.0,False,
LQ-202605-0113,VEH-013,2026-05-22,2026-05-23,RUT-09,HORA_24,1.0,542860.0,542860.0,4.61,517834.15,PL-782449,0.0,0.0,TER-009,True,True,0.0,False,
LQ-202606-0122,VEH-034,2026-06-15,2026-06-17,RUT-08,HORA_24,1.0,529836.0,529836.0,0.0,529836.0,PL-412051,0.0,0.0,,True,False,0.0,False,
LQ-202411-0013,VEH-016,2024-11-10,2024-11-10,RUT-11,KILOMETRO,423.85,3944.0,1671664.4,0.0,1671664.4,PL-159532,0.0,0.0,,True,False,0.0,False,
LQ-202511-0080,VEH-032,2025-11-16,2025-11-16,RUT-05,KILOMETRO,211.61,3806.0,805387.66,0.0,805387.66,PL-455307,1.0,91973.0,,True,False,91973.0,False,
LQ-202502-0032,VEH-039,2025-02-24,2025-02-24,RUT-13,HORA,5.78,29853.0,172550.34,0.0,172550.34,PL-608072,0.0,0.0,,True,False,0.0,False,
LQ-202602-0100,VEH-001,2026-02-23,2026-02-24,RUT-05,HORA_12,1.0,262737.0,262737.0,0.0,262737.0,PL-865455,0.0,0.0,TER-012,True,True,0.0,False,
LQ-202607-0125,VEH-026,2026-07-08,2026-07-11,RUT-02,HORA_24,1.0,548119.0,548119.0,0.0,548119.0,PL-656132,3.0,113179.0,TER-012,True,True,339537.0,False,
LQ-202411-0017,VEH-009,2024-11-26,2024-11-26,RUT-08,HORA,5.34,26952.0,143923.68,5.51,135993.49,PL-990649,0.0,0.0,,True,False,0.0,False,
LQ-202605-0116,VEH-009,2026-05-24,2026-05-27,RUT-10,HORA_24,1.0,533079.0,533079.0,0.0,533079.0,PL-975882,0.0,0.0,TER-012,True,True,0.0,False,
LQ-202602-0099,VEH-014,2026-02-05,2026-02-05,RUT-07,HORA_24,1.0,451993.0,451993.0,0.0,451993.0,PL-366054,0.0,0.0,,True,False,0.0,False,
LQ-202608-0130,VEH-011,2026-08-09,2026-08-12,RUT-01,HORA_24,1.0,486170.0,486170.0,0.0,486170.0,PL-679266,1.0,103460.0,,True,False,103460.0,False,
LQ-202603-0107,VEH-039,2026-03-14,2026-03-14,RUT-02,KILOMETRO,409.48,4647.0,1902853.56,0.0,1902853.56,PL-934252,2.0,101508.0,,True,False,203016.0,False,
LQ-202608-0130,VEH-014,2026-08-30,2026-08-31,RUT-03,HORA_24,1.0,484262.0,484262.0,0.0,484262.0,PL-513283,3.0,103460.0,,True,False,310380.0,False,
LQ-202604-0111,VEH-014,2026-04-11,2026-04-11,RUT-04,HORA,9.74,35681.0,347532.94,0.0,347532.94,PL-740914,0.0,0.0,,True,False,0.0,False,
LQ-202503-0038,VEH-001,2025-03-24,2025-03-24,RUT-12,KILOMETRO,389.87,4231.0,1649539.97,0.0,1649539.97,PL-257817,0.0,0.0,,True,False,0.0,False,
LQ-202506-0054,VEH-027,2025-06-18,2025-06-19,RUT-09,HORA_24,1.0,476205.0,476205.0,0.0,476205.0,PL-282413,0.0,0.0,,True,False,0.0,False,
LQ-202511-0081,VEH-030,2025-11-03,2025-11-05,RUT-14,HORA_24,1.0,422417.0,422417.0,0.0,422417.0,PL-804348,0.0,0.0,TER-001,True,True,0.0,False,
LQ-202603-0104,VEH-027,2026-03-25,2026-03-26,RUT-01,HORA_24,1.0,537559.0,537559.0,0.0,537559.0,PL-251325,0.0,0.0,,True,False,0.0,False,
LQ-202512-0087,VEH-032,2025-12-11,2025-12-11,RUT-03,KILOMETRO,403.05,2955.0,1191012.75,0.0,1191012.75,PL-167333,3.0,72264.0,,True,False,216792.0,False,
LQ-202506-0054,VEH-014,2025-06-19,2025-06-21,RUT-04,HORA_12,1.0,259895.0,259895.0,0.0,259895.0,PL-969885,1.0,104173.0,TER-006,True,True,104173.0,False,
LQ-202512-0088,VEH-003,2025-12-16,2025-12-16,RUT-04,KILOMETRO,437.08,3432.0,1500058.56,0.0,1500058.56,PL-842842,0.0,0.0,,True,False,0.0,False,
LQ-202511-0081,VEH-012,2025-11-09,2025-11-12,RUT-05,HORA_24,1.0,446548.0,446548.0,0.0,446548.0,PL-208596,2.0,91973.0,,True,False,183946.0,False,
LQ-202510-0075,VEH-040,2025-10-27,2025-10-30,RUT-03,HORA_12,1.0,324803.0,324803.0,0.0,324803.0,PL-391173,0.0,0.0,,True,False,0.0,False,
LQ-202508-0066,VEH-029,2025-08-28,2025-08-29,RUT-03,HORA_12,13.38,243762.0,3261535.56,0.0,3261535.56,PL-548981,1.0,99481.0,,True,False,99481.0,True,cantidad fuera de rango
LQ-202510-0074,VEH-032,2025-10-31,2025-10-31,RUT-03,HORA_12,1.0,273166.0,273166.0,0.0,273166.0,PL-597198,2.0,98542.0,,True,False,197084.0,False,
LQ-202601-0094,VEH-027,2026-01-15,2026-01-15,RUT-11,HORA,11.93,28755.0,343047.15,0.0,343047.15,PL-513042,0.0,0.0,TER-011,True,True,0.0,False,
LQ-202503-0040,VEH-037,2025-03-14,2025-03-15,RUT-14,HORA_12,1.0,261972.0,261972.0,3.78,252069.46,PL-508346,0.0,0.0,TER-005,True,True,0.0,False,
LQ-202601-0095,VEH-009,2026-01-10,2026-01-10,RUT-02,KILOMETRO,210.99,3570.0,753234.3,0.0,753234.3,PL-586534,1.0,80035.0,,True,False,80035.0,False,
LQ-202602-0097,VEH-001,2026-02-23,2026-02-23,RUT-12,HORA_24,1.0,446257.0,446257.0,0.0,446257.0,PL-578939,0.0,0.0,TER-004,True,True,0.0,False,
LQ-202607-0123,VEH-020,2026-07-25,2026-07-28,RUT-01,HORA_24,1.0,498948.0,498948.0,0.0,498948.0,PL-654010,1.0,113179.0,,True,False,113179.0,False,
LQ-202508-0065,VEH-032,2025-08-25,2025-08-25,RUT-01,HORA_12,1.0,293047.0,293047.0,0.0,293047.0,PL-798914,3.0,105830.0,,True,False,317490.0,False,
LQ-202507-0060,VEH-023,2025-07-19,2025-07-21,RUT-15,HORA_12,1.0,278357.0,278357.0,6.05,261516.4,PL-889921,0.0,0.0,,True,False,0.0,False,
LQ-202505-0051,VEH-013,2025-05-20,2025-05-20,RUT-02,HORA,6.28,29250.0,183690.0,6.26,172191.01,PL-360885,1.0,107827.0,,True,False,107827.0,False,
LQ-202504-0042,VEH-028,2025-04-30,2025-04-30,RUT-08,HORA_24,1.0,468398.0,468398.0,0.0,468398.0,PL-403343,0.0,0.0,,True,False,0.0,False,
LQ-202606-0121,VEH-028,2026-06-25,2026-06-25,RUT-12,KILOMETRO,377.15,5875.0,2215756.25,0.0,2215756.25,PL-697604,0.0,0.0,TER-001,True,True,0.0,False,
LQ-202509-0067,VEH-020,2025-09-29,2025-09-29,RUT-15,HORA,7.7,32703.0,251813.1,0.0,251813.1,PL-429779,0.0,0.0,,True,False,0.0,False,
LQ-202510-0075,VEH-014,2025-10-25,2025-10-25,RUT-05,HORA_24,1.0,519703.0,519703.0,0.0,519703.0,PL-410582,0.0,0.0,,True,False,0.0,False,
LQ-202601-0092,VEH-007,2026-01-31,2026-01-31,RUT-05,HORA_24,1.0,397227.0,397227.0,0.0,397227.0,PL-184179,0.0,0.0,,True,False,0.0,False,
LQ-202509-0071,VEH-006,2025-09-21,2025-09-21,RUT-03,KILOMETRO,395.54,4240.0,1677089.6,0.0,1677089.6,PL-789978,3.0,102835.0,,True,False,308505.0,False,
LQ-202607-0124,VEH-034,2026-07-01,2026-07-02,RUT-15,HORA_24,1.0,480295.0,480295.0,0.0,480295.0,PL-277796,0.0,0.0,,True,False,0.0,False,
LQ-202503-0036,VEH-040,2025-03-18,2025-03-18,RUT-15,KILOMETRO,291.28,3864.0,1125505.92,0.0,1125505.92,PL-409220,0.0,0.0,,True,False,0.0,False,
LQ-202602-0098,VEH-016,2026-02-17,2026-02-18,RUT-10,HORA_24,1.0,448917.0,448917.0,0.0,448917.0,,0.0,0.0,,False,False,0.0,False,
LQ-202502-0030,VEH-019,2025-02-25,2025-02-27,RUT-10,HORA_24,1.0,398894.0,398894.0,5.66,376316.6,PL-282605,1.0,89157.0,TER-005,True,True,89157.0,False,
LQ-202501-0025,VEH-001,2025-01-16,2025-01-16,RUT-01,HORA_12,1.0,216098.0,216098.0,0.0,216098.0,PL-891203,2.0,81869.0,TER-002,True,True,163738.0,False,
LQ-202506-0054,VEH-027,2025-06-13,2025-06-16,RUT-02,HORA_24,1.0,464566.0,464566.0,5.86,437342.43,PL-283524,2.0,104173.0,,True,False,208346.0,False,
LQ-202409-0001,VEH-008,2024-09-22,2024-09-22,RUT-15,HORA_12,1.0,263233.0,263233.0,0.0,263233.0,PL-212235,0.0,0.0,,True,False,0.0,False,
LQ-202411-0014,VEH-037,2024-11-06,2024-11-06,RUT-14,HORA_24,1.0,430536.0,430536.0,0.0,430536.0,PL-811346,0.0,0.0,,True,False,0.0,False,
LQ-202501-0028,VEH-011,2025-01-17,2025-01-19,RUT-02,HORA_24,1.0,359976.0,359976.0,0.0,359976.0,PL-124559,0.0,0.0,TER-009,True,True,0.0,False,
LQ-202603-0102,VEH-038,2026-03-23,2026-03-24,RUT-15,HORA_24,1.0,487426.0,487426.0,3.1,472315.79,PL-949789,0.0,0.0,,True,False,0.0,False,
LQ-202503-0038,VEH-028,2025-03-14,2025-03-16,RUT-09,HORA_24,1.0,496373.0,496373.0,0.0,496373.0,PL-491246,0.0,0.0,TER-010,True,True,0.0,False,
LQ-202503-0040,VEH-040,2025-03-31,2025-03-31,RUT-01,KILOMETRO,240.66,3624.0,872151.84,0.0,872151.84,PL-417078,1.0,97604.0,,True,False,97604.0,False,
LQ-202510-0074,VEH-021,2025-10-20,2025-10-22,RUT-10,HORA_12,1.0,261371.0,261371.0,0.0,261371.0,PL-870932,0.0,0.0,,True,False,0.0,False,
LQ-202409-0002,VEH-004,2024-09-17,2024-09-20,RUT-05,HORA_12,1.0,225001.0,225001.0,0.0,225001.0,PL-196781,0.0,0.0,,True,False,0.0,False,
LQ-202502-0030,VEH-022,2025-02-27,2025-02-27,RUT-01,KILOMETRO,219.36,3698.0,811193.28,0.0,811193.28,PL-320449,1.0,89157.0,,True,False,89157.0,False,
LQ-202502-0030,VEH-006,2025-02-09,2025-02-09,RUT-06,KILOMETRO,3384.78,3933.0,13312339.74,0.0,13312339.74,PL-409380,0.0,0.0,,True,False,0.0,True,cantidad fuera de rango
LQ-202608-0132,VEH-028,2026-08-18,2026-08-20,RUT-14,HORA_24,1.0,486026.0,486026.0,0.0,486026.0,,0.0,0.0,TER-008,False,True,0.0,False,
LQ-202504-0045,VEH-018,2025-04-05,2025-04-07,RUT-05,HORA_24,1.0,512301.0,512301.0,0.0,512301.0,PL-308902,0.0,0.0,TER-005,True,True,0.0,False,
LQ-202505-0049,VEH-008,2025-05-31,2025-05-31,RUT-05,HORA_24,1.0,522922.0,522922.0,0.0,522922.0,PL-757350,0.0,0.0,,True,False,0.0,False,
LQ-202409-0002,VEH-010,2024-09-01,2024-09-01,RUT-09,HORA,9.38,32289.0,302870.82,0.0,302870.82,PL-672092,0.0,0.0,TER-006,True,True,0.0,False,
LQ-202505-0047,VEH-001,2025-05-12,2025-05-15,RUT-04,HORA_24,1.0,488374.0,488374.0,0.0,488374.0,PL-980779,0.0,0.0,,True,False,0.0,False,
LQ-202602-0098,VEH-008,2026-02-04,2026-02-05,RUT-03,HORA_24,1.0,483255.0,483255.0,0.0,483255.0,PL-830032,1.0,98642.0,,True,False,98642.0,False,
LQ-202409-0006,VEH-009,2024-09-18,2024-09-18,RUT-05,KILOMETRO,321.5,3796.0,1220414.0,0.0,1220414.0,PL-802667,0.0,0.0,,True,False,0.0,False,
LQ-202504-0043,VEH-008,2025-04-15,2025-04-17,RUT-14,HORA_12,1.0,315121.0,315121.0,0.0,315121.0,PL-565992,0.0,0.0,,True,False,0.0,False,
LQ-202605-0117,VEH-009,2026-05-10,2026-05-13,RUT-07,HORA_24,1.0,470402.0,470402.0,0.0,470402.0,PL-213683,0.0,0.0,,True,False,0.0,False,
LQ-202601-0092,VEH-008,2026-01-10,2026-01-10,RUT-01,HORA,10.62,26873.0,285391.26,1.71,280511.07,PL-476630,1.0,85144.0,,True,False,85144.0,False,
LQ-202608-0131,VEH-029,2026-08-12,2026-08-13,RUT-05,HORA_24,1.0,547763.0,547763.0,0.0,547763.0,PL-673132,1.0,110064.0,TER-008,True,True,110064.0,False,
LQ-202602-0101,VEH-030,2026-02-05,2026-02-05,RUT-03,HORA,8.73,27927.0,243802.71,6.41,228174.96,PL-986345,0.0,0.0,TER-006,True,True,0.0,False,
LQ-202511-0083,VEH-021,2025-11-20,2025-11-20,RUT-01,KILOMETRO,455.66,4133.0,1883242.78,0.0,1883242.78,PL-605108,2.0,91973.0,,True,False,183946.0,False,
LQ-202505-0052,VEH-006,2025-05-02,2025-05-02,RUT-15,HORA,7.0,36972.0,258804.0,0.0,258804.0,PL-122508,0.0,0.0,TER-001,True,True,0.0,False,
LQ-202504-0041,VEH-038,2025-04-17,2025-04-19,RUT-11,HORA_12,1.0,284213.0,284213.0,0.0,284213.0,PL-465004,0.0,0.0,,True,False,0.0,False,
LQ-202504-0043,VEH-007,2025-04-13,2025-04-13,RUT-12,KILOMETRO,287.28,4438.0,1274948.64,0.0,1274948.64,PL-574239,0.0,0.0,TER-001,True,True,0.0,False,
LQ-202507-0061,VEH-002,2025-07-01,2025-07-01,RUT-15,HORA,11.46,31723.0,363545.58,6.47,340024.18,PL-950067,0.0,0.0,TER-002,True,True,0.0,False,
LQ-202412-0018,VEH-012,2024-12-09,2024-12-09,RUT-01,KILOMETRO,286.55,3336.0,955930.8,0.0,955930.8,PL-301528,2.0,73920.0,,True,False,147840.0,False,
LQ-202604-0109,VEH-031,2026-04-11,2026-04-12,RUT-14,HORA_12,1.0,277417.0,277417.0,0.0,277417.0,PL-790857,0.0,0.0,,True,False,0.0,False,
LQ-202507-0063,VEH-032,2025-07-20,2025-07-20,RUT-09,HORA,5.95,35078.0,208714.1,0.0,208714.1,PL-251070,0.0,0.0,,True,False,0.0,False,
LQ-202501-0028,VEH-015,2025-01-24,2025-01-25,RUT-05,HORA_24,1.0,357462.0,357462.0,0.0,357462.0,PL-716204,3.0,76957.0,,True,False,230871.0,False,
LQ-202501-0025,VEH-036,2025-01-02,2025-01-04,RUT-08,HORA_24,1.0,425667.0,425667.0,0.0,425667.0,PL-875795,0.0,0.0,,True,False,0.0,False,
LQ-202409-0005,VEH-032,2024-09-05,2024-09-05,RUT-10,HORA_24,17.92,458486.0,8216069.12,0.0,8216069.12,PL-586490,0.0,0.0,,True,False,0.0,True,cantidad fuera de rango
LQ-202409-0001,VEH-010,2024-09-01,2024-09-02,RUT-14,HORA_24,1.0,492686.0,492686.0,0.0,492686.0,PL-325772,0.0,0.0,,True,False,0.0,False,
LQ-202603-0105,VEH-007,2026-03-19,2026-03-21,RUT-08,HORA_24,1.0,501975.0,501975.0,0.0,501975.0,PL-460365,0.0,0.0,,True,False,0.0,False,
LQ-202508-0065,VEH-012,2025-08-02,2025-08-05,RUT-07,HORA_24,1.0,479102.0,479102.0,0.0,479102.0,PL-611187,0.0,0.0,TER-012,True,True,0.0,False,
LQ-202501-0027,VEH-021,2025-01-24,2025-01-25,RUT-14,HORA_24,1.0,393886.0,393886.0,0.0,393886.0,PL-938366,0.0,0.0,TER-002,True,True,0.0,False,
LQ-202512-0085,VEH-019,2025-12-13,2025-12-13,RUT-03,HORA_24,1.0,336468.0,336468.0,4.21,322302.7,PL-411941,0.0,0.0,TER-011,True,True,0.0,False,
LQ-202510-0077,VEH-038,2025-10-29,2025-10-29,RUT-08,KILOMETRO,358.69,4037.0,1448031.53,1.49,1426455.86,PL-654823,2.0,104832.0,TER-005,True,True,209664.0,False,
LQ-202601-0092,VEH-034,2026-01-19,2026-01-20,RUT-06,HORA_24,1.0,384732.0,384732.0,3.55,371074.01,PL-855458,0.0,0.0,TER-009,True,True,0.0,False,
LQ-202505-0051,VEH-001,2025-05-02,2025-05-04,RUT-09,HORA_24,1.0,560597.0,560597.0,6.88,522027.93,PL-104887,3.0,107827.0,,True,False,323481.0,False,
LQ-202506-0056,VEH-002,2025-06-22,2025-06-23,RUT-01,HORA_12,1.0,272748.0,272748.0,0.0,272748.0,PL-507759,3.0,104173.0,,True,False,312519.0,False,
LQ-202507-0061,VEH-025,2025-07-12,2025-07-14,RUT-01,HORA_24,1.0,486731.0,486731.0,0.0,486731.0,PL-865040,0.0,0.0,TER-012,True,True,0.0,False,
LQ-202502-0032,VEH-027,2025-02-16,2025-02-16,RUT-14,KILOMETRO,311.94,3661.0,1142012.34,4.31,1092791.61,PL-650462,0.0,0.0,,True,False,0.0,False,
LQ-202505-0049,VEH-037,2025-05-01,2025-05-04,RUT-06,HORA_24,1.0,564815.0,564815.0,0.0,564815.0,PL-525362,0.0,0.0,,True,False,0.0,False,
LQ-202512-0085,VEH-034,2025-12-08,2025-12-08,RUT-14,KILOMETRO,84.85,3394.0,287980.9,5.44,272314.74,PL-882275,0.0,0.0,TER-010,True,True,0.0,False,
LQ-202601-0093,VEH-030,2026-01-26,2026-01-28,RUT-03,HORA_24,1.0,377433.0,377433.0,0.0,377433.0,PL-287453,0.0,0.0,,True,False,0.0,False,
LQ-202409-0002,VEH-011,2024-09-22,2024-09-23,RUT-08,HORA_12,1.0,260715.0,260715.0,0.0,260715.0,PL-790855,0.0,0.0,TER-009,True,True,0.0,False,
LQ-202506-0057,VEH-033,2025-06-30,2025-06-30,RUT-01,HORA_12,1.0,318839.0,318839.0,6.08,299453.59,PL-274006,2.0,110822.0,TER-002,True,True,221644.0,False,
LQ-202507-0061,VEH-006,2025-07-29,2025-07-30,RUT-05,HORA_24,1.0,487589.0,487589.0,0.0,487589.0,PL-479025,0.0,0.0,,True,False,0.0,False,
LQ-202604-0109,VEH-009,2026-04-05,2026-04-05,RUT-03,HORA_24,1.0,415110.0,415110.0,0.0,415110.0,PL-122010,1.0,99556.0,,True,False,99556.0,False,
LQ-202511-0079,VEH-017,2025-11-14,2025-11-17,RUT-12,HORA_24,1.0,472529.0,472529.0,0.0,472529.0,PL-427215,0.0,0.0,,True,False,0.0,False,
LQ-202512-0087,VEH-031,2025-12-15,2025-12-15,RUT-11,HORA_24,1.0,324431.0,324431.0,0.0,324431.0,PL-988736,0.0,0.0,,True,False,0.0,False,
LQ-202603-0102,VEH-030,2026-03-20,2026-03-20,RUT-04,HORA_24,1.0,469010.0,469010.0,3.95,450484.1,PL-998913,3.0,107987.0,,True,False,323961.0,False,
LQ-202603-0104,VEH-034,2026-03-23,2026-03-23,RUT-11,KILOMETRO,330.73,5010.0,1656957.3,0.0,1656957.3,PL-238639,0.0,0.0,,True,False,0.0,False,
LQ-202501-0026,VEH-038,2025-01-20,2025-01-20,RUT-04,HORA_24,1.0,371405.0,371405.0,0.0,371405.0,PL-453200,0.0,0.0,TER-010,True,True,0.0,False,
LQ-202608-0131,VEH-023,2026-08-02,2026-08-05,RUT-01,HORA_24,1.0,519635.0,519635.0,0.0,519635.0,PL-640723,2.0,110064.0,,True,False,220128.0,False,
LQ-202504-0044,VEH-014,2025-04-21,2025-04-21,RUT-10,KILOMETRO,189.96,4155.0,789283.8,0.0,789283.8,PL-941811,0.0,0.0,,True,False,0.0,False,
LQ-202501-0028,VEH-009,2025-01-13,2025-01-13,RUT-11,KILOMETRO,285.19,3491.0,995598.29,0.0,995598.29,PL-114549,0.0,0.0,TER-001,True,True,0.0,False,
LQ-202602-0096,VEH-021,2026-02-13,2026-02-13,RUT-05,HORA_24,1.0,434421.0,434421.0,0.0,434421.0,PL-970795,1.0,98642.0,,True,False,98642.0,False,
LQ-202505-0051,VEH-004,2025-05-10,2025-05-13,RUT-07,HORA_12,1.0,317335.0,317335.0,0.0,317335.0,PL-653176,0.0,0.0,,True,False,0.0,False,
LQ-202505-0051,VEH-032,2025-05-12,2025-05-13,RUT-05,HORA_24,1.0,509135.0,509135.0,0.0,509135.0,PL-195142,0.0,0.0,TER-007,True,True,0.0,False,
LQ-202501-0024,VEH-019,2025-01-18,2025-01-20,RUT-12,HORA_24,1.0,374098.0,374098.0,0.0,374098.0,PL-890795,0.0,0.0,,True,False,0.0,False,
LQ-202511-0081,VEH-006,2025-11-22,2025-11-23,RUT-01,HORA_24,1.0,445270.0,445270.0,0.0,445270.0,PL-443274,0.0,0.0,,True,False,0.0,False,
LQ-202509-0071,VEH-024,2025-09-06,2025-09-06,RUT-08,KILOMETRO,270.23,4008.0,1083081.84,0.0,1083081.84,PL-657453,0.0,0.0,TER-004,True,True,0.0,False,
LQ-202507-0059,VEH-014,2025-07-03,2025-07-03,RUT-12,HORA,5.05,32142.0,162317.1,0.0,162317.1,PL-389982,0.0,0.0,,True,False,0.0,False,
LQ-202502-0034,VEH-024,2025-02-02,2025-02-02,RUT-13,HORA_24,1.0,385669.0,385669.0,0.0,385669.0,PL-670873,0.0,0.0,TER-011,True,True,0.0,False,
LQ-202608-0130,VEH-037,2026-08-18,2026-08-19,RUT-01,HORA_24,1.0,497857.0,497857.0,2.98,483020.86,PL-478904,1.0,103460.0,TER-010,True,True,103460.0,False,
LQ-202504-0042,VEH-030,2025-04-09,2025-04-10,RUT-14,HORA_12,1.0,246716.0,246716.0,0.0,246716.0,PL-138801,1.0,95727.0,,True,False,95727.0,False,
LQ-202504-0046,VEH-021,2025-04-12,2025-04-12,RUT-13,HORA_24,1.0,431398.0,431398.0,0.0,431398.0,PL-626704,0.0,0.0,,True,False,0.0,False,
LQ-202501-0025,VEH-039,2025-01-03,2025-01-03,RUT-03,KILOMETRO,435.05,3670.0,1596633.5,0.0,1596633.5,PL-985029,1.0,81869.0,,True,False,81869.0,False,
LQ-202606-0118,VEH-036,2026-06-27,2026-06-30,RUT-10,HORA_24,1.0,493868.0,493868.0,0.0,493868.0,PL-926960,0.0,0.0,,True,False,0.0,False,
LQ-202607-0128,VEH-002,2026-07-08,2026-07-10,RUT-12,HORA_24,1.0,490820.0,490820.0,0.0,490820.0,PL-622852,0.0,0.0,,True,False,0.0,False,
LQ-202508-0065,VEH-006,2025-08-12,2025-08-13,RUT-10,HORA_24,1.0,414826.0,414826.0,0.0,414826.0,PL-928497,0.0,0.0,,True,False,0.0,False,
LQ-202605-0115,VEH-009,2026-05-22,2026-05-22,RUT-07,KILOMETRO,270.8,4554.0,1233223.2,0.0,1233223.2,,0.0,0.0,TER-012,False,True,0.0,False,
LQ-202509-0070,VEH-037,2025-09-04,2025-09-04,RUT-14,HORA_24,1.0,468964.0,468964.0,6.29,439466.16,PL-141768,0.0,0.0,,True,False,0.0,False,
LQ-202502-0029,VEH-013,2025-02-26,2025-02-26,RUT-11,HORA_24,1.0,463652.0,463652.0,0.0,463652.0,PL-213253,0.0,0.0,TER-010,True,True,0.0,False,
LQ-202601-0094,VEH-009,2026-01-04,2026-01-07,RUT-14,HORA_12,1.0,240665.0,240665.0,0.0,240665.0,PL-790174,0.0,0.0,,True,False,0.0,False,
LQ-202410-0012,VEH-019,2024-10-05,2024-10-05,RUT-08,HORA_12,1.0,292049.0,292049.0,0.0,292049.0,PL-963918,0.0,0.0,,True,False,0.0,False,
LQ-202511-0082,VEH-007,2025-11-06,2025-11-06,RUT-01,HORA,4.8,32855.0,157704.0,1.06,156032.34,PL-692492,3.0,97843.0,,True,False,293529.0,False,
LQ-202608-0134,VEH-033,2026-08-20,2026-08-23,RUT-05,HORA_24,1.0,530126.0,530126.0,2.05,519258.42,PL-515084,2.0,103460.0,TER-009,True,True,206920.0,False,
LQ-202601-0092,VEH-038,2026-01-31,2026-01-31,RUT-06,HORA_24,1.0,379771.0,379771.0,0.0,379771.0,PL-699958,0.0,0.0,,True,False,0.0,False,
LQ-202412-0022,VEH-010,2024-12-03,2024-12-03,RUT-06,HORA,6.75,23886.0,161230.5,0.0,161230.5,PL-978302,0.0,0.0,,True,False,0.0,False,
LQ-202411-0013,VEH-008,2024-11-11,2024-11-13,RUT-15,HORA_24,1.0,416518.0,416518.0,0.0,416518.0,PL-593393,0.0,0.0,TER-011,True,True,0.0,False,
LQ-202410-0009,VEH-025,2024-10-18,2024-10-18,RUT-06,HORA_24,1.0,492804.0,492804.0,0.0,492804.0,PL-112940,0.0,0.0,TER-007,True,True,0.0,False,
LQ-202608-0134,VEH-022,2026-08-03,2026-08-03,RUT-12,KILOMETRO,237.44,4628.0,1098872.32,0.0,1098872.32,PL-983839,0.0,0.0,,True,False,0.0,False,
LQ-202605-0114,VEH-034,2026-05-04,2026-05-05,RUT-01,HORA_12,1.0,318459.0,318459.0,0.0,318459.0,PL-400252,0.0,0.0,,True,False,0.0,False,
LQ-202507-0063,VEH-007,2025-07-27,2025-07-28,RUT-13,HORA_12,1.0,257256.0,257256.0,0.0,257256.0,PL-872848,0.0,0.0,TER-002,True,True,0.0,False,
LQ-202604-0108,VEH-006,2026-04-08,2026-04-08,RUT-07,KILOMETRO,357.5,4837.0,1729227.5,3.35,1671298.38,PL-128062,0.0,0.0,,True,False,0.0,False,
LQ-202503-0037,VEH-011,2025-03-10,2025-03-10,RUT-09,KILOMETRO,188.07,53800.0,10118166.0,0.0,10118166.0,PL-385031,0.0,0.0,,True,False,0.0,True,tarifa fuera de rango
LQ-202508-0064,VEH-003,2025-08-24,2025-08-24,RUT-13,HORA_24,1.0,508487.0,508487.0,0.0,508487.0,PL-378199,0.0,0.0,,True,False,0.0,False,
LQ-202511-0082,VEH-028,2025-11-06,2025-11-06,RUT-08,HORA,7.41,33123.0,245441.43,0.0,245441.43,PL-353405,0.0,0.0,,True,False,0.0,False,
LQ-202605-0117,VEH-035,2026-05-08,2026-05-09,RUT-04,HORA_24,1.0,511412.0,511412.0,0.0,511412.0,PL-950078,0.0,0.0,,True,False,0.0,False,
LQ-202410-0010,VEH-037,2024-10-21,2024-10-21,RUT-03,HORA,4.27,32904.0,140500.08,0.0,140500.08,PL-108886,3.0,94752.0,,True,False,284256.0,False,
LQ-202601-0093,VEH-032,2026-01-23,2026-01-23,RUT-14,HORA_12,1.0,234769.0,234769.0,0.0,234769.0,PL-858161,0.0,0.0,,True,False,0.0,False,
LQ-202601-0091,VEH-012,2026-01-27,2026-01-29,RUT-05,HORA_24,1.0,394414.0,394414.0,0.0,394414.0,,0.0,0.0,,False,False,0.0,False,
LQ-202410-0008,VEH-014,2024-10-17,2024-10-17,RUT-09,KILOMETRO,444.31,3662.0,1627063.22,0.0,1627063.22,PL-446305,0.0,0.0,,True,False,0.0,False,
LQ-202510-0075,VEH-035,2025-10-07,2025-10-07,RUT-06,KILOMETRO,177.09,5174.0,916263.66,0.0,916263.66,PL-212006,0.0,0.0,,True,False,0.0,False,
LQ-202606-0119,VEH-003,2026-06-26,2026-06-28,RUT-11,HORA_24,1.0,537421.0,537421.0,0.0,537421.0,PL-534079,0.0,0.0,,True,False,0.0,False,
LQ-202506-0056,VEH-027,2025-06-15,2025-06-16,RUT-07,HORA_12,1.0,284611.0,284611.0,0.0,284611.0,PL-847031,0.0,0.0,,True,False,0.0,False,
LQ-202410-0009,VEH-038,2024-10-08,2024-10-09,RUT-14,HORA_24,1.0,464522.0,464522.0,1.4,458018.69,PL-707275,0.0,0.0,,True,False,0.0,False,
LQ-202412-0022,VEH-040,2024-12-25,2024-12-27,RUT-14,HORA_12,1.0,220440.0,220440.0,0.0,220440.0,PL-192742,0.0,0.0,TER-011,True,True,0.0,False,
LQ-202412-0023,VEH-022,2024-12-05,2024-12-05,RUT-05,HORA_12,1.0,201309.0,201309.0,0.0,201309.0,PL-330533,1.0,69485.0,,True,False,69485.0,False,
LQ-202410-0008,VEH-024,2024-10-19,2024-10-19,RUT-05,KILOMETRO,242.6,4280.0,1038328.0,0.0,1038328.0,PL-826420,3.0,94752.0,TER-011,True,True,284256.0,False,
LQ-202410-0010,VEH-001,2024-10-27,2024-10-30,RUT-06,HORA_24,1.0,467979.0,467979.0,0.0,467979.0,PL-608149,0.0,0.0,TER-007,True,True,0.0,False,
LQ-202411-0015,VEH-019,2024-11-09,2024-11-09,RUT-11,KILOMETRO,445.07,4549.0,2024623.43,0.0,2024623.43,PL-313910,0.0,0.0,,True,False,0.0,False,
LQ-202507-0063,VEH-011,2025-07-24,2025-07-24,RUT-03,HORA_12,1.0,294587.0,294587.0,0.0,294587.0,PL-486750,0.0,0.0,TER-002,True,True,0.0,False,
LQ-202502-0029,VEH-017,2025-02-26,2025-02-26,RUT-10,HORA,3.44,24059.0,82762.96,0.0,82762.96,PL-359159,0.0,0.0,TER-004,True,True,0.0,False,
LQ-202602-0096,VEH-017,2026-02-04,2026-02-06,RUT-02,HORA_12,1.0,254712.0,254712.0,0.0,254712.0,PL-303510,2.0,98642.0,,True,False,197284.0,False,
LQ-202501-0026,VEH-028,2025-01-22,2025-01-24,RUT-09,HORA_24,1.0,314546.0,314546.0,0.0,314546.0,PL-241021,0.0,0.0,,True,False,0.0,False,
LQ-202507-0061,VEH-040,2025-07-02,2025-07-05,RUT-08,HORA_24,1.0,472989.0,472989.0,0.0,472989.0,PL-685380,0.0,0.0,,True,False,0.0,False,
LQ-202607-0126,VEH-039,2026-07-13,2026-07-16,RUT-11,HORA_24,1.0,503440.0,503440.0,0.0,503440.0,PL-206725,0.0,0.0,,True,False,0.0,False,
LQ-202504-0041,VEH-005,2025-04-25,2025-04-25,RUT-06,KILOMETRO,303.95,4661.0,1416710.95,0.0,1416710.95,PL-457261,0.0,0.0,TER-012,True,True,0.0,False,
LQ-202506-0057,VEH-031,2025-06-20,2025-06-20,RUT-06,HORA,8.85,36081.0,319316.85,0.0,319316.85,PL-370620,0.0,0.0,,True,False,0.0,False,
LQ-202604-0111,VEH-036,2026-04-17,2026-04-17,RUT-03,KILOMETRO,389.49,3985.0,1552117.65,0.0,1552117.65,PL-744632,0.0,0.0,,True,False,0.0,False,
LQ-202410-0008,VEH-004,2024-10-03,2024-10-03,RUT-08,HORA,10.13,30080.0,304710.4,0.0,304710.4,PL-575458,0.0,0.0,TER-007,True,True,0.0,False,
LQ-202510-0076,VEH-027,2025-10-06,2025-10-06,RUT-06,HORA_12,1.0,271774.0,271774.0,0.0,271774.0,PL-795804,0.0,0.0,,True,False,0.0,False,
LQ-202411-0017,VEH-021,2024-11-03,2024-11-03,RUT-06,HORA,7.41,29558.0,219024.78,0.0,219024.78,PL-470711,0.0,0.0,TER-010,True,True,0.0,False,
LQ-202412-0023,VEH-013,2024-12-21,2024-12-23,RUT-02,HORA_12,1.0,190741.0,190741.0,0.0,190741.0,PL-223215,1.0,69485.0,,True,False,69485.0,False,
LQ-202410-0010,VEH-012,2024-10-31,2024-10-31,RUT-07,HORA_24,1.0,431104.0,431104.0,0.0,431104.0,PL-295440,0.0,0.0,,True,False,0.0,False,
LQ-202601-0090,VEH-007,2026-01-16,2026-01-16,RUT-07,HORA,8.44,28550.0,240962.0,0.0,240962.0,,0.0,0.0,,False,False,0.0,False,
LQ-202503-0036,VEH-033,2025-03-07,2025-03-10,RUT-12,HORA_24,1.0,477899.0,477899.0,0.0,477899.0,PL-178628,0.0,0.0,TER-009,True,True,0.0,False,
LQ-202504-0046,VEH-026,2025-04-30,2025-04-30,RUT-06,HORA,9.15,25656.0,234752.4,0.0,234752.4,PL-123470,0.0,0.0,TER-012,True,True,0.0,False,
LQ-202409-0001,VEH-010,2024-09-28,2024-09-30,RUT-02,HORA_12,1.0,290237.0,290237.0,0.0,290237.0,PL-492077,1.0,98880.0,,True,False,98880.0,False,
LQ-202512-0085,VEH-035,2025-12-02,2025-12-02,RUT-03,HORA_24,1.0,355976.0,355976.0,0.0,355976.0,PL-979855,0.0,0.0,,True,False,0.0,False,
LQ-202502-0029,VEH-003,2025-02-17,2025-02-17,RUT-12,HORA_24,1.0,407096.0,407096.0,0.0,407096.0,PL-882758,0.0,0.0,TER-009,True,True,0.0,False,
LQ-202601-0092,VEH-016,2026-01-08,2026-01-11,RUT-12,HORA_24,1.0,353952.0,353952.0,0.0,353952.0,PL-697476,0.0,0.0,,True,False,0.0,False,
LQ-202603-0107,VEH-015,2026-03-25,2026-03-26,RUT-11,HORA_12,1.0,296661.0,296661.0,0.0,296661.0,PL-374552,0.0,0.0,TER-002,True,True,0.0,False,
LQ-202511-0079,VEH-019,2025-11-21,2025-11-22,RUT-03,HORA_24,1.0,445222.0,445222.0,0.0,445222.0,PL-101183,0.0,0.0,TER-007,True,True,0.0,False,
LQ-202607-0124,VEH-022,2026-07-04,2026-07-05,RUT-08,HORA_12,1.0,292955.0,292955.0,0.0,292955.0,PL-131323,0.0,0.0,,True,False,0.0,False,
LQ-202410-0011,VEH-037,2024-10-17,2024-10-18,RUT-02,HORA_24,1.0,495603.0,495603.0,0.0,495603.0,PL-165308,3.0,100800.0,,True,False,302400.0,False,
LQ-202608-0133,VEH-016,2026-08-06,2026-08-09,RUT-02,HORA_24,1.0,563286.0,563286.0,0.0,563286.0,PL-708276,3.0,110064.0,TER-010,True,True,330192.0,False,
LQ-202409-0006,VEH-020,2024-09-20,2024-09-23,RUT-12,HORA_12,1.0,255605.0,255605.0,0.0,255605.0,PL-227767,0.0,0.0,TER-007,True,True,0.0,False,
LQ-202601-0092,VEH-007,2026-01-29,2026-01-30,RUT-06,HORA_24,1.0,360791.0,360791.0,0.0,360791.0,PL-203139,0.0,0.0,,True,False,0.0,False,
LQ-202601-0092,VEH-010,2026-01-06,2026-01-06,RUT-11,HORA,11.36,28786.0,327008.96,0.0,327008.96,PL-289772,0.0,0.0,TER-003,True,True,0.0,False,
LQ-202503-0038,VEH-027,2025-03-28,2025-03-28,RUT-08,KILOMETRO,176.3,4048.0,713662.4,0.0,713662.4,PL-375568,0.0,0.0,,True,False,0.0,False,
LQ-202512-0088,VEH-002,2025-12-17,2025-12-17,RUT-06,HORA,8.65,26188.0,226526.2,0.0,226526.2,PL-591408,0.0,0.0,TER-005,True,True,0.0,False,
LQ-202601-0094,VEH-006,2026-01-26,2026-01-26,RUT-06,HORA,10.67,21622.0,230706.74,3.56,222493.58,,0.0,0.0,TER-005,False,True,0.0,False,
LQ-202503-0035,VEH-034,2025-03-07,2025-03-07,RUT-10,HORA_24,1.0,487681.0,487681.0,0.0,487681.0,PL-421331,0.0,0.0,,True,False,0.0,False,
LQ-202509-0070,VEH-035,2025-09-22,2025-09-22,RUT-14,KILOMETRO,352.77,4478.0,1579704.06,5.26,1496611.63,PL-682783,0.0,0.0,,True,False,0.0,False,
LQ-202511-0083,VEH-027,2025-11-08,2025-11-11,RUT-10,HORA_24,1.0,445978.0,445978.0,0.0,445978.0,PL-122300,0.0,0.0,,True,False,0.0,False,
LQ-202601-0093,VEH-021,2026-01-06,2026-01-09,RUT-04,HORA_24,1.0,342581.0,342581.0,2.19,335078.48,PL-129448,0.0,0.0,,True,False,0.0,False,
LQ-202503-0037,VEH-021,2025-03-15,2025-03-15,RUT-03,KILOMETRO,234.98,4915.0,1154926.7,0.0,1154926.7,PL-491835,0.0,0.0,TER-007,True,True,0.0,False,
LQ-202605-0113,VEH-015,2026-05-16,2026-05-17,RUT-10,HORA_12,1.0,292032.0,292032.0,0.0,292032.0,PL-837494,0.0,0.0,,True,False,0.0,False,
LQ-202412-0018,VEH-028,2024-12-08,2024-12-08,RUT-09,KILOMETRO,326.83,3340.0,1091612.2,0.0,1091612.2,PL-439121,0.0,0.0,,True,False,0.0,False,
LQ-202504-0046,VEH-009,2025-04-14,2025-04-15,RUT-07,HORA_24,1.0,468904.0,468904.0,0.0,468904.0,PL-739323,0.0,0.0,,True,False,0.0,False,
LQ-202410-0012,VEH-018,2024-10-02,2024-10-04,RUT-08,HORA_24,1.0,442200.0,442200.0,0.0,442200.0,PL-691655,0.0,0.0,TER-012,True,True,0.0,False,
LQ-202601-0093,VEH-013,2026-01-29,2026-01-29,RUT-06,HORA,14.02,22442.0,314636.84,4.01,302019.9,PL-406925,0.0,0.0,,True,False,0.0,False,
LQ-202502-0029,VEH-027,2025-02-23,2025-02-23,RUT-01,HORA_24,1.0,455660.0,455660.0,0.0,455660.0,PL-439966,1.0,94848.0,TER-002,True,True,94848.0,False,
LQ-202510-0075,VEH-001,2025-10-11,2025-10-13,RUT-03,HORA_12,1.0,285204.0,285204.0,0.0,285204.0,PL-901108,2.0,104832.0,,True,False,209664.0,False,
LQ-202602-0101,VEH-015,2026-02-01,2026-02-04,RUT-09,HORA_12,1.0,260169.0,260169.0,0.0,260169.0,PL-602928,0.0,0.0,,True,False,0.0,False,
LQ-202511-0082,VEH-026,2025-11-15,2025-11-15,RUT-01,HORA,6.4,32195.0,206048.0,0.0,206048.0,PL-428263,0.0,0.0,,True,False,0.0,False,
LQ-202606-0120,VEH-009,2026-06-15,2026-06-17,RUT-08,HORA_24,1.0,504104.0,504104.0,0.0,504104.0,,0.0,0.0,TER-012,False,True,0.0,False,
LQ-202412-0022,VEH-029,2024-12-21,2024-12-23,RUT-02,HORA_24,1.0,295199.0,295199.0,0.0,295199.0,PL-871043,0.0,0.0,TER-001,True,True,0.0,True,tarifa fuera de rango
LQ-202501-0026,VEH-033,2025-01-11,2025-01-12,RUT-09,HORA_24,1.0,357782.0,357782.0,0.0,357782.0,PL-575244,0.0,0.0,,True,False,0.0,False,
LQ-202505-0048,VEH-037,2025-05-11,2025-05-14,RUT-13,HORA_12,1.0,258127.0,258127.0,0.0,258127.0,PL-471872,0.0,0.0,,True,False,0.0,False,
LQ-202608-0131,VEH-038,2026-08-31,2026-08-31,RUT-05,KILOMETRO,50.69,4637.0,235049.53,1.61,231265.23,PL-571876,1.0,110064.0,,True,False,110064.0,False,
LQ-202606-0120,VEH-037,2026-06-05,2026-06-06,RUT-09,HORA_24,1.0,558699.0,558699.0,3.82,537356.7,,0.0,0.0,,False,False,0.0,False,
LQ-202409-0004,VEH-031,2024-09-05,2024-09-08,RUT-01,HORA_24,1.0,473883.0,473883.0,0.0,473883.0,PL-570050,0.0,0.0,,True,False,0.0,False,
LQ-202412-0019,VEH-034,2024-12-05,2024-12-05,RUT-14,HORA,7.51,23440.0,176034.4,0.0,176034.4,PL-241822,0.0,0.0,,True,False,0.0,False,
LQ-202410-0010,VEH-018,2024-10-21,2024-10-21,RUT-15,KILOMETRO,213.64,50473.0,10783051.72,0.0,10783051.72,PL-197874,0.0,0.0,,True,False,0.0,True,tarifa fuera de rango
LQ-202410-0012,VEH-022,2024-10-11,2024-10-12,RUT-06,HORA_24,1.0,516577.0,516577.0,0.0,516577.0,PL-568325,0.0,0.0,TER-004,True,True,0.0,False,
LQ-202605-0117,VEH-034,2026-05-01,2026-05-04,RUT-06,HORA_24,1.0,492118.0,492118.0,0.0,492118.0,PL-524449,0.0,0.0,,True,False,0.0,False,
LQ-202602-0097,VEH-033,2026-02-23,2026-02-24,RUT-09,HORA_12,1.0,245691.0,245691.0,0.0,245691.0,PL-200934,0.0,0.0,TER-004,True,True,0.0,False,
LQ-202506-0058,VEH-017,2025-06-03,2025-06-05,RUT-09,HORA_12,1.0,319093.0,319093.0,0.0,319093.0,PL-265039,0.0,0.0,,True,False,0.0,False,
LQ-202410-0012,VEH-035,2024-10-16,2024-10-19,RUT-07,HORA_24,1.0,436802.0,436802.0,0.0,436802.0,PL-506351,0.0,0.0,TER-007,True,True,0.0,False,
LQ-202412-0022,VEH-038,2024-12-13,2024-12-16,RUT-10,HORA_24,1.0,333253.0,333253.0,0.0,333253.0,PL-907924,0.0,0.0,TER-006,True,True,0.0,False,
LQ-202502-0032,VEH-025,2025-02-27,2025-02-28,RUT-11,HORA_12,1.0,225027.0,225027.0,4.28,215395.84,PL-516983,0.0,0.0,,True,False,0.0,False,
LQ-202607-0124,VEH-039,2026-07-02,2026-07-02,RUT-08,HORA,5.04,32692.0,164767.68,6.62,153860.06,PL-185481,0.0,0.0,,True,False,0.0,False,
LQ-202409-0002,VEH-012,2024-09-01,2024-09-01,RUT-06,HORA,6.13,30897.0,189398.61,0.0,189398.61,PL-708792,0.0,0.0,,True,False,0.0,False,
LQ-202505-0049,VEH-007,2025-05-23,2025-05-26,RUT-15,HORA_12,1.0,316407.0,316407.0,0.0,316407.0,PL-192875,0.0,0.0,,True,False,0.0,False,
LQ-202608-0132,VEH-030,2026-08-05,2026-08-05,RUT-14,HORA,11.84,31894.0,377624.96,0.0,377624.96,PL-266561,0.0,0.0,TER-003,True,True,0.0,False,
LQ-202608-0133,VEH-025,2026-08-10,2026-08-12,RUT-03,HORA_24,1.0,495092.0,495092.0,0.0,495092.0,PL-737079,0.0,0.0,,True,False,0.0,False,
LQ-202503-0035,VEH-013,2025-03-24,2025-03-27,RUT-06,HORA_24,1.0,440669.0,440669.0,5.13,418062.68,PL-216041,0.0,0.0,TER-001,True,True,0.0,False,
LQ-202510-0078,VEH-031,2025-10-07,2025-10-10,RUT-02,HORA_24,1.0,528316.0,528316.0,0.0,528316.0,PL-179241,0.0,0.0,,True,False,0.0,False,
LQ-202503-0039,VEH-018,2025-03-14,2025-03-14,RUT-08,KILOMETRO,111.83,4601.0,514529.83,0.0,514529.83,PL-955524,0.0,0.0,,True,False,0.0,False,
LQ-202603-0102,VEH-028,2026-03-27,2026-03-27,RUT-11,HORA,1.3,35265.0,45844.5,0.0,45844.5,PL-663130,0.0,0.0,,True,False,0.0,False,
LQ-202601-0092,VEH-011,2026-01-14,2026-01-14,RUT-13,HORA_12,1.0,224383.0,224383.0,0.0,224383.0,PL-680674,0.0,0.0,TER-012,True,True,0.0,False,
LQ-202510-0075,VEH-036,2025-10-03,2025-10-06,RUT-05,HORA_24,1.0,505656.0,505656.0,0.0,505656.0,PL-104034,1.0,104832.0,,True,False,104832.0,False,
LQ-202505-0047,VEH-032,2025-05-22,2025-05-22,RUT-13,KILOMETRO,71.91,3984.0,286489.44,0.0,286489.44,PL-361982,0.0,0.0,TER-010,True,True,0.0,False,
LQ-202506-0055,VEH-009,2025-06-15,2025-06-15,RUT-07,KILOMETRO,207.29,4868.0,1009087.72,0.0,1009087.72,PL-602651,0.0,0.0,,True,False,0.0,False,
LQ-202603-0103,VEH-032,2026-03-06,2026-03-09,RUT-14,HORA_24,1.0,468692.0,468692.0,6.04,440383.0,PL-928079,0.0,0.0,,True,False,0.0,False,
LQ-202506-0057,VEH-036,2025-06-25,2025-06-28,RUT-08,HORA_24,1.0,538323.0,538323.0,0.0,538323.0,PL-864060,0.0,0.0,,True,False,0.0,False,
LQ-202410-0010,VEH-009,2024-10-04,2024-10-04,RUT-13,HORA_24,1.0,451745.0,451745.0,0.0,451745.0,PL-501312,0.0,0.0,,True,False,0.0,False,
LQ-202410-0007,VEH-021,2024-10-08,2024-10-08,RUT-07,HORA,9.39,28757.0,270028.23,0.0,270028.23,PL-705748,0.0,0.0,,True,False,0.0,False,
LQ-202504-0042,VEH-008,2025-04-05,2025-04-07,RUT-11,HORA_12,1.0,271741.0,271741.0,0.0,271741.0,PL-185465,0.0,0.0,,True,False,0.0,False,
LQ-202409-0001,VEH-008,2024-09-17,2024-09-17,RUT-03,KILOMETRO,329.01,4004.0,1317356.04,0.0,1317356.04,PL-260265,0.0,0.0,,True,False,0.0,False,
LQ-202505-0048,VEH-028,2025-05-27,2025-05-30,RUT-10,HORA_24,1.0,479298.0,479298.0,5.7,451978.01,PL-257805,0.0,0.0,TER-004,True,True,0.0,False,
LQ-202602-0099,VEH-031,2026-02-15,2026-02-15,RUT-08,KILOMETRO,333.05,4145.0,1380492.25,0.0,1380492.25,PL-151141,0.0,0.0,,True,False,0.0,False,
LQ-202601-0095,VEH-039,2026-01-21,2026-01-23,RUT-13,HORA_12,1.0,216662.0,216662.0,0.0,216662.0,PL-485329,0.0,0.0,,True,False,0.0,False,
LQ-202601-0092,VEH-003,2026-01-29,2026-01-31,RUT-03,HORA_24,1.0,429226.0,429226.0,0.0,429226.0,PL-387211,1.0,85144.0,TER-012,True,True,85144.0,False,
LQ-202512-0088,VEH-035,2025-12-11,2025-12-11,RUT-07,HORA,8.9,27400.0,243860.0,0.0,243860.0,PL-758177,0.0,0.0,,True,False,0.0,False,
LQ-202603-0103,VEH-003,2026-03-21,2026-03-24,RUT-02,HORA_12,1.0,286981.0,286981.0,0.0,286981.0,PL-395634,1.0,101508.0,,True,False,101508.0,False,
LQ-202509-0072,VEH-015,2025-09-03,2025-09-04,RUT-04,HORA_12,1.0,258835.0,258835.0,0.0,258835.0,PL-183784,0.0,0.0,,True,False,0.0,False,
LQ-202511-0080,VEH-032,2025-11-14,2025-11-14,RUT-09,HORA,9.26,32215.0,298310.9,5.42,282142.45,PL-249188,0.0,0.0,TER-012,True,True,0.0,False,
LQ-202512-0089,VEH-015,2025-12-06,2025-12-07,RUT-03,HORA_24,1.0,320334.0,320334.0,0.0,320334.0,PL-169315,1.0,72264.0,TER-006,True,True,72264.0,False,
LQ-202409-0003,VEH-016,2024-09-16,2024-09-16,RUT-12,HORA_24,1.0,493902.0,493902.0,3.45,476862.38,PL-844261,0.0,0.0,TER-009,True,True,0.0,False,
LQ-202604-0110,VEH-002,2026-04-12,2026-04-12,RUT-06,HORA,11.13,36948.0,411231.24,0.0,411231.24,PL-119210,0.0,0.0,,True,False,0.0,False,
LQ-202409-0006,VEH-009,2024-09-07,2024-09-09,RUT-03,HORA_24,1.0,444749.0,444749.0,0.0,444749.0,PL-262471,1.0,92947.0,TER-002,True,True,92947.0,False,
LQ-202409-0004,VEH-010,2024-09-26,2024-09-29,RUT-15,HORA_12,1.0,245211.0,245211.0,0.0,245211.0,PL-619389,0.0,0.0,,True,False,0.0,False,
LQ-202603-0107,VEH-040,2026-03-04,2026-03-04,RUT-14,HORA,10.5,33283.0,349471.5,0.0,349471.5,PL-231276,0.0,0.0,,True,False,0.0,False,
LQ-202605-0113,VEH-028,2026-05-15,2026-05-17,RUT-11,HORA_12,1.0,327882.0,327882.0,0.0,327882.0,PL-436898,0.0,0.0,,True,False,0.0,False,
LQ-202603-0107,VEH-034,2026-03-19,2026-03-19,RUT-09,HORA_12,1.0,279385.0,279385.0,0.0,279385.0,PL-992171,0.0,0.0,,True,False,0.0,False,
LQ-202607-0124,VEH-037,2026-07-09,2026-07-09,RUT-15,HORA_24,1.0,472845.0,472845.0,0.0,472845.0,PL-457479,0.0,0.0,,True,False,0.0,False,
LQ-202603-0104,VEH-038,2026-03-10,2026-03-10,RUT-14,HORA,9.32,30005.0,279646.6,0.0,279646.6,,3.0,107987.0,,False,False,323961.0,False,
LQ-202603-0102,VEH-034,2026-03-04,2026-03-07,RUT-09,HORA_24,1.0,564561.0,564561.0,0.0,564561.0,PL-910981,0.0,0.0,,True,False,0.0,False,
LQ-202605-0115,VEH-007,2026-05-12,2026-05-13,RUT-13,HORA_24,1.0,453801.0,453801.0,0.0,453801.0,PL-808942,0.0,0.0,,True,False,0.0,False,
LQ-202606-0119,VEH-025,2026-06-28,2026-06-28,RUT-02,HORA,5.38,38202.0,205526.76,3.04,199278.75,PL-764027,0.0,0.0,TER-007,True,True,0.0,False,
LQ-202607-0127,VEH-020,2026-07-24,2026-07-24,RUT-11,HORA,7.14,34345.0,245223.3,0.0,245223.3,PL-807521,0.0,0.0,,True,False,0.0,False,
LQ-202502-0032,VEH-011,2025-02-17,2025-02-17,RUT-02,KILOMETRO,451.44,4258.0,1922231.52,0.0,1922231.52,PL-970055,0.0,0.0,,True,False,0.0,False,
LQ-202603-0107,VEH-004,2026-03-05,2026-03-05,RUT-11,HORA_12,1.0,280099.0,280099.0,0.0,280099.0,PL-245223,0.0,0.0,,True,False,0.0,False,
LQ-202512-0085,VEH-001,2025-12-02,2025-12-02,RUT-01,HORA,4.25,21233.0,90240.25,0.0,90240.25,PL-851644,0.0,0.0,,True,False,0.0,False,
LQ-202508-0066,VEH-018,2025-08-27,2025-08-27,RUT-13,HORA_24,1.0,460319.0,460319.0,0.0,460319.0,PL-886931,0.0,0.0,,True,False,0.0,False,
LQ-202505-0048,VEH-023,2025-05-10,2025-05-11,RUT-04,HORA_12,1.0,268815.0,268815.0,0.0,268815.0,PL-128622,1.0,101358.0,TER-008,True,True,101358.0,False,
LQ-202409-0005,VEH-033,2024-09-05,2024-09-05,RUT-03,HORA,3.38,29508.0,99737.04,0.0,99737.04,PL-685864,0.0,0.0,,True,False,0.0,False,
LQ-202509-0070,VEH-025,2025-09-20,2025-09-20,RUT-12,HORA,13.26,32891.0,436134.66,0.0,436134.66,PL-738222,0.0,0.0,,True,False,0.0,False,
LQ-202411-0015,VEH-012,2024-11-25,2024-11-25,RUT-04,HORA,3.33,30740.0,102364.2,0.0,102364.2,PL-815819,2.0,94080.0,TER-003,True,True,188160.0,False,
LQ-202604-0109,VEH-008,2026-04-24,2026-04-24,RUT-09,HORA,6.61,35753.0,236327.33,0.0,236327.33,PL-604042,0.0,0.0,,True,False,0.0,False,
LQ-202605-0114,VEH-017,2026-05-22,2026-05-22,RUT-06,HORA_12,1.0,282062.0,282062.0,0.0,282062.0,PL-495184,0.0,0.0,,True,False,0.0,False,
LQ-202603-0104,VEH-017,2026-03-01,2026-03-02,RUT-11,HORA_24,1.0,503364.0,503364.0,0.0,503364.0,PL-818569,0.0,0.0,,True,False,0.0,False,
LQ-202506-0056,VEH-032,2025-06-03,2025-06-03,RUT-01,KILOMETRO,515.44,4198.0,2163817.12,0.0,2163817.12,PL-576851,0.0,0.0,,True,False,0.0,False,
LQ-202412-0023,VEH-010,2024-12-19,2024-12-20,RUT-07,HORA_24,1.0,366349.0,366349.0,0.0,366349.0,PL-701568,0.0,0.0,,True,False,0.0,False,
LQ-202506-0057,VEH-009,2025-06-02,2025-06-05,RUT-15,HORA_12,1.0,361341.0,361341.0,0.0,361341.0,PL-353677,1.0,110822.0,,True,False,110822.0,True,tarifa fuera de rango
LQ-202603-0106,VEH-028,2026-03-22,2026-03-23,RUT-14,HORA_12,1.0,324660.0,324660.0,9.73,293070.58,PL-425295,0.0,0.0,TER-003,True,True,0.0,False,
LQ-202608-0131,VEH-024,2026-08-22,2026-08-25,RUT-15,HORA_24,1.0,526983.0,526983.0,0.0,526983.0,PL-658784,0.0,0.0,,True,False,0.0,False,
LQ-202410-0012,VEH-014,2024-10-15,2024-10-16,RUT-13,HORA_24,1.0,497190.0,497190.0,0.0,497190.0,PL-947732,0.0,0.0,TER-001,True,True,0.0,False,
LQ-202501-0024,VEH-005,2025-01-12,2025-01-14,RUT-01,HORA_12,1.0,240319.0,240319.0,0.0,240319.0,PL-687997,0.0,0.0,,True,False,0.0,False,
LQ-202512-0084,VEH-001,2025-12-29,2025-12-29,RUT-03,HORA,4.47,31521.0,140898.87,0.0,140898.87,PL-309414,2.0,76877.0,,True,False,153754.0,False,
LQ-202511-0083,VEH-030,2025-11-01,2025-11-01,RUT-06,HORA,1.94,32962.0,63946.28,7.67,59041.6,PL-281890,0.0,0.0,TER-007,True,True,0.0,False,
LQ-202602-0101,VEH-009,2026-02-27,2026-02-27,RUT-02,KILOMETRO,358.24,3625.0,1298620.0,0.0,1298620.0,,2.0,92723.0,,False,False,185446.0,False,
LQ-202409-0003,VEH-032,2024-09-22,2024-09-22,RUT-06,HORA_24,1.0,451535.0,451535.0,0.0,451535.0,PL-402218,0.0,0.0,,True,False,0.0,False,
LQ-202504-0042,VEH-021,2025-04-05,2025-04-05,RUT-15,HORA_24,1.0,431329.0,431329.0,2.52,420459.51,PL-635608,0.0,0.0,,True,False,0.0,False,
LQ-202606-0122,VEH-006,2026-06-16,2026-06-16,RUT-01,HORA,10.08,37703.0,380046.24,0.0,380046.24,PL-468834,2.0,108340.0,TER-007,True,True,216680.0,False,
LQ-202512-0086,VEH-029,2025-12-18,2025-12-18,RUT-05,HORA,3.2,26071.0,83427.2,0.0,83427.2,PL-771452,2.0,76877.0,TER-007,True,True,153754.0,False,
LQ-202512-0088,VEH-018,2025-12-22,2025-12-24,RUT-02,HORA_24,1.0,333777.0,333777.0,5.85,314251.05,PL-820094,0.0,0.0,,True,False,0.0,False,
LQ-202409-0006,VEH-005,2024-09-12,2024-09-14,RUT-07,HORA_24,1.0,484454.0,484454.0,0.0,484454.0,PL-461551,0.0,0.0,TER-011,True,True,0.0,False,
LQ-202602-0101,VEH-036,2026-02-21,2026-02-23,RUT-15,HORA_12,1.0,227038.0,227038.0,0.0,227038.0,,0.0,0.0,,False,False,0.0,False,
LQ-202606-0121,VEH-023,2026-06-17,2026-06-19,RUT-02,HORA_12,1.0,283818.0,283818.0,0.0,283818.0,PL-202842,0.0,0.0,TER-005,True,True,0.0,False,
LQ-202508-0064,VEH-010,2025-08-19,2025-08-22,RUT-11,HORA_24,1.0,492807.0,492807.0,3.71,474523.86,PL-517143,0.0,0.0,TER-003,True,True,0.0,False,
LQ-202604-0108,VEH-007,2026-04-10,2026-04-13,RUT-02,HORA_24,1.0,533554.0,533554.0,0.0,533554.0,PL-375435,1.0,105910.0,,True,False,105910.0,False,
LQ-202409-0005,VEH-021,2024-09-15,2024-09-17,RUT-07,HORA_24,1.0,6580135.0,6580135.0,0.0,6580135.0,PL-914571,0.0,0.0,,True,False,0.0,True,tarifa fuera de rango
LQ-202409-0001,VEH-036,2024-09-26,2024-09-29,RUT-13,HORA_24,1.0,468925.0,468925.0,0.0,468925.0,PL-794022,0.0,0.0,,True,False,0.0,False,
LQ-202603-0104,VEH-020,2026-03-03,2026-03-03,RUT-12,HORA,0.5,34827.0,17413.5,0.0,17413.5,PL-694945,0.0,0.0,,True,False,0.0,False,
LQ-202602-0101,VEH-033,2026-02-11,2026-02-11,RUT-10,HORA_24,1.0,449562.0,449562.0,0.0,449562.0,PL-864073,1.0,92723.0,,True,False,92723.0,False,
LQ-202412-0021,VEH-009,2024-12-29,2024-12-31,RUT-12,HORA_24,1.0,339603.0,339603.0,0.0,339603.0,PL-188776,0.0,0.0,TER-007,True,True,0.0,False,
LQ-202512-0088,VEH-038,2025-12-15,2025-12-18,RUT-13,HORA_24,1.0,341826.0,341826.0,0.0,341826.0,PL-650325,0.0,0.0,TER-009,True,True,0.0,False,
LQ-202504-0043,VEH-005,2025-04-28,2025-04-28,RUT-09,HORA_12,1.0,279590.0,279590.0,0.0,279590.0,PL-493935,0.0,0.0,TER-001,True,True,0.0,False,
LQ-202507-0059,VEH-028,2025-07-12,2025-07-12,RUT-11,KILOMETRO,283.48,4856.0,1376578.88,2.95,1335969.8,PL-208600,0.0,0.0,,True,False,0.0,False,
LQ-202608-0130,VEH-002,2026-08-15,2026-08-15,RUT-02,KILOMETRO,386.46,4227.0,1633566.42,0.0,1633566.42,PL-307304,0.0,0.0,TER-001,True,True,0.0,False,
LQ-202603-0105,VEH-029,2026-03-12,2026-03-13,RUT-02,HORA_24,1.0,449943.0,449943.0,0.0,449943.0,PL-365145,0.0,0.0,TER-001,True,True,0.0,False,
LQ-202505-0051,VEH-010,2025-05-28,2025-05-28,RUT-12,KILOMETRO,326.44,4004.0,1307065.76,0.0,1307065.76,PL-953919,0.0,0.0,,True,False,0.0,False,
LQ-202605-0115,VEH-005,2026-05-31,2026-05-31,RUT-09,HORA_24,1.0,502561.0,502561.0,0.0,502561.0,PL-706491,0.0,0.0,,True,False,0.0,False,
LQ-202412-0022,VEH-033,2024-12-20,2024-12-20,RUT-12,HORA_24,1.0,326725.0,326725.0,0.0,326725.0,PL-180595,0.0,0.0,,True,False,0.0,False,
LQ-202601-0092,VEH-039,2026-01-30,2026-01-31,RUT-04,HORA_24,1.0,394786.0,394786.0,7.2,366361.41,PL-426703,1.0,85144.0,TER-001,True,True,85144.0,False,
LQ-202601-0091,VEH-005,2026-01-13,2026-01-15,RUT-08,HORA_12,1.0,216918.0,216918.0,0.0,216918.0,PL-350444,0.0,0.0,,True,False,0.0,False,
LQ-202506-0054,VEH-020,2025-06-14,2025-06-16,RUT-04,HORA_24,1.0,461786.0,461786.0,4.01,443268.38,PL-907868,1.0,104173.0,TER-002,True,True,104173.0,False,
LQ-202601-0091,VEH-015,2026-01-15,2026-01-15,RUT-07,HORA_24,1.0,356222.0,356222.0,0.0,356222.0,PL-329062,0.0,0.0,,True,False,0.0,False,
LQ-202411-0014,VEH-009,2024-11-12,2024-11-12,RUT-13,HORA_12,1.0,237494.0,237494.0,0.0,237494.0,PL-606545,0.0,0.0,,True,False,0.0,False,
LQ-202512-0088,VEH-025,2025-12-02,2025-12-04,RUT-10,HORA_24,1.0,351263.0,351263.0,0.0,351263.0,PL-275791,0.0,0.0,,True,False,0.0,False,
LQ-202508-0064,VEH-012,2025-08-26,2025-08-27,RUT-08,HORA_24,1.0,533763.0,533763.0,0.0,533763.0,PL-978560,0.0,0.0,,True,False,0.0,False,
LQ-202603-0107,VEH-019,2026-03-25,2026-03-25,RUT-04,HORA_24,1.0,520887.0,520887.0,6.12,489008.72,PL-334253,0.0,0.0,,True,False,0.0,False,
LQ-202509-0072,VEH-037,2025-09-09,2025-09-12,RUT-12,HORA_24,1.0,432865.0,432865.0,3.03,419749.19,PL-176253,0.0,0.0,,True,False,0.0,False,
LQ-202412-0018,VEH-004,2024-12-01,2024-12-01,RUT-15,HORA,8.21,25490.0,209272.9,0.0,209272.9,PL-419588,0.0,0.0,,True,False,0.0,False,
LQ-202409-0006,VEH-039,2024-09-13,2024-09-15,RUT-11,HORA_24,1.0,494371.0,494371.0,0.0,494371.0,PL-257677,0.0,0.0,,True,False,0.0,False,
LQ-202412-0022,VEH-003,2024-12-02,2024-12-03,RUT-02,HORA_24,1.0,342551.0,342551.0,0.0,342551.0,PL-354471,3.0,73920.0,,True,False,221760.0,False,
LQ-202604-0112,VEH-014,2026-04-22,2026-04-22,RUT-06,HORA_24,1.0,437539.0,437539.0,0.0,437539.0,PL-365133,3.0,105910.0,,True,False,317730.0,False,
LQ-202508-0065,VEH-024,2025-08-19,2025-08-19,RUT-08,KILOMETRO,570.14,4801.0,2737242.14,0.0,2737242.14,PL-543745,0.0,0.0,,True,False,0.0,True,cantidad fuera de rango
LQ-202607-0127,VEH-020,2026-07-04,2026-07-04,RUT-15,HORA,11.9,35901.0,427221.9,4.05,409919.41,PL-459268,0.0,0.0,TER-004,True,True,0.0,False,
LQ-202505-0051,VEH-014,2025-05-30,2025-05-30,RUT-11,HORA,8.42,29792.0,250848.64,0.0,250848.64,PL-860123,0.0,0.0,,True,False,0.0,False,
LQ-202412-0018,VEH-013,2024-12-26,2024-12-28,RUT-09,HORA_24,1.0,352602.0,352602.0,0.0,352602.0,PL-122390,0.0,0.0,,True,False,0.0,False,
LQ-202504-0044,VEH-018,2025-04-03,2025-04-04,RUT-09,HORA_12,1.0,219890.0,219890.0,0.0,219890.0,PL-845902,0.0,0.0,TER-007,True,True,0.0,False,
LQ-202601-0093,VEH-010,2026-01-05,2026-01-05,RUT-09,HORA_12,1.0,210097.0,210097.0,0.0,210097.0,PL-911777,0.0,0.0,TER-008,True,True,0.0,False,
LQ-202506-0054,VEH-021,2025-06-27,2025-06-28,RUT-03,HORA_12,1.0,272422.0,272422.0,0.0,272422.0,PL-372988,1.0,104173.0,,True,False,104173.0,False,
LQ-202601-0094,VEH-022,2026-01-12,2026-01-13,RUT-07,HORA_24,1.0,438028.0,438028.0,0.0,438028.0,PL-726915,0.0,0.0,,True,False,0.0,False,
LQ-202604-0112,VEH-004,2026-04-15,2026-04-18,RUT-11,HORA_12,1.0,282700.0,282700.0,0.0,282700.0,PL-430885,0.0,0.0,TER-009,True,True,0.0,False,
LQ-202601-0092,VEH-018,2026-01-27,2026-01-30,RUT-11,HORA_24,1.0,408362.0,408362.0,0.0,408362.0,PL-943272,0.0,0.0,,True,False,0.0,False,
LQ-202606-0121,VEH-034,2026-06-07,2026-06-07,RUT-08,HORA_24,1.0,479741.0,479741.0,0.0,479741.0,PL-328949,0.0,0.0,,True,False,0.0,False,
LQ-202504-0043,VEH-035,2025-04-18,2025-04-20,RUT-07,HORA_24,1.0,453747.0,453747.0,0.0,453747.0,PL-631201,0.0,0.0,TER-001,True,True,0.0,False,
LQ-202508-0065,VEH-005,2025-08-19,2025-08-21,RUT-12,HORA_24,1.0,477485.0,477485.0,0.0,477485.0,PL-432048,0.0,0.0,,True,False,0.0,False,
LQ-202509-0067,VEH-003,2025-09-27,2025-09-27,RUT-08,HORA_12,1.0,255636.0,255636.0,0.0,255636.0,PL-557086,0.0,0.0,,True,False,0.0,False,
LQ-202607-0128,VEH-033,2026-07-19,2026-07-19,RUT-12,KILOMETRO,423.98,5081.0,2154242.38,0.0,2154242.38,PL-651166,0.0,0.0,,True,False,0.0,False,
LQ-202604-0111,VEH-008,2026-04-18,2026-04-18,RUT-15,HORA_24,1.0,467163.0,467163.0,0.0,467163.0,PL-977416,0.0,0.0,,True,False,0.0,False,
LQ-202602-0098,VEH-020,2026-02-24,2026-02-25,RUT-09,HORA_12,1.0,268220.0,268220.0,0.0,268220.0,PL-807312,0.0,0.0,,True,False,0.0,False,
LQ-202511-0083,VEH-002,2025-11-23,2025-11-26,RUT-07,HORA_24,1.0,438519.0,438519.0,0.0,438519.0,PL-875585,0.0,0.0,,True,False,0.0,False,
LQ-202602-0097,VEH-039,2026-02-28,2026-02-28,RUT-06,HORA_24,1.0,379263.0,379263.0,0.0,379263.0,PL-436216,0.0,0.0,TER-004,True,True,0.0,False,
LQ-202607-0124,VEH-021,2026-07-07,2026-07-10,RUT-02,HORA_12,1.0,256480.0,256480.0,0.0,256480.0,PL-619855,3.0,106388.0,,True,False,319164.0,False,
LQ-202411-0014,VEH-039,2024-11-21,2024-11-23,RUT-15,HORA_24,1.0,376055.0,376055.0,0.0,376055.0,PL-150290,0.0,0.0,,True,False,0.0,False,
LQ-202603-0102,VEH-011,2026-03-11,2026-03-13,RUT-08,HORA_12,1.0,321012.0,321012.0,0.0,321012.0,PL-505041,0.0,0.0,TER-005,True,True,0.0,False,
LQ-202508-0064,VEH-037,2025-08-31,2025-08-31,RUT-13,HORA_12,1.0,317935.0,317935.0,0.0,317935.0,PL-559664,0.0,0.0,,True,False,0.0,False,
LQ-202511-0079,VEH-037,2025-11-09,2025-11-12,RUT-04,HORA_24,1.0,486060.0,486060.0,0.0,486060.0,PL-736705,2.0,97843.0,,True,False,195686.0,False,
LQ-202504-0041,VEH-019,2025-04-30,2025-04-30,RUT-05,HORA_24,1.0,505347.0,505347.0,0.0,505347.0,PL-178409,1.0,101837.0,,True,False,101837.0,False,
LQ-202506-0056,VEH-011,2025-06-28,2025-06-28,RUT-05,HORA,12.08,38043.0,459559.44,0.0,459559.44,PL-645792,2.0,104173.0,TER-002,True,True,208346.0,False,
LQ-202504-0042,VEH-027,2025-04-03,2025-04-03,RUT-08,HORA_24,1.0,421472.0,421472.0,0.0,421472.0,PL-727203,0.0,0.0,,True,False,0.0,False,
LQ-202410-0008,VEH-031,2024-10-01,2024-10-02,RUT-03,HORA_12,1.0,230723.0,230723.0,0.0,230723.0,PL-600641,0.0,0.0,,True,False,0.0,False,
LQ-202511-0080,VEH-003,2025-11-04,2025-11-06,RUT-09,HORA_12,1.0,240130.0,240130.0,0.0,240130.0,PL-899462,0.0,0.0,,True,False,0.0,False,
LQ-202411-0016,VEH-031,2024-11-29,2024-11-30,RUT-01,HORA_12,1.0,240880.0,240880.0,0.0,240880.0,PL-605065,3.0,94080.0,TER-007,True,True,282240.0,False,
LQ-202511-0080,VEH-003,2025-11-19,2025-11-19,RUT-14,HORA_24,1.0,448192.0,448192.0,4.86,426409.87,PL-113847,0.0,0.0,TER-008,True,True,0.0,False,
LQ-202602-0097,VEH-032,2026-02-18,2026-02-18,RUT-08,KILOMETRO,289.59,4174.0,1208748.66,0.0,1208748.66,PL-317551,2.0,92723.0,,True,False,185446.0,False,
LQ-202512-0085,VEH-036,2025-12-02,2025-12-02,RUT-08,HORA,12.07,23447.0,283005.29,0.0,283005.29,PL-606428,0.0,0.0,,True,False,0.0,False,
LQ-202412-0023,VEH-001,2024-12-06,2024-12-06,RUT-13,HORA_12,1.0,176634.0,176634.0,0.0,176634.0,PL-288128,0.0,0.0,,True,False,0.0,False,
LQ-202608-0130,VEH-026,2026-08-12,2026-08-12,RUT-03,HORA_24,1.0,543619.0,543619.0,0.0,543619.0,PL-911442,1.0,103460.0,TER-003,True,True,103460.0,False,
LQ-202508-0065,VEH-033,2025-08-09,2025-08-10,RUT-10,HORA_12,1.0,303200.0,303200.0,0.0,303200.0,PL-257744,0.0,0.0,,True,False,0.0,False,
LQ-202511-0083,VEH-011,2025-11-17,2025-11-20,RUT-04,HORA_24,1.0,428099.0,428099.0,0.0,428099.0,PL-476371,1.0,91973.0,,True,False,91973.0,False,
LQ-202512-0085,VEH-039,2025-12-18,2025-12-18,RUT-02,KILOMETRO,281.54,3027.0,852221.58,0.0,852221.58,PL-926762,1.0,72264.0,,True,False,72264.0,False,
LQ-202412-0018,VEH-010,2024-12-17,2024-12-17,RUT-04,HORA,8.57,18388.0,157585.16,0.0,157585.16,PL-742818,0.0,0.0,TER-007,True,True,0.0,True,tarifa fuera de rango
LQ-202504-0041,VEH-013,2025-04-21,2025-04-21,RUT-05,KILOMETRO,119.65,4991.0,597173.15,5.04,567075.62,PL-450791,2.0,101837.0,,True,False,203674.0,False,
LQ-202504-0043,VEH-008,2025-04-04,2025-04-05,RUT-12,HORA_24,1.0,496688.0,496688.0,0.0,496688.0,PL-140959,0.0,0.0,,True,False,0.0,False,
LQ-202608-0129,VEH-017,2026-08-27,2026-08-27,RUT-11,KILOMETRO,272.75,4481.0,1222192.75,0.0,1222192.75,PL-926658,0.0,0.0,,True,False,0.0,False,
LQ-202602-0100,VEH-021,2026-02-15,2026-02-17,RUT-10,HORA_24,1.0,475365.0,475365.0,0.0,475365.0,PL-891025,0.0,0.0,,True,False,0.0,False,
LQ-202605-0114,VEH-011,2026-05-02,2026-05-03,RUT-03,HORA_24,1.0,515101.0,515101.0,0.64,511804.35,PL-954056,3.0,105412.0,,True,False,316236.0,False,
LQ-202601-0092,VEH-034,2026-01-31,2026-01-31,RUT-13,HORA_24,1.0,440640.0,440640.0,0.0,440640.0,PL-720808,0.0,0.0,TER-001,True,True,0.0,False,
LQ-202501-0028,VEH-024,2025-01-17,2025-01-18,RUT-05,HORA_12,1.0,168948.0,168948.0,1.88,165771.78,PL-760016,2.0,76957.0,,True,False,153914.0,True,tarifa fuera de rango
LQ-202607-0126,VEH-029,2026-07-09,2026-07-09,RUT-15,KILOMETRO,275.47,4824.0,1328867.28,0.0,1328867.28,PL-938694,0.0,0.0,TER-008,True,True,0.0,False,
LQ-202503-0040,VEH-001,2025-03-22,2025-03-23,RUT-15,HORA_24,1.0,470359.0,470359.0,0.0,470359.0,PL-944750,0.0,0.0,,True,False,0.0,False,
LQ-202606-0122,VEH-033,2026-06-09,2026-06-09,RUT-15,HORA,9.69,36498.0,353665.62,0.0,353665.62,PL-160561,0.0,0.0,,True,False,0.0,False,
LQ-202608-0134,VEH-010,2026-08-25,2026-08-25,RUT-08,HORA,12.27,37565.0,460922.55,0.0,460922.55,PL-797807,0.0,0.0,TER-001,True,True,0.0,False,
LQ-202509-0072,VEH-019,2025-09-30,2025-09-30,RUT-03,HORA_24,1.0,467184.0,467184.0,0.0,467184.0,PL-366082,0.0,0.0,,True,False,0.0,False,
LQ-202606-0122,VEH-026,2026-06-08,2026-06-09,RUT-06,HORA_12,1.0,324402.0,324402.0,0.0,324402.0,PL-708536,0.0,0.0,TER-012,True,True,0.0,False,
LQ-202606-0119,VEH-025,2026-06-05,2026-06-05,RUT-07,KILOMETRO,390.5,4705.0,1837302.5,0.0,1837302.5,PL-188921,0.0,0.0,TER-007,True,True,0.0,False,
LQ-202608-0131,VEH-005,2026-08-30,2026-08-30,RUT-05,KILOMETRO,330.27,4564.0,1507352.28,0.0,1507352.28,PL-481030,2.0,110064.0,,True,False,220128.0,False,
LQ-202412-0022,VEH-004,2024-12-21,2024-12-21,RUT-01,HORA,7.18,23767.0,170647.06,0.0,170647.06,PL-275741,0.0,0.0,,True,False,0.0,False,
LQ-202608-0129,VEH-035,2026-08-28,2026-08-30,RUT-05,HORA_24,1.0,565734.0,565734.0,0.0,565734.0,PL-261715,2.0,110064.0,,True,False,220128.0,False,
LQ-202601-0093,VEH-001,2026-01-18,2026-01-18,RUT-07,KILOMETRO,94.43,3505.0,330977.15,0.0,330977.15,PL-954366,0.0,0.0,,True,False,0.0,False,
LQ-202412-0023,VEH-014,2024-12-19,2024-12-22,RUT-08,HORA_24,1.0,339580.0,339580.0,4.2,325317.64,PL-739037,0.0,0.0,,True,False,0.0,False,
LQ-202507-0061,VEH-014,2025-07-07,2025-07-07,RUT-07,HORA,9.39,30751.0,288751.89,0.0,288751.89,PL-736032,0.0,0.0,,True,False,0.0,False,
LQ-202606-0118,VEH-024,2026-06-15,2026-06-15,RUT-14,HORA,10.24,33678.0,344862.72,4.04,330930.27,PL-686087,0.0,0.0,TER-012,True,True,0.0,False,
LQ-202512-0088,VEH-038,2025-12-16,2025-12-16,RUT-11,HORA_24,1.0,359661.0,359661.0,0.0,359661.0,PL-128285,0.0,0.0,,True,False,0.0,False,
LQ-202602-0101,VEH-007,2026-02-22,2026-02-22,RUT-05,HORA_24,11.97,452537.0,5416867.89,0.0,5416867.89,PL-124020,0.0,0.0,,True,False,0.0,True,cantidad fuera de rango
LQ-202411-0016,VEH-035,2024-11-17,2024-11-19,RUT-12,HORA_24,1.0,443808.0,443808.0,0.0,443808.0,PL-697856,0.0,0.0,TER-011,True,True,0.0,False,
LQ-202409-0003,VEH-022,2024-09-17,2024-09-19,RUT-09,HORA_24,1.0,483878.0,483878.0,0.0,483878.0,PL-468900,0.0,0.0,,True,False,0.0,False,
LQ-202504-0042,VEH-009,2025-04-23,2025-04-24,RUT-07,HORA_24,1.0,476155.0,476155.0,0.0,476155.0,PL-221197,0.0,0.0,,True,False,0.0,False,
LQ-202607-0125,VEH-009,2026-07-03,2026-07-06,RUT-09,HORA_24,1.0,555310.0,555310.0,6.71,518048.7,PL-623862,0.0,0.0,,True,False,0.0,False,
LQ-202502-0029,VEH-008,2025-02-09,2025-02-11,RUT-06,HORA_24,1.0,456461.0,456461.0,0.0,456461.0,PL-570534,0.0,0.0,TER-012,True,True,0.0,False,
LQ-202608-0132,VEH-039,2026-08-21,2026-08-24,RUT-01,HORA_24,1.0,488307.0,488307.0,0.0,488307.0,PL-893475,0.0,0.0,,True,False,0.0,False,
LQ-202606-0118,VEH-033,2026-06-09,2026-06-11,RUT-14,HORA_24,1.0,502270.0,502270.0,8.09,461636.36,PL-434402,0.0,0.0,,True,False,0.0,False,
LQ-202509-0069,VEH-029,2025-09-24,2025-09-24,RUT-01,HORA,12.77,33238.0,424449.26,0.0,424449.26,PL-155826,0.0,0.0,,True,False,0.0,False,
LQ-202501-0025,VEH-033,2025-01-17,2025-01-20,RUT-02,HORA_12,1.0,227322.0,227322.0,0.0,227322.0,PL-158770,3.0,81869.0,,True,False,245607.0,False,
LQ-202410-0010,VEH-038,2024-10-29,2024-10-31,RUT-15,HORA_24,1.0,433727.0,433727.0,0.0,433727.0,PL-102593,0.0,0.0,,True,False,0.0,False,
LQ-202508-0064,VEH-037,2025-08-21,2025-08-21,RUT-07,HORA_24,1.0,497083.0,497083.0,0.0,497083.0,PL-436314,0.0,0.0,TER-002,True,True,0.0,False,
LQ-202507-0063,VEH-010,2025-07-05,2025-07-08,RUT-09,HORA_12,1.0,256731.0,256731.0,0.0,256731.0,PL-977705,0.0,0.0,,True,False,0.0,False,
LQ-202502-0029,VEH-022,2025-02-11,2025-02-13,RUT-11,HORA_24,1.0,430910.0,430910.0,0.0,430910.0,PL-116645,0.0,0.0,,True,False,0.0,False,
LQ-202501-0026,VEH-028,2025-01-11,2025-01-11,RUT-11,HORA,6.39,22792.0,145640.88,0.0,145640.88,PL-311559,0.0,0.0,,True,False,0.0,False,
LQ-202607-0125,VEH-015,2026-07-07,2026-07-09,RUT-04,HORA_24,1.0,546563.0,546563.0,0.0,546563.0,PL-536886,1.0,113179.0,TER-004,True,True,113179.0,False,
LQ-202501-0028,VEH-021,2025-01-18,2025-01-18,RUT-12,KILOMETRO,499.97,3764.0,1881887.08,0.0,1881887.08,PL-460875,0.0,0.0,TER-005,True,True,0.0,False,
LQ-202510-0078,VEH-015,2025-10-08,2025-10-11,RUT-05,HORA_24,1.0,454828.0,454828.0,5.49,429857.94,PL-896473,0.0,0.0,,True,False,0.0,False,
LQ-202409-0006,VEH-006,2024-09-23,2024-09-23,RUT-13,HORA,0.5,29902.0,14951.0,0.0,14951.0,PL-119927,0.0,0.0,TER-003,True,True,0.0,False,
LQ-202409-0005,VEH-010,2024-09-26,2024-09-27,RUT-15,HORA_24,1.0,472256.0,472256.0,0.0,472256.0,PL-164879,0.0,0.0,,True,False,0.0,False,
LQ-202505-0048,VEH-021,2025-05-02,2025-05-03,RUT-14,HORA_12,1.0,322298.0,322298.0,0.0,322298.0,PL-430654,0.0,0.0,,True,False,0.0,False,
LQ-202411-0014,VEH-030,2024-11-11,2024-11-12,RUT-14,HORA_24,1.0,427933.0,427933.0,0.0,427933.0,PL-385037,0.0,0.0,,True,False,0.0,False,
LQ-202511-0079,VEH-006,2025-11-29,2025-11-29,RUT-02,HORA_24,1.0,455962.0,455962.0,0.0,455962.0,PL-200790,2.0,97843.0,,True,False,195686.0,False,
LQ-202603-0103,VEH-033,2026-03-18,2026-03-18,RUT-07,HORA,10.57,32596.0,344539.72,1.96,337786.74,,0.0,0.0,,False,False,0.0,False,
LQ-202608-0131,VEH-020,2026-08-19,2026-08-19,RUT-04,HORA_12,1.0,271121.0,271121.0,0.0,271121.0,PL-488584,3.0,110064.0,,True,False,330192.0,False,
LQ-202504-0042,VEH-016,2025-04-10,2025-04-10,RUT-03,HORA_24,1.0,452463.0,452463.0,0.0,452463.0,PL-406616,0.0,0.0,TER-007,True,True,0.0,False,
LQ-202606-0118,VEH-035,2026-06-24,2026-06-24,RUT-05,HORA,1.59,36840.0,58575.6,0.0,58575.6,PL-626864,3.0,115255.0,TER-008,True,True,345765.0,False,
LQ-202503-0035,VEH-029,2025-03-14,2025-03-15,RUT-06,HORA_24,1.0,522474.0,522474.0,0.0,522474.0,PL-788159,0.0,0.0,,True,False,0.0,False,
LQ-202607-0125,VEH-005,2026-07-08,2026-07-08,RUT-13,KILOMETRO,142.63,5188.0,739964.44,0.0,739964.44,PL-718206,3.0,113179.0,TER-010,True,True,339537.0,False,
LQ-202503-0040,VEH-014,2025-03-06,2025-03-08,RUT-01,HORA_24,1.0,452104.0,452104.0,0.0,452104.0,PL-465779,0.0,0.0,,True,False,0.0,False,
LQ-202603-0107,VEH-031,2026-03-13,2026-03-14,RUT-02,HORA_24,1.0,479879.0,479879.0,0.0,479879.0,PL-842099,3.0,101508.0,,True,False,304524.0,False,
LQ-202608-0131,VEH-002,2026-08-24,2026-08-24,RUT-01,HORA,6.54,28180.0,184297.2,0.0,184297.2,PL-622945,1.0,110064.0,TER-007,True,True,110064.0,False,
LQ-202603-0106,VEH-005,2026-03-23,2026-03-23,RUT-12,HORA,6.4,30860.0,197504.0,0.0,197504.0,PL-746416,0.0,0.0,,True,False,0.0,False,
LQ-202607-0125,VEH-035,2026-07-24,2026-07-27,RUT-13,HORA_24,1.0,535011.0,535011.0,0.0,535011.0,PL-226508,0.0,0.0,,True,False,0.0,False,
LQ-202601-0095,VEH-002,2026-01-26,2026-01-26,RUT-01,KILOMETRO,321.88,3563.0,1146858.44,0.0,1146858.44,PL-242712,0.0,0.0,,True,False,0.0,False,
LQ-202410-0010,VEH-021,2024-10-23,2024-10-23,RUT-03,HORA,12.51,30162.0,377326.62,0.0,377326.62,PL-968726,3.0,94752.0,TER-011,True,True,284256.0,False,
LQ-202506-0057,VEH-020,2025-06-02,2025-06-03,RUT-13,HORA_12,1.0,288002.0,288002.0,2.25,281521.96,PL-221148,0.0,0.0,,True,False,0.0,False,
LQ-202510-0077,VEH-034,2025-10-21,2025-10-21,RUT-05,HORA,6.04,33718.0,203656.72,0.0,203656.72,PL-891651,1.0,104832.0,,True,False,104832.0,False,
LQ-202507-0063,VEH-040,2025-07-13,2025-07-14,RUT-10,HORA_24,1.0,469164.0,469164.0,0.0,469164.0,PL-408453,0.0,0.0,TER-004,True,True,0.0,False,
LQ-202507-0063,VEH-015,2025-07-22,2025-07-24,RUT-03,HORA_12,1.0,267725.0,267725.0,0.0,267725.0,PL-304019,0.0,0.0,,True,False,0.0,False,
LQ-202507-0059,VEH-003,2025-07-10,2025-07-10,RUT-11,KILOMETRO,268.0,4838.0,1296584.0,1.73,1274153.1,PL-427042,0.0,0.0,,True,False,0.0,False,
LQ-202608-0129,VEH-020,2026-08-02,2026-08-02,RUT-04,HORA_12,1.0,318883.0,318883.0,0.0,318883.0,PL-377640,1.0,110064.0,TER-007,True,True,110064.0,False,
LQ-202410-0010,VEH-012,2024-10-19,2024-10-19,RUT-02,HORA,8.89,29655.0,263632.95,5.48,249185.86,PL-483561,0.0,0.0,,True,False,0.0,False,
LQ-202501-0026,VEH-018,2025-01-09,2025-01-10,RUT-03,HORA_24,1.0,327258.0,327258.0,4.98,310960.55,PL-790666,0.0,0.0,,True,False,0.0,False,
LQ-202601-0094,VEH-040,2026-01-22,2026-01-22,RUT-12,HORA,7.83,23951.0,187536.33,0.0,187536.33,PL-974741,0.0,0.0,,True,False,0.0,False,
LQ-202503-0038,VEH-007,2025-03-28,2025-03-28,RUT-15,KILOMETRO,433.59,4238.0,1837554.42,2.06,1799700.8,PL-193992,0.0,0.0,,True,False,0.0,False,
LQ-202606-0118,VEH-030,2026-06-03,2026-06-03,RUT-14,HORA_24,1.0,502994.0,502994.0,0.0,502994.0,,0.0,0.0,,False,False,0.0,False,
LQ-202602-0101,VEH-021,2026-02-14,2026-02-14,RUT-12,HORA,5.09,32616.0,166015.44,0.0,166015.44,PL-418322,0.0,0.0,TER-009,True,True,0.0,False,
LQ-202508-0066,VEH-021,2025-08-11,2025-08-14,RUT-01,HORA_12,1.0,237727.0,237727.0,0.0,237727.0,PL-544167,2.0,99481.0,,True,False,198962.0,False,
LQ-202509-0069,VEH-022,2025-09-13,2025-09-15,RUT-04,HORA_24,1.0,436624.0,436624.0,0.0,436624.0,PL-450216,1.0,102835.0,TER-008,True,True,102835.0,False,
LQ-202606-0118,VEH-021,2026-06-25,2026-06-25,RUT-12,KILOMETRO,279.86,5869.0,1642498.34,0.0,1642498.34,PL-237120,0.0,0.0,,True,False,0.0,False,
LQ-202505-0047,VEH-017,2025-05-24,2025-05-25,RUT-03,HORA_12,1.0,293969.0,293969.0,0.0,293969.0,PL-767693,2.0,107827.0,TER-004,True,True,215654.0,False,
LQ-202501-0025,VEH-038,2025-01-29,2025-01-31,RUT-12,HORA_24,1.0,399089.0,399089.0,0.0,399089.0,PL-726981,0.0,0.0,TER-004,True,True,0.0,False,
LQ-202501-0025,VEH-031,2025-01-04,2025-01-05,RUT-12,HORA_12,1.0,231186.0,231186.0,0.0,231186.0,PL-484264,0.0,0.0,,True,False,0.0,False,
LQ-202409-0002,VEH-020,2024-09-11,2024-09-11,RUT-10,HORA_12,1.0,244974.0,244974.0,0.0,244974.0,PL-335552,0.0,0.0,,True,False,0.0,False,
LQ-202601-0091,VEH-028,2026-01-07,2026-01-09,RUT-06,HORA_24,1.0,372443.0,372443.0,5.03,353709.12,PL-794041,0.0,0.0,TER-002,True,True,0.0,False,
LQ-202507-0061,VEH-017,2025-07-24,2025-07-27,RUT-12,HORA_24,1.0,507275.0,507275.0,0.0,507275.0,PL-186159,0.0,0.0,,True,False,0.0,False,
LQ-202607-0128,VEH-020,2026-07-10,2026-07-13,RUT-11,HORA_24,1.0,526334.0,526334.0,0.0,526334.0,PL-420272,0.0,0.0,TER-001,True,True,0.0,False,
LQ-202604-0111,VEH-020,2026-04-04,2026-04-06,RUT-01,HORA_24,1.0,538757.0,538757.0,0.0,538757.0,PL-249633,2.0,99556.0,,True,False,199112.0,False,
LQ-202506-0054,VEH-033,2025-06-01,2025-06-04,RUT-08,HORA_12,1.0,276382.0,276382.0,0.0,276382.0,PL-907420,0.0,0.0,,True,False,0.0,False,
LQ-202602-0101,VEH-008,2026-02-11,2026-02-13,RUT-07,HORA_12,1.0,237709.0,237709.0,0.0,237709.0,,0.0,0.0,,False,False,0.0,False,
LQ-202509-0067,VEH-028,2025-09-09,2025-09-12,RUT-11,HORA_12,1.0,280430.0,280430.0,0.0,280430.0,PL-714807,0.0,0.0,,True,False,0.0,False,
LQ-202503-0036,VEH-039,2025-03-18,2025-03-18,RUT-04,KILOMETRO,265.17,4508.0,1195386.36,0.0,1195386.36,PL-487040,0.0,0.0,,True,False,0.0,False,
LQ-202502-0031,VEH-009,2025-02-28,2025-02-28,RUT-11,HORA,10.79,25434.0,274432.86,0.0,274432.86,PL-996531,0.0,0.0,,True,False,0.0,False,
LQ-202606-0120,VEH-023,2026-06-20,2026-06-23,RUT-05,HORA_24,1.0,552134.0,552134.0,0.0,552134.0,,0.0,0.0,,False,False,0.0,False,
LQ-202604-0111,VEH-031,2026-04-27,2026-04-30,RUT-07,HORA_24,1.0,444123.0,444123.0,0.0,444123.0,PL-862192,0.0,0.0,,True,False,0.0,False,
LQ-202601-0093,VEH-004,2026-01-24,2026-01-24,RUT-09,HORA_24,1.0,389040.0,389040.0,0.0,389040.0,PL-395536,0.0,0.0,TER-004,True,True,0.0,False,
LQ-202602-0099,VEH-023,2026-02-15,2026-02-15,RUT-15,KILOMETRO,379.5,4770.0,1810215.0,6.03,1701059.04,,0.0,0.0,,False,False,0.0,False,
LQ-202504-0044,VEH-038,2025-04-10,2025-04-10,RUT-05,KILOMETRO,331.29,3958.0,1311245.82,0.0,1311245.82,PL-864750,0.0,0.0,,True,False,0.0,False,
LQ-202511-0082,VEH-003,2025-11-10,2025-11-10,RUT-06,HORA,11.95,31423.0,375504.85,0.0,375504.85,PL-337016,0.0,0.0,,True,False,0.0,False,
LQ-202501-0024,VEH-037,2025-01-27,2025-01-28,RUT-03,HORA_24,1.0,391305.0,391305.0,0.0,391305.0,PL-232617,2.0,76957.0,,True,False,153914.0,False,
LQ-202608-0130,VEH-017,2026-08-20,2026-08-21,RUT-14,HORA_24,1.0,468035.0,468035.0,0.0,468035.0,PL-591503,0.0,0.0,TER-010,True,True,0.0,False,
LQ-202601-0094,VEH-017,2026-01-04,2026-01-06,RUT-03,HORA_24,1.0,417861.0,417861.0,0.0,417861.0,PL-503076,1.0,85144.0,TER-012,True,True,85144.0,False,
LQ-202602-0098,VEH-036,2026-02-09,2026-02-11,RUT-10,HORA_24,1.0,469366.0,469366.0,0.0,469366.0,,0.0,0.0,,False,False,0.0,False,
LQ-202410-0009,VEH-037,2024-10-03,2024-10-03,RUT-15,HORA,0.87,342258.0,297764.46,0.0,297764.46,PL-975194,0.0,0.0,,True,False,0.0,True,tarifa fuera de rango
LQ-202411-0013,VEH-023,2024-11-18,2024-11-18,RUT-11,HORA,10.55,25132.0,265142.6,0.0,265142.6,PL-631958,0.0,0.0,,True,False,0.0,False,
LQ-202510-0073,VEH-015,2025-10-29,2025-10-31,RUT-02,HORA_24,1.0,522176.0,522176.0,0.0,522176.0,PL-436693,0.0,0.0,TER-012,True,True,0.0,False,
LQ-202512-0084,VEH-008,2025-12-03,2025-12-03,RUT-05,HORA_12,1.0,184896.0,184896.0,0.0,184896.0,PL-854169,3.0,76877.0,,True,False,230631.0,False,
LQ-202508-0065,VEH-002,2025-08-12,2025-08-12,RUT-11,HORA,6.94,35122.0,243746.68,0.0,243746.68,PL-854757,0.0,0.0,TER-006,True,True,0.0,False,
LQ-202412-0022,VEH-001,2024-12-26,2024-12-26,RUT-13,HORA,10.58,24801.0,262394.58,0.0,262394.58,PL-503097,0.0,0.0,,True,False,0.0,False,
LQ-202502-0029,VEH-034,2025-02-05,2025-02-07,RUT-02,HORA_24,1.0,471352.0,471352.0,0.0,471352.0,PL-864305,0.0,0.0,,True,False,0.0,False,
LQ-202605-0116,VEH-024,2026-05-19,2026-05-20,RUT-02,HORA_24,1.0,501422.0,501422.0,0.5,498914.89,,0.0,0.0,,False,False,0.0,False,
LQ-202509-0070,VEH-011,2025-09-09,2025-09-09,RUT-14,HORA,5.65,30505.0,172353.25,0.61,171301.9,PL-258162,0.0,0.0,,True,False,0.0,False,
LQ-202502-0031,VEH-033,2025-02-19,2025-02-19,RUT-14,KILOMETRO,336.62,3894.0,1310798.28,0.0,1310798.28,PL-898134,3.0,94848.0,,True,False,284544.0,False,
LQ-202602-0098,VEH-005,2026-02-25,2026-02-27,RUT-06,HORA_24,1.0,481284.0,481284.0,6.19,451492.52,PL-974121,0.0,0.0,,True,False,0.0,False,
LQ-202506-0055,VEH-014,2025-06-22,2025-06-24,RUT-11,HORA_24,1.0,549043.0,549043.0,0.0,549043.0,PL-936795,0.0,0.0,,True,False,0.0,False,
LQ-202603-0103,VEH-026,2026-03-29,2026-03-30,RUT-04,HORA_24,1.0,505850.0,505850.0,0.0,505850.0,PL-369172,2.0,101508.0,,True,False,203016.0,False,
LQ-202410-0010,VEH-027,2024-10-27,2024-10-27,RUT-11,KILOMETRO,419.86,51591.0,21660997.26,5.04,20569283.0,PL-162165,0.0,0.0,,True,False,0.0,True,tarifa fuera de rango
LQ-202511-0081,VEH-039,2025-11-16,2025-11-16,RUT-07,KILOMETRO,222.96,3822.0,852153.12,0.0,852153.12,PL-231470,0.0,0.0,TER-009,True,True,0.0,False,
LQ-202504-0043,VEH-027,2025-04-16,2025-04-17,RUT-14,HORA_24,1.0,482234.0,482234.0,2.89,468297.44,PL-426584,0.0,0.0,,True,False,0.0,False,
LQ-202506-0054,VEH-030,2025-06-25,2025-06-25,RUT-12,HORA,10.29,32222.0,331564.38,0.0,331564.38,PL-263264,0.0,0.0,,True,False,0.0,False,
LQ-202502-0034,VEH-032,2025-02-02,2025-02-04,RUT-05,HORA_24,1.0,437236.0,437236.0,0.0,437236.0,PL-828866,3.0,89157.0,,True,False,267471.0,False,
LQ-202607-0123,VEH-017,2026-07-27,2026-07-27,RUT-14,HORA,13.13,37360.0,490536.8,0.0,490536.8,PL-877772,0.0,0.0,,True,False,0.0,False,
LQ-202410-0010,VEH-038,2024-10-29,2024-10-29,RUT-02,HORA,8.73,32519.0,283890.87,5.12,269355.66,PL-865470,0.0,0.0,,True,False,0.0,False,
LQ-202409-0005,VEH-002,2024-09-19,2024-09-22,RUT-03,HORA_24,1.0,434920.0,434920.0,3.39,420176.21,PL-196214,0.0,0.0,,True,False,0.0,False,
LQ-202606-0119,VEH-039,2026-06-28,2026-06-29,RUT-03,HORA_12,1.0,309152.0,309152.0,0.0,309152.0,PL-332418,0.0,0.0,TER-003,True,True,0.0,False,
LQ-202503-0035,VEH-033,2025-03-24,2025-03-27,RUT-01,HORA_24,1.0,513390.0,513390.0,0.0,513390.0,PL-965837,3.0,103834.0,,True,False,311502.0,False,
LQ-202501-0027,VEH-027,2025-01-21,2025-01-21,RUT-14,KILOMETRO,337.73,3190.0,1077358.7,0.0,1077358.7,PL-931145,0.0,0.0,,True,False,0.0,False,
LQ-202502-0030,VEH-001,2025-02-05,2025-02-08,RUT-03,HORA_12,1.0,238277.0,238277.0,0.0,238277.0,PL-642827,2.0,89157.0,,True,False,178314.0,False,
LQ-202608-0130,VEH-021,2026-08-12,2026-08-12,RUT-05,HORA,9.46,35828.0,338932.88,0.0,338932.88,,0.0,0.0,,False,False,0.0,False,
LQ-202505-0047,VEH-004,2025-05-16,2025-05-19,RUT-10,HORA_12,1.0,299052.0,299052.0,2.64,291157.03,PL-434347,0.0,0.0,,True,False,0.0,False,
LQ-202509-0069,VEH-020,2025-09-26,2025-09-27,RUT-10,HORA_24,1.0,516447.0,516447.0,0.0,516447.0,PL-950328,0.0,0.0,,True,False,0.0,False,
LQ-202608-0132,VEH-007,2026-08-07,2026-08-08,RUT-12,HORA_24,1.0,480158.0,480158.0,0.0,480158.0,PL-217480,1.0,103460.0,,True,False,103460.0,False,
LQ-202412-0020,VEH-022,2024-12-19,2024-12-19,RUT-12,HORA_24,1.0,351271.0,351271.0,0.0,351271.0,PL-805139,0.0,0.0,,True,False,0.0,False,
LQ-202502-0031,VEH-032,2025-02-13,2025-02-14,RUT-14,HORA_24,1.0,407244.0,407244.0,0.0,407244.0,PL-582559,0.0,0.0,,True,False,0.0,False,
LQ-202606-0119,VEH-005,2026-06-10,2026-06-10,RUT-01,HORA,12.25,34622.0,424119.5,0.0,424119.5,PL-247830,1.0,108340.0,,True,False,108340.0,False,
LQ-202410-0009,VEH-010,2024-10-28,2024-10-30,RUT-15,HORA_24,1.0,450099.0,450099.0,1.16,444877.85,PL-888795,0.0,0.0,,True,False,0.0,False,
LQ-202606-0119,VEH-023,2026-06-14,2026-06-14,RUT-05,HORA,7.1,35579.0,252610.9,0.0,252610.9,PL-131286,3.0,108340.0,,True,False,325020.0,False,
LQ-202608-0130,VEH-038,2026-08-08,2026-08-11,RUT-15,HORA_24,1.0,444926.0,444926.0,5.59,420054.64,PL-377448,0.0,0.0,,True,False,0.0,False,
LQ-202507-0059,VEH-034,2025-07-30,2025-07-30,RUT-09,HORA,6.63,37888.0,251197.44,0.0,251197.44,PL-103534,0.0,0.0,TER-001,True,True,0.0,False,
LQ-202608-0134,VEH-004,2026-08-14,2026-08-14,RUT-06,HORA_12,1.0,247075.0,247075.0,0.0,247075.0,PL-991388,0.0,0.0,,True,False,0.0,False,
LQ-202503-0038,VEH-030,2025-03-02,2025-03-04,RUT-13,HORA_12,1.0,251505.0,251505.0,0.0,251505.0,PL-678381,0.0,0.0,,True,False,0.0,False,
LQ-202507-0062,VEH-010,2025-07-05,2025-07-05,RUT-13,HORA_12,1.0,299283.0,299283.0,0.0,299283.0,PL-188450,3.0,108826.0,,True,False,326478.0,False,
LQ-202608-0134,VEH-011,2026-08-24,2026-08-27,RUT-12,HORA_24,1.0,478414.0,478414.0,0.0,478414.0,PL-385043,0.0,0.0,,True,False,0.0,False,
LQ-202607-0124,VEH-018,2026-07-25,2026-07-25,RUT-07,HORA,6.3,37513.0,236331.9,0.0,236331.9,PL-984288,0.0,0.0,,True,False,0.0,False,
LQ-202607-0126,VEH-025,2026-07-31,2026-07-31,RUT-03,HORA_24,1.0,481963.0,481963.0,0.0,481963.0,PL-753245,2.0,106388.0,,True,False,212776.0,False,
LQ-202605-0117,VEH-012,2026-05-28,2026-05-28,RUT-14,KILOMETRO,261.68,4483.0,1173111.44,0.0,1173111.44,PL-295285,0.0,0.0,,True,False,0.0,False,
LQ-202501-0027,VEH-003,2025-01-06,2025-01-06,RUT-10,HORA,8.58,24833.0,213067.14,0.0,213067.14,PL-638277,0.0,0.0,,True,False,0.0,False,
LQ-202608-0131,VEH-028,2026-08-31,2026-08-31,RUT-02,HORA_24,1.0,555843.0,555843.0,0.5,553063.78,PL-579964,0.0,0.0,,True,False,0.0,False,
LQ-202502-0029,VEH-036,2025-02-06,2025-02-07,RUT-09,HORA_24,1.0,416928.0,416928.0,0.0,416928.0,PL-573685,0.0,0.0,TER-008,True,True,0.0,False,
LQ-202511-0083,VEH-027,2025-11-12,2025-11-12,RUT-14,HORA,0.5,32166.0,16083.0,0.0,16083.0,PL-990324,0.0,0.0,,True,False,0.0,False,
LQ-202510-0075,VEH-032,2025-10-13,2025-10-14,RUT-13,HORA_24,1.0,483523.0,483523.0,0.0,483523.0,PL-563726,0.0,0.0,,True,False,0.0,False,
LQ-202607-0126,VEH-004,2026-07-28,2026-07-31,RUT-13,HORA_12,1.0,317266.0,317266.0,0.0,317266.0,PL-431628,0.0,0.0,,True,False,0.0,False,
LQ-202603-0104,VEH-037,2026-03-26,2026-03-29,RUT-10,HORA_24,1.0,526017.0,526017.0,0.0,526017.0,PL-320293,0.0,0.0,TER-006,True,True,0.0,False,
LQ-202410-0012,VEH-011,2024-10-04,2024-10-06,RUT-10,HORA_12,1.0,247210.0,247210.0,0.0,247210.0,PL-867926,0.0,0.0,,True,False,0.0,False,
LQ-202605-0117,VEH-018,2026-05-12,2026-05-12,RUT-07,HORA_24,1.0,488251.0,488251.0,0.0,488251.0,PL-951521,0.0,0.0,,True,False,0.0,False,
LQ-202607-0126,VEH-005,2026-07-10,2026-07-12,RUT-04,HORA_12,1.0,280608.0,280608.0,0.0,280608.0,PL-172047,3.0,106388.0,,True,False,319164.0,False,
LQ-202604-0112,VEH-006,2026-04-03,2026-04-06,RUT-05,HORA_12,1.0,268495.0,268495.0,0.0,268495.0,PL-746766,3.0,105910.0,,True,False,317730.0,False,
LQ-202509-0071,VEH-013,2025-09-19,2025-09-22,RUT-03,HORA_12,1.0,314464.0,314464.0,0.0,314464.0,PL-590765,1.0,102835.0,TER-005,True,True,102835.0,False,
LQ-202603-0107,VEH-024,2026-03-20,2026-03-20,RUT-13,KILOMETRO,220.11,4524.0,995777.64,0.0,995777.64,PL-208255,0.0,0.0,,True,False,0.0,False,
LQ-202502-0029,VEH-002,2025-02-03,2025-02-06,RUT-07,HORA_12,1.0,247517.0,247517.0,4.45,236502.49,PL-382234,0.0,0.0,,True,False,0.0,False,
LQ-202607-0127,VEH-027,2026-07-27,2026-07-27,RUT-04,HORA_24,1.0,519751.0,519751.0,0.0,519751.0,PL-412308,3.0,113179.0,,True,False,339537.0,False,
LQ-202510-0073,VEH-008,2025-10-07,2025-10-09,RUT-04,HORA_24,1.0,502850.0,502850.0,0.0,502850.0,PL-802889,3.0,104832.0,,True,False,314496.0,False,
LQ-202410-0007,VEH-011,2024-10-18,2024-10-18,RUT-09,HORA,3.75,31660.0,118725.0,0.0,118725.0,PL-846385,0.0,0.0,,True,False,0.0,False,
LQ-202602-0098,VEH-003,2026-02-09,2026-02-09,RUT-06,HORA,9.45,31865.0,301124.25,0.0,301124.25,PL-425553,0.0,0.0,,True,False,0.0,False,
LQ-202504-0042,VEH-019,2025-04-14,2025-04-14,RUT-06,HORA,8.76,29545.0,258814.2,0.0,258814.2,PL-752126,0.0,0.0,TER-006,True,True,0.0,False,
LQ-202601-0092,VEH-022,2026-01-02,2026-01-02,RUT-01,HORA_12,1.0,231221.0,231221.0,0.0,231221.0,PL-551188,0.0,0.0,TER-003,True,True,0.0,False,
LQ-202512-0084,VEH-005,2025-12-08,2025-12-08,RUT-13,HORA_24,1.0,361319.0,361319.0,0.0,361319.0,PL-588540,0.0,0.0,,True,False,0.0,False,
LQ-202507-0061,VEH-001,2025-07-04,2025-07-05,RUT-07,HORA_24,1.0,458248.0,458248.0,0.0,458248.0,PL-356257,0.0,0.0,,True,False,0.0,False,
LQ-202502-0029,VEH-025,2025-02-25,2025-02-26,RUT-04,HORA_24,1.0,451521.0,451521.0,0.0,451521.0,PL-220671,0.0,0.0,TER-006,True,True,0.0,False,
LQ-202510-0075,VEH-020,2025-10-12,2025-10-12,RUT-14,HORA_24,1.0,458447.0,458447.0,0.0,458447.0,PL-746701,0.0,0.0,,True,False,0.0,False,
LQ-202411-0017,VEH-034,2024-11-29,2024-11-30,RUT-15,HORA_24,1.0,430713.0,430713.0,0.0,430713.0,PL-902156,2.0,88435.0,,True,False,176870.0,False,
LQ-202507-0059,VEH-012,2025-07-01,2025-07-01,RUT-07,HORA,8.52,33397.0,284542.44,4.24,272477.84,PL-846376,0.0,0.0,TER-003,True,True,0.0,False,
LQ-202607-0123,VEH-039,2026-07-30,2026-07-30,RUT-04,HORA,4.44,37211.0,165216.84,0.0,165216.84,,2.0,113179.0,,False,False,226358.0,False,
LQ-202512-0088,VEH-002,2025-12-25,2025-12-25,RUT-13,HORA,7.98,27907.0,222697.86,3.88,214057.18,PL-780374,0.0,0.0,,True,False,0.0,False,
LQ-202601-0092,VEH-010,2026-01-05,2026-01-06,RUT-12,HORA_12,1.0,211647.0,211647.0,0.0,211647.0,PL-372266,0.0,0.0,,True,False,0.0,False,
LQ-202607-0124,VEH-031,2026-07-07,2026-07-07,RUT-11,KILOMETRO,301.42,5099.0,1536940.58,0.0,1536940.58,PL-833327,0.0,0.0,,True,False,0.0,False,
LQ-202510-0077,VEH-014,2025-10-04,2025-10-04,RUT-13,KILOMETRO,216.49,4172.0,903196.28,0.0,903196.28,PL-546120,0.0,0.0,,True,False,0.0,False,
LQ-202505-0052,VEH-031,2025-05-25,2025-05-25,RUT-02,KILOMETRO,286.49,4823.0,1381741.27,7.04,1284466.68,PL-497798,0.0,0.0,,True,False,0.0,False,
LQ-202604-0109,VEH-016,2026-04-03,2026-04-05,RUT-11,HORA_12,1.0,274749.0,274749.0,0.0,274749.0,PL-386764,0.0,0.0,,True,False,0.0,False,
LQ-202512-0088,VEH-016,2025-12-18,2025-12-18,RUT-10,HORA_24,1.0,371960.0,371960.0,0.0,371960.0,PL-240003,0.0,0.0,,True,False,0.0,False,
LQ-202506-0057,VEH-010,2025-06-15,2025-06-16,RUT-03,HORA_12,1.0,257283.0,257283.0,0.0,257283.0,PL-117173,1.0,110822.0,,True,False,110822.0,False,
LQ-202504-0046,VEH-001,2025-04-05,2025-04-07,RUT-13,HORA_24,1.0,436942.0,436942.0,0.0,436942.0,PL-790601,0.0,0.0,TER-003,True,True,0.0,False,
LQ-202512-0087,VEH-011,2025-12-01,2025-12-01,RUT-01,HORA_24,1.0,353007.0,353007.0,0.0,353007.0,PL-244148,3.0,72264.0,,True,False,216792.0,False,
LQ-202603-0102,VEH-023,2026-03-28,2026-03-29,RUT-04,HORA_24,1.0,491115.0,491115.0,0.0,491115.0,PL-679535,0.0,0.0,TER-011,True,True,0.0,False,
LQ-202603-0102,VEH-024,2026-03-04,2026-03-07,RUT-05,HORA_12,1.0,331734.0,331734.0,0.0,331734.0,PL-590306,0.0,0.0,TER-011,True,True,0.0,False,
LQ-202601-0094,VEH-015,2026-01-31,2026-01-31,RUT-09,HORA,6.65,26192.0,174176.8,4.16,166931.05,PL-452240,0.0,0.0,,True,False,0.0,False,
LQ-202606-0118,VEH-027,2026-06-12,2026-06-15,RUT-05,HORA_24,1.0,561047.0,561047.0,0.0,561047.0,PL-556475,0.0,0.0,,True,False,0.0,False,
LQ-202502-0031,VEH-004,2025-02-23,2025-02-23,RUT-11,HORA_12,1.0,266806.0,266806.0,0.0,266806.0,PL-727263,0.0,0.0,TER-007,True,True,0.0,False,
LQ-202507-0061,VEH-039,2025-07-08,2025-07-09,RUT-12,HORA_24,1.0,448561.0,448561.0,0.0,448561.0,PL-576833,0.0,0.0,,True,False,0.0,False,
LQ-202605-0115,VEH-014,2026-05-18,2026-05-18,RUT-02,HORA_24,1.0,431015.0,431015.0,0.0,431015.0,PL-938772,0.0,0.0,,True,False,0.0,False,
LQ-202601-0093,VEH-004,2026-01-23,2026-01-23,RUT-09,HORA,10.5,27515.0,288907.5,0.0,288907.5,PL-667167,0.0,0.0,,True,False,0.0,False,
LQ-202605-0116,VEH-015,2026-05-15,2026-05-17,RUT-05,HORA_24,1.0,549057.0,549057.0,0.0,549057.0,PL-428250,1.0,112140.0,,True,False,112140.0,False,
LQ-202409-0004,VEH-036,2024-09-04,2024-09-05,RUT-06,HORA_12,1.0,258256.0,258256.0,0.0,258256.0,PL-443939,0.0,0.0,,True,False,0.0,False,
LQ-202607-0124,VEH-020,2026-07-12,2026-07-12,RUT-15,HORA,11.47,34153.0,391734.91,0.0,391734.91,PL-696839,0.0,0.0,,True,False,0.0,False,
LQ-202601-0090,VEH-012,2026-01-13,2026-01-13,RUT-06,HORA,5.51,26505.0,146042.55,0.0,146042.55,PL-502284,0.0,0.0,,True,False,0.0,False,
LQ-202602-0097,VEH-027,2026-02-12,2026-02-14,RUT-08,HORA_24,1.0,410960.0,410960.0,0.0,410960.0,PL-208376,0.0,0.0,,True,False,0.0,False,
LQ-202504-0042,VEH-033,2025-04-06,2025-04-06,RUT-12,HORA,9.44,34644.0,327039.36,0.0,327039.36,PL-187859,0.0,0.0,TER-001,True,True,0.0,False,
LQ-202601-0093,VEH-019,2026-01-21,2026-01-21,RUT-14,HORA_24,1.0,352528.0,352528.0,3.57,339942.75,PL-510522,0.0,0.0,TER-006,True,True,0.0,False,
LQ-202410-0011,VEH-027,2024-10-06,2024-10-06,RUT-03,HORA_24,1.0,431828.0,431828.0,0.0,431828.0,PL-335421,0.0,0.0,,True,False,0.0,False,
LQ-202607-0128,VEH-006,2026-07-11,2026-07-14,RUT-06,HORA_12,1.0,280468.0,280468.0,0.0,280468.0,PL-776541,0.0,0.0,,True,False,0.0,False,
LQ-202512-0084,VEH-038,2025-12-10,2025-12-10,RUT-07,KILOMETRO,333.76,3293.0,1099071.68,0.0,1099071.68,PL-425490,0.0,0.0,,True,False,0.0,False,
LQ-202501-0026,VEH-030,2025-01-01,2025-01-02,RUT-15,HORA_12,1.0,214351.0,214351.0,0.0,214351.0,PL-380951,0.0,0.0,,True,False,0.0,False,
LQ-202505-0052,VEH-040,2025-05-24,2025-05-25,RUT-14,HORA_12,1.0,265658.0,265658.0,0.0,265658.0,PL-900475,0.0,0.0,,True,False,0.0,False,
LQ-202601-0093,VEH-021,2026-01-16,2026-01-16,RUT-12,HORA,7.58,25565.0,193782.7,0.0,193782.7,PL-836261,0.0,0.0,TER-008,True,True,0.0,False,
LQ-202502-0031,VEH-025,2025-02-14,2025-02-16,RUT-07,HORA_24,1.0,406364.0,406364.0,0.0,406364.0,PL-125918,0.0,0.0,TER-004,True,True,0.0,False,
LQ-202602-0100,VEH-024,2026-02-13,2026-02-13,RUT-06,HORA,6.62,33348.0,220763.76,0.0,220763.76,PL-117590,0.0,0.0,,True,False,0.0,False,
LQ-202508-0064,VEH-031,2025-08-25,2025-08-27,RUT-03,HORA_12,1.0,272387.0,272387.0,0.0,272387.0,PL-390648,1.0,105830.0,,True,False,105830.0,False,
LQ-202509-0068,VEH-038,2025-09-06,2025-09-07,RUT-03,HORA_24,1.0,475795.0,475795.0,0.0,475795.0,PL-178064,3.0,96665.0,,True,False,289995.0,False,
LQ-202607-0127,VEH-014,2026-07-06,2026-07-08,RUT-06,HORA_24,1.0,488779.0,488779.0,0.0,488779.0,PL-832910,1.0,113179.0,TER-006,True,True,113179.0,False,
LQ-202510-0076,VEH-010,2025-10-25,2025-10-28,RUT-12,HORA_24,1.0,418026.0,418026.0,0.0,418026.0,PL-764070,0.0,0.0,,True,False,0.0,False,
LQ-202410-0011,VEH-024,2024-10-28,2024-10-28,RUT-15,KILOMETRO,258.97,4006.0,1037433.82,0.0,1037433.82,PL-580728,0.0,0.0,,True,False,0.0,False,
LQ-202510-0073,VEH-021,2025-10-23,2025-10-23,RUT-05,KILOMETRO,132.66,4899.0,649901.34,0.0,649901.34,PL-515811,2.0,104832.0,,True,False,209664.0,False,
LQ-202410-0010,VEH-024,2024-10-20,2024-10-20,RUT-11,HORA_24,1.0,417596.0,417596.0,0.0,417596.0,PL-431845,0.0,0.0,TER-010,True,True,0.0,False,
LQ-202603-0105,VEH-020,2026-03-10,2026-03-10,RUT-08,HORA,6.99,29431.0,205722.69,0.0,205722.69,PL-292433,0.0,0.0,TER-008,True,True,0.0,False,
LQ-202607-0126,VEH-021,2026-07-21,2026-07-22,RUT-02,HORA_12,1.0,275913.0,275913.0,0.0,275913.0,PL-358890,1.0,106388.0,,True,False,106388.0,False,
LQ-202412-0022,VEH-001,2024-12-11,2024-12-11,RUT-03,HORA_12,1.0,219057.0,219057.0,0.0,219057.0,PL-531225,0.0,0.0,TER-002,True,True,0.0,False,
LQ-202602-0098,VEH-011,2026-02-07,2026-02-07,RUT-15,HORA_12,1.0,253919.0,253919.0,0.0,253919.0,PL-831590,0.0,0.0,TER-004,True,True,0.0,False,
LQ-202603-0106,VEH-020,2026-03-10,2026-03-13,RUT-07,HORA_12,1.0,290568.0,290568.0,0.0,290568.0,,0.0,0.0,TER-009,False,True,0.0,False,
LQ-202608-0132,VEH-011,2026-08-21,2026-08-21,RUT-05,KILOMETRO,158.89,4850.0,770616.5,0.0,770616.5,PL-720663,0.0,0.0,TER-011,True,True,0.0,False,
LQ-202606-0122,VEH-040,2026-06-17,2026-06-20,RUT-12,HORA_12,1.0,334270.0,334270.0,0.0,334270.0,PL-371264,0.0,0.0,,True,False,0.0,False,
LQ-202602-0101,VEH-008,2026-02-10,2026-02-10,RUT-10,KILOMETRO,215.49,3771.0,812612.79,0.0,812612.79,PL-372226,0.0,0.0,,True,False,0.0,False,
LQ-202409-0001,VEH-038,2024-09-09,2024-09-09,RUT-09,HORA,7.71,35464.0,273427.44,0.0,273427.44,PL-518801,0.0,0.0,,True,False,0.0,False,
LQ-202607-0127,VEH-028,2026-07-21,2026-07-22,RUT-11,HORA_12,1.0,302881.0,302881.0,0.0,302881.0,PL-641036,0.0,0.0,TER-012,True,True,0.0,False,
LQ-202508-0065,VEH-010,2025-08-14,2025-08-15,RUT-15,HORA_12,1.0,282420.0,282420.0,0.0,282420.0,PL-889467,0.0,0.0,,True,False,0.0,False,
LQ-202608-0131,VEH-037,2026-08-22,2026-08-24,RUT-06,HORA_12,1.0,288708.0,288708.0,0.0,288708.0,PL-889637,2.0,110064.0,TER-006,True,True,220128.0,False,
LQ-202506-0058,VEH-029,2025-06-01,2025-06-02,RUT-05,HORA_24,1.0,467672.0,467672.0,7.95,430492.08,PL-350588,0.0,0.0,,True,False,0.0,False,
LQ-202501-0025,VEH-009,2025-01-28,2025-01-29,RUT-03,HORA_24,1.0,373951.0,373951.0,0.0,373951.0,PL-182423,1.0,81869.0,,True,False,81869.0,False,
LQ-202603-0102,VEH-004,2026-03-19,2026-03-22,RUT-06,HORA_24,1.0,492639.0,492639.0,0.0,492639.0,PL-215122,0.0,0.0,TER-006,True,True,0.0,False,
LQ-202512-0087,VEH-010,2025-12-16,2025-12-17,RUT-07,HORA_12,1.0,187788.0,187788.0,0.0,187788.0,PL-823730,0.0,0.0,,True,False,0.0,False,
LQ-202511-0083,VEH-027,2025-11-29,2025-11-30,RUT-11,HORA_12,1.0,264184.0,264184.0,0.0,264184.0,PL-888583,0.0,0.0,TER-012,True,True,0.0,False,
LQ-202409-0003,VEH-021,2024-09-16,2024-09-19,RUT-09,HORA_24,1.0,470089.0,470089.0,4.17,450486.29,PL-733039,2.0,98880.0,TER-002,True,True,197760.0,False,
LQ-202409-0004,VEH-010,2024-09-18,2024-09-18,RUT-12,KILOMETRO,345.24,3372.0,1164149.28,0.0,1164149.28,PL-535037,0.0,0.0,,True,False,0.0,False,
LQ-202510-0074,VEH-004,2025-10-06,2025-10-06,RUT-13,KILOMETRO,410.35,4928.0,2022204.8,1.95,1982771.81,PL-225017,0.0,0.0,,True,False,0.0,False,
LQ-202605-0114,VEH-021,2026-05-14,2026-05-15,RUT-14,HORA_24,1.0,483732.0,483732.0,0.0,483732.0,,0.0,0.0,,False,False,0.0,False,
LQ-202602-0101,VEH-028,2026-02-17,2026-02-19,RUT-15,HORA_24,1.0,408619.0,408619.0,0.0,408619.0,PL-608515,0.0,0.0,,True,False,0.0,False,
LQ-202602-0098,VEH-005,2026-02-12,2026-02-13,RUT-08,HORA_24,1.0,459201.0,459201.0,0.0,459201.0,PL-301872,0.0,0.0,,True,False,0.0,False,
LQ-202510-0074,VEH-021,2025-10-30,2025-10-31,RUT-06,HORA_24,1.0,468542.0,468542.0,0.0,468542.0,PL-431145,0.0,0.0,,True,False,0.0,False,
LQ-202601-0092,VEH-037,2026-01-30,2026-01-31,RUT-15,HORA_24,1.0,431362.0,431362.0,0.0,431362.0,PL-114408,0.0,0.0,,True,False,0.0,False,
LQ-202509-0070,VEH-024,2025-09-04,2025-09-04,RUT-04,HORA,10.26,34838.0,357437.88,0.0,357437.88,PL-525577,1.0,96665.0,,True,False,96665.0,False,
LQ-202507-0060,VEH-009,2025-07-04,2025-07-07,RUT-14,HORA_12,1.0,300937.0,300937.0,0.0,300937.0,PL-155398,0.0,0.0,,True,False,0.0,False,
LQ-202604-0112,VEH-033,2026-04-10,2026-04-12,RUT-15,HORA_12,1.0,314933.0,314933.0,0.0,314933.0,PL-707744,0.0,0.0,,True,False,0.0,False,
LQ-202606-0122,VEH-012,2026-06-16,2026-06-17,RUT-12,HORA_24,1.0,478368.0,478368.0,0.0,478368.0,PL-529805,2.0,108340.0,TER-008,True,True,216680.0,False,
LQ-202602-0098,VEH-005,2026-02-27,2026-02-28,RUT-15,HORA_24,1.0,450494.0,450494.0,0.0,450494.0,PL-128480,0.0,0.0,,True,False,0.0,False,
LQ-202507-0061,VEH-027,2025-07-13,2025-07-13,RUT-06,HORA,4.6,33993.0,156367.8,6.54,146141.35,PL-916749,0.0,0.0,,True,False,0.0,False,
LQ-202605-0113,VEH-022,2026-05-10,2026-05-10,RUT-03,HORA_12,1.0,338758.0,338758.0,0.0,338758.0,,2.0,112140.0,,False,False,224280.0,False,
LQ-202604-0110,VEH-037,2026-04-24,2026-04-24,RUT-01,KILOMETRO,163.14,3802.0,620258.28,0.0,620258.28,PL-274198,0.0,0.0,,True,False,0.0,False,
LQ-202512-0089,VEH-019,2025-12-30,2025-12-30,RUT-14,KILOMETRO,301.64,3086.0,930861.04,0.0,930861.04,PL-816540,0.0,0.0,TER-009,True,True,0.0,False,
LQ-202507-0059,VEH-008,2025-07-10,2025-07-12,RUT-10,HORA_24,1.0,564042.0,564042.0,0.0,564042.0,PL-841242,0.0,0.0,,True,False,0.0,False,
LQ-202506-0053,VEH-006,2025-06-24,2025-06-24,RUT-15,HORA_24,1.0,515973.0,515973.0,0.0,515973.0,PL-104027,0.0,0.0,,True,False,0.0,False,
LQ-202411-0016,VEH-039,2024-11-03,2024-11-05,RUT-04,HORA_24,1.0,453824.0,453824.0,0.0,453824.0,PL-852146,2.0,94080.0,,True,False,188160.0,False,
LQ-202507-0059,VEH-037,2025-07-30,2025-07-30,RUT-09,HORA_12,1.0,325648.0,325648.0,0.0,325648.0,PL-824023,0.0,0.0,,True,False,0.0,False,
LQ-202511-0083,VEH-018,2025-11-08,2025-11-11,RUT-06,HORA_24,1.0,447591.0,447591.0,0.0,447591.0,PL-596450,0.0,0.0,,True,False,0.0,False,
LQ-202509-0070,VEH-011,2025-09-21,2025-09-21,RUT-02,KILOMETRO,314.43,4905.0,1542279.15,0.0,1542279.15,PL-170805,0.0,0.0,,True,False,0.0,False,
LQ-202503-0040,VEH-004,2025-03-04,2025-03-06,RUT-10,HORA_24,1.0,508582.0,508582.0,0.0,508582.0,PL-227341,0.0,0.0,,True,False,0.0,False,
LQ-202510-0073,VEH-019,2025-10-25,2025-10-27,RUT-06,HORA_24,1.0,500569.0,500569.0,0.0,500569.0,PL-881534,0.0,0.0,TER-012,True,True,0.0,False,
LQ-202502-0029,VEH-039,2025-02-06,2025-02-07,RUT-08,HORA_12,1.0,267074.0,267074.0,0.0,267074.0,PL-692592,0.0,0.0,TER-010,True,True,0.0,False,
LQ-202606-0118,VEH-022,2026-06-03,2026-06-03,RUT-07,KILOMETRO,250.93,5431.0,1362800.83,0.0,1362800.83,PL-146430,0.0,0.0,,True,False,0.0,False,
LQ-202601-0093,VEH-010,2026-01-06,2026-01-06,RUT-09,HORA,9.47,28982.0,274459.54,0.0,274459.54,PL-198843,0.0,0.0,,True,False,0.0,False,
LQ-202503-0035,VEH-018,2025-03-05,2025-03-06,RUT-11,HORA_12,1.0,274152.0,274152.0,0.0,274152.0,PL-301512,0.0,0.0,,True,False,0.0,False,
LQ-202511-0080,VEH-008,2025-11-18,2025-11-20,RUT-04,HORA_24,1.0,431125.0,431125.0,0.0,431125.0,PL-243461,0.0,0.0,,True,False,0.0,False,
LQ-202509-0069,VEH-010,2025-09-24,2025-09-24,RUT-13,HORA_24,1.0,494883.0,494883.0,3.86,475780.52,PL-468883,0.0,0.0,,True,False,0.0,False,
LQ-202411-0013,VEH-014,2024-11-13,2024-11-13,RUT-01,HORA_24,1.0,465372.0,465372.0,0.0,465372.0,PL-998746,0.0,0.0,TER-004,True,True,0.0,False,
LQ-202502-0029,VEH-010,2025-02-10,2025-02-12,RUT-06,HORA_24,1.0,449605.0,449605.0,0.0,449605.0,PL-921866,0.0,0.0,,True,False,0.0,False,
LQ-202608-0133,VEH-039,2026-08-05,2026-08-07,RUT-13,HORA_24,1.0,511628.0,511628.0,0.0,511628.0,PL-260252,0.0,0.0,TER-011,True,True,0.0,False,
LQ-202411-0015,VEH-036,2024-11-15,2024-11-15,RUT-14,HORA_24,1.0,449963.0,449963.0,0.0,449963.0,PL-335203,0.0,0.0,,True,False,0.0,False,
LQ-202508-0064,VEH-031,2025-08-18,2025-08-21,RUT-12,HORA_24,1.0,508686.0,508686.0,0.0,508686.0,PL-523651,0.0,0.0,,True,False,0.0,False,
LQ-202604-0111,VEH-029,2026-04-22,2026-04-24,RUT-12,HORA_24,1.0,456746.0,456746.0,0.0,456746.0,PL-263446,0.0,0.0,TER-012,True,True,0.0,False,
LQ-202506-0053,VEH-009,2025-06-23,2025-06-24,RUT-12,HORA_24,1.0,516093.0,516093.0,0.0,516093.0,PL-258932,0.0,0.0,TER-003,True,True,0.0,False,
LQ-202605-0113,VEH-036,2026-05-28,2026-05-28,RUT-09,HORA,13.0,36068.0,468884.0,0.0,468884.0,PL-206928,0.0,0.0,,True,False,0.0,False,
LQ-202605-0113,VEH-021,2026-05-29,2026-05-31,RUT-11,HORA_24,1.0,557339.0,557339.0,0.0,557339.0,PL-460191,3.0,112140.0,,True,False,336420.0,False,
LQ-202505-0047,VEH-016,2025-05-26,2025-05-28,RUT-02,HORA_12,1.0,341500.0,341500.0,0.0,341500.0,PL-584664,0.0,0.0,,True,False,0.0,False,
LQ-202511-0080,VEH-010,2025-11-09,2025-11-09,RUT-13,KILOMETRO,193.16,4104.0,792728.64,0.0,792728.64,PL-138460,0.0,0.0,,True,False,0.0,False,
LQ-202503-0038,VEH-035,2025-03-04,2025-03-07,RUT-07,HORA_12,1.0,253654.0,253654.0,0.0,253654.0,PL-204545,0.0,0.0,,True,False,0.0,False,
LQ-202510-0076,VEH-012,2025-10-14,2025-10-17,RUT-10,HORA_24,1.0,443107.0,443107.0,0.0,443107.0,PL-293186,0.0,0.0,,True,False,0.0,False,
LQ-202511-0082,VEH-039,2025-11-27,2025-11-29,RUT-10,HORA_12,1.0,259642.0,259642.0,2.97,251930.63,PL-335789,0.0,0.0,TER-012,True,True,0.0,False,
LQ-202506-0053,VEH-029,2025-06-28,2025-06-30,RUT-13,HORA_24,1.0,537472.0,537472.0,0.0,537472.0,PL-260101,0.0,0.0,TER-007,True,True,0.0,False,
LQ-202608-0133,VEH-021,2026-08-02,2026-08-05,RUT-03,HORA_24,1.0,544316.0,544316.0,0.0,544316.0,PL-727090,0.0,0.0,TER-001,True,True,0.0,False,
LQ-202507-0062,VEH-034,2025-07-11,2025-07-11,RUT-10,HORA_24,1.0,520973.0,520973.0,2.59,507479.8,PL-158705,0.0,0.0,,True,False,0.0,False,
LQ-202601-0094,VEH-023,2026-01-14,2026-01-14,RUT-04,HORA,4.61,26408.0,121740.88,0.0,121740.88,PL-125768,3.0,85144.0,TER-011,True,True,255432.0,False,
LQ-202509-0067,VEH-014,2025-09-15,2025-09-15,RUT-02,HORA,8.72,35205.0,306987.6,0.0,306987.6,PL-354695,0.0,0.0,,True,False,0.0,False,
LQ-202501-0026,VEH-031,2025-01-17,2025-01-17,RUT-10,HORA,4.31,27821.0,119908.51,0.0,119908.51,PL-716551,0.0,0.0,TER-006,True,True,0.0,False,
LQ-202507-0063,VEH-029,2025-07-20,2025-07-20,RUT-12,HORA_24,1.0,5618589.0,5618589.0,0.0,5618589.0,PL-756477,0.0,0.0,,True,False,0.0,True,tarifa fuera de rango
LQ-202608-0134,VEH-030,2026-08-09,2026-08-12,RUT-14,HORA_12,1.0,266494.0,266494.0,0.0,266494.0,PL-151405,0.0,0.0,,True,False,0.0,False,
LQ-202601-0093,VEH-006,2026-01-28,2026-01-28,RUT-02,HORA,3.17,23662.0,75008.54,0.0,75008.54,PL-691318,2.0,80035.0,,True,False,160070.0,False,
LQ-202503-0039,VEH-025,2025-03-02,2025-03-05,RUT-06,HORA_24,1.0,508835.0,508835.0,0.0,508835.0,PL-867559,0.0,0.0,,True,False,0.0,False,
LQ-202604-0112,VEH-024,2026-04-25,2026-04-25,RUT-13,KILOMETRO,396.32,5064.0,2006964.48,0.0,2006964.48,PL-349794,0.0,0.0,,True,False,0.0,False,
LQ-202512-0084,VEH-010,2025-12-16,2025-12-16,RUT-02,HORA,5.21,25434.0,132511.14,1.36,130708.99,PL-532292,0.0,0.0,,True,False,0.0,False,
LQ-202502-0031,VEH-009,2025-02-15,2025-02-15,RUT-08,HORA_24,1.0,419327.0,419327.0,0.0,419327.0,PL-420415,0.0,0.0,,True,False,0.0,False,
LQ-202509-0068,VEH-003,2025-09-12,2025-09-14,RUT-09,HORA_24,1.0,448442.0,448442.0,0.0,448442.0,PL-434454,0.0,0.0,,True,False,0.0,False,
LQ-202607-0128,VEH-003,2026-07-08,2026-07-08,RUT-13,HORA,6.4,37218.0,238195.2,0.0,238195.2,PL-572043,0.0,0.0,,True,False,0.0,False,
LQ-202502-0032,VEH-011,2025-02-21,2025-02-21,RUT-08,HORA,8.94,28706.0,256631.64,0.0,256631.64,PL-183686,0.0,0.0,TER-007,True,True,0.0,False,
LQ-202507-0060,VEH-027,2025-07-22,2025-07-22,RUT-03,HORA_24,1.0,476560.0,476560.0,0.0,476560.0,PL-446810,1.0,102296.0,TER-009,True,True,102296.0,False,
LQ-202510-0077,VEH-006,2025-10-11,2025-10-14,RUT-09,HORA_24,1.0,6322124.0,6322124.0,0.0,6322124.0,PL-706205,0.0,0.0,TER-008,True,True,0.0,True,tarifa fuera de rango
LQ-202512-0088,VEH-020,2025-12-07,2025-12-09,RUT-02,HORA_12,1.0,197858.0,197858.0,0.0,197858.0,PL-433209,1.0,76877.0,,True,False,76877.0,False,
LQ-202412-0018,VEH-023,2024-12-22,2024-12-25,RUT-02,HORA_12,1.0,180933.0,180933.0,0.0,180933.0,PL-722725,2.0,73920.0,,True,False,147840.0,False,
LQ-202504-0042,VEH-025,2025-04-13,2025-04-16,RUT-14,HORA_12,1.0,251378.0,251378.0,0.0,251378.0,PL-293385,0.0,0.0,,True,False,0.0,False,
LQ-202507-0059,VEH-013,2025-07-29,2025-07-31,RUT-09,HORA_24,1.0,556308.0,556308.0,0.0,556308.0,PL-616583,0.0,0.0,,True,False,0.0,False,
LQ-202510-0073,VEH-027,2025-10-07,2025-10-07,RUT-06,HORA,6.07,33012.0,200382.84,0.0,200382.84,PL-488543,0.0,0.0,,True,False,0.0,False,
LQ-202510-0076,VEH-030,2025-10-17,2025-10-19,RUT-14,HORA_24,1.0,420215.0,420215.0,0.0,420215.0,PL-224867,0.0,0.0,,True,False,0.0,False,
LQ-202508-0066,VEH-024,2025-08-17,2025-08-17,RUT-13,HORA_24,1.0,479964.0,479964.0,0.0,479964.0,PL-370625,0.0,0.0,,True,False,0.0,False,
LQ-202502-0033,VEH-021,2025-02-05,2025-02-06,RUT-13,HORA_12,1.0,261846.0,261846.0,8.5,239589.09,PL-251729,2.0,94848.0,,True,False,189696.0,False,
LQ-202506-0056,VEH-014,2025-06-13,2025-06-16,RUT-15,HORA_24,1.0,485381.0,485381.0,6.8,452375.09,PL-806017,0.0,0.0,,True,False,0.0,False,
LQ-202409-0004,VEH-035,2024-09-12,2024-09-12,RUT-14,KILOMETRO,173.87,3758.0,653403.46,3.8,628574.13,PL-776149,0.0,0.0,,True,False,0.0,False,
LQ-202606-0120,VEH-032,2026-06-18,2026-06-19,RUT-09,HORA_24,1.0,557075.0,557075.0,0.0,557075.0,PL-963989,0.0,0.0,,True,False,0.0,False,
LQ-202603-0106,VEH-021,2026-03-18,2026-03-19,RUT-10,HORA_24,1.0,539535.0,539535.0,0.0,539535.0,,0.0,0.0,,False,False,0.0,False,
LQ-202409-0002,VEH-006,2024-09-11,2024-09-11,RUT-05,HORA,4.22,30950.0,130609.0,0.0,130609.0,PL-392477,0.0,0.0,,True,False,0.0,False,
LQ-202603-0104,VEH-026,2026-03-27,2026-03-27,RUT-10,HORA_24,1.0,491287.0,491287.0,0.0,491287.0,PL-424753,0.0,0.0,,True,False,0.0,False,
LQ-202512-0089,VEH-016,2025-12-19,2025-12-20,RUT-03,HORA_24,1.0,318464.0,318464.0,0.0,318464.0,PL-311059,3.0,72264.0,,True,False,216792.0,False,
LQ-202508-0064,VEH-016,2025-08-24,2025-08-26,RUT-12,HORA_24,1.0,483146.0,483146.0,0.0,483146.0,PL-768390,0.0,0.0,,True,False,0.0,False,
LQ-202607-0124,VEH-036,2026-07-29,2026-07-29,RUT-03,HORA_12,1.0,270333.0,270333.0,0.0,270333.0,PL-911113,2.0,106388.0,TER-007,True,True,212776.0,False,
LQ-202412-0022,VEH-022,2024-12-31,2024-12-31,RUT-11,HORA_24,1.0,350425.0,350425.0,0.0,350425.0,PL-184365,0.0,0.0,,True,False,0.0,False,
LQ-202504-0042,VEH-007,2025-04-08,2025-04-10,RUT-11,HORA_24,1.0,451947.0,451947.0,0.0,451947.0,PL-156620,0.0,0.0,,True,False,0.0,False,
LQ-202605-0117,VEH-007,2026-05-04,2026-05-05,RUT-15,HORA_12,1.0,290673.0,290673.0,0.0,290673.0,PL-264442,0.0,0.0,TER-011,True,True,0.0,False,
LQ-202507-0059,VEH-016,2025-07-26,2025-07-26,RUT-10,HORA_24,1.0,510695.0,510695.0,0.0,510695.0,PL-427216,0.0,0.0,,True,False,0.0,False,
LQ-202509-0072,VEH-037,2025-09-09,2025-09-09,RUT-07,HORA_24,1.0,420544.0,420544.0,0.0,420544.0,PL-855914,0.0,0.0,,True,False,0.0,False,
LQ-202501-0027,VEH-010,2025-01-07,2025-01-08,RUT-14,HORA_24,1.0,343628.0,343628.0,0.0,343628.0,PL-226460,0.0,0.0,TER-007,True,True,0.0,False,
LQ-202504-0043,VEH-024,2025-04-27,2025-04-30,RUT-03,HORA_24,1.0,497445.0,497445.0,0.0,497445.0,PL-447605,1.0,101837.0,,True,False,101837.0,False,
LQ-202601-0091,VEH-007,2026-01-04,2026-01-05,RUT-08,HORA_24,1.0,367766.0,367766.0,0.0,367766.0,PL-711284,0.0,0.0,,True,False,0.0,False,
LQ-202604-0112,VEH-032,2026-04-07,2026-04-09,RUT-07,HORA_24,1.0,486577.0,486577.0,0.0,486577.0,PL-905474,0.0,0.0,,True,False,0.0,False,
LQ-202504-0042,VEH-002,2025-04-10,2025-04-10,RUT-11,HORA_12,1.0,267415.0,267415.0,0.0,267415.0,PL-738309,0.0,0.0,,True,False,0.0,False,
LQ-202511-0080,VEH-011,2025-11-26,2025-11-26,RUT-05,HORA,10.25,30372.0,311313.0,0.0,311313.0,PL-706266,1.0,91973.0,TER-004,True,True,91973.0,False,
LQ-202608-0134,VEH-027,2026-08-31,2026-08-31,RUT-13,HORA_24,1.0,469006.0,469006.0,0.0,469006.0,PL-624128,0.0,0.0,,True,False,0.0,False,
LQ-202511-0082,VEH-016,2025-11-08,2025-11-09,RUT-04,HORA_24,1.0,403912.0,403912.0,0.0,403912.0,PL-474887,0.0,0.0,TER-003,True,True,0.0,False,
LQ-202604-0111,VEH-030,2026-04-18,2026-04-20,RUT-02,HORA_12,1.0,277578.0,277578.0,0.0,277578.0,PL-515158,0.0,0.0,,True,False,0.0,False,
LQ-202603-0107,VEH-011,2026-03-12,2026-03-12,RUT-04,HORA_12,1.0,274128.0,274128.0,0.0,274128.0,PL-252328,0.0,0.0,,True,False,0.0,False,
LQ-202410-0011,VEH-027,2024-10-02,2024-10-02,RUT-08,KILOMETRO,228.26,4162.0,950018.12,5.64,896437.1,PL-309146,0.0,0.0,,True,False,0.0,False,
LQ-202507-0060,VEH-033,2025-07-13,2025-07-13,RUT-06,KILOMETRO,377.62,4116.0,1554283.92,0.0,1554283.92,PL-776968,0.0,0.0,TER-005,True,True,0.0,False,
LQ-202410-0010,VEH-001,2024-10-04,2024-10-04,RUT-01,HORA,11.17,24946.0,278646.82,0.0,278646.82,PL-548580,2.0,94752.0,TER-012,True,True,189504.0,False,
LQ-202605-0115,VEH-026,2026-05-05,2026-05-05,RUT-09,HORA_12,1.0,290791.0,290791.0,0.0,290791.0,PL-688867,0.0,0.0,,True,False,0.0,False,
LQ-202608-0129,VEH-003,2026-08-09,2026-08-12,RUT-15,HORA_24,1.0,516162.0,516162.0,0.0,516162.0,PL-420989,0.0,0.0,,True,False,0.0,False,
LQ-202510-0073,VEH-011,2025-10-19,2025-10-19,RUT-13,HORA_24,13.89,521945.0,7249816.05,6.08,6809027.23,PL-794070,0.0,0.0,,True,False,0.0,True,cantidad fuera de rango
LQ-202505-0051,VEH-038,2025-05-16,2025-05-16,RUT-15,KILOMETRO,279.26,4841.0,1351897.66,0.0,1351897.66,PL-203578,0.0,0.0,,True,False,0.0,False,
LQ-202503-0035,VEH-017,2025-03-24,2025-03-25,RUT-03,HORA_24,1.0,484399.0,484399.0,0.0,484399.0,PL-835005,0.0,0.0,TER-007,True,True,0.0,False,
LQ-202603-0106,VEH-013,2026-03-17,2026-03-20,RUT-03,HORA_12,1.0,303031.0,303031.0,0.0,303031.0,PL-360172,2.0,107987.0,,True,False,215974.0,False,
LQ-202608-0134,VEH-012,2026-08-18,2026-08-21,RUT-02,HORA_24,1.0,454296.0,454296.0,0.0,454296.0,PL-752660,1.0,103460.0,,True,False,103460.0,False,
LQ-202507-0061,VEH-003,2025-07-04,2025-07-05,RUT-02,HORA_12,1.0,278926.0,278926.0,0.0,278926.0,PL-302310,0.0,0.0,,True,False,0.0,False,
LQ-202601-0091,VEH-038,2026-01-09,2026-01-09,RUT-02,HORA_24,1.0,375644.0,375644.0,3.75,361557.35,PL-786243,2.0,80035.0,,True,False,160070.0,False,
LQ-202606-0122,VEH-030,2026-06-04,2026-06-06,RUT-02,HORA_12,1.0,268414.0,268414.0,0.0,268414.0,PL-808761,0.0,0.0,,True,False,0.0,False,
LQ-202605-0116,VEH-029,2026-05-22,2026-05-23,RUT-05,HORA_12,1.0,281110.0,281110.0,0.0,281110.0,PL-879872,0.0,0.0,,True,False,0.0,False,
LQ-202510-0074,VEH-032,2025-10-04,2025-10-04,RUT-08,HORA,9.81,28392.0,278525.52,0.0,278525.52,PL-506648,0.0,0.0,,True,False,0.0,False,
LQ-202608-0133,VEH-036,2026-08-23,2026-08-25,RUT-02,HORA_24,1.0,516889.0,516889.0,0.0,516889.0,PL-372944,0.0,0.0,TER-007,True,True,0.0,False,
LQ-202504-0042,VEH-012,2025-04-19,2025-04-22,RUT-03,HORA_12,1.0,247647.0,247647.0,0.0,247647.0,PL-576126,0.0,0.0,TER-002,True,True,0.0,False,
LQ-202410-0010,VEH-008,2024-10-19,2024-10-22,RUT-08,HORA_24,1.0,470936.0,470936.0,0.0,470936.0,PL-380901,0.0,0.0,,True,False,0.0,False,
LQ-202505-0051,VEH-013,2025-05-09,2025-05-09,RUT-10,HORA_24,1.0,457110.0,457110.0,0.0,457110.0,PL-190705,0.0,0.0,,True,False,0.0,False,
LQ-202607-0124,VEH-021,2026-07-08,2026-07-09,RUT-02,HORA_24,1.0,554402.0,554402.0,0.0,554402.0,PL-152074,0.0,0.0,,True,False,0.0,False,
LQ-202508-0064,VEH-009,2025-08-04,2025-08-04,RUT-01,HORA_12,1.0,305738.0,305738.0,0.0,305738.0,PL-289485,1.0,105830.0,TER-010,True,True,105830.0,False,
LQ-202601-0090,VEH-015,2026-01-25,2026-01-25,RUT-10,HORA_24,1.0,418670.0,418670.0,0.0,418670.0,PL-806541,0.0,0.0,,True,False,0.0,False,
LQ-202509-0069,VEH-038,2025-09-29,2025-09-29,RUT-15,KILOMETRO,365.4,4181.0,1527737.4,0.0,1527737.4,PL-372241,0.0,0.0,,True,False,0.0,False,
LQ-202506-0053,VEH-004,2025-06-14,2025-06-17,RUT-08,HORA_12,1.0,311281.0,311281.0,0.0,311281.0,PL-470534,0.0,0.0,,True,False,0.0,False,
LQ-202507-0061,VEH-028,2025-07-11,2025-07-12,RUT-13,HORA_24,1.0,479534.0,479534.0,0.0,479534.0,PL-929142,0.0,0.0,,True,False,0.0,False,
LQ-202410-0008,VEH-021,2024-10-08,2024-10-10,RUT-05,HORA_24,1.0,5140859.0,5140859.0,0.0,5140859.0,PL-348411,0.0,0.0,,True,False,0.0,True,tarifa fuera de rango
LQ-202606-0119,VEH-013,2026-06-30,2026-06-30,RUT-06,HORA_24,1.0,501644.0,501644.0,0.0,501644.0,PL-853917,0.0,0.0,TER-005,True,True,0.0,False,
LQ-202508-0064,VEH-012,2025-08-23,2025-08-26,RUT-03,HORA_12,1.0,291209.0,291209.0,0.0,291209.0,PL-166397,0.0,0.0,,True,False,0.0,False,
LQ-202412-0021,VEH-016,2024-12-04,2024-12-04,RUT-06,HORA,9.08,24632.0,223658.56,0.0,223658.56,PL-552686,0.0,0.0,,True,False,0.0,False,
LQ-202501-0028,VEH-014,2025-01-02,2025-01-02,RUT-09,HORA_24,1.0,342850.0,342850.0,0.0,342850.0,PL-479205,0.0,0.0,TER-005,True,True,0.0,False,
LQ-202509-0072,VEH-026,2025-09-23,2025-09-25,RUT-15,HORA_12,1.0,244832.0,244832.0,0.0,244832.0,PL-601718,0.0,0.0,TER-008,True,True,0.0,False,
LQ-202507-0063,VEH-002,2025-07-26,2025-07-26,RUT-02,KILOMETRO,152.35,4292.0,653886.2,0.0,653886.2,PL-242737,0.0,0.0,,True,False,0.0,False,
LQ-202512-0089,VEH-025,2025-12-31,2025-12-31,RUT-01,HORA,7.37,23844.0,175730.28,0.0,175730.28,PL-987681,2.0,72264.0,,True,False,144528.0,False,
LQ-202608-0133,VEH-024,2026-08-05,2026-08-08,RUT-02,HORA_12,1.0,284481.0,284481.0,0.0,284481.0,PL-430362,3.0,110064.0,,True,False,330192.0,False,
LQ-202409-0004,VEH-032,2024-09-16,2024-09-16,RUT-01,KILOMETRO,221.97,3973.0,881886.81,0.0,881886.81,PL-847006,1.0,92947.0,,True,False,92947.0,False,
LQ-202507-0061,VEH-034,2025-07-08,2025-07-09,RUT-15,HORA_12,1.0,286002.0,286002.0,0.0,286002.0,PL-779207,0.0,0.0,TER-005,True,True,0.0,False,
LQ-202506-0058,VEH-024,2025-06-01,2025-06-03,RUT-13,HORA_24,1.0,481013.0,481013.0,0.0,481013.0,PL-453558,0.0,0.0,TER-008,True,True,0.0,False,
LQ-202505-0050,VEH-006,2025-05-26,2025-05-27,RUT-12,HORA_12,1.0,268899.0,268899.0,0.0,268899.0,PL-770513,0.0,0.0,,True,False,0.0,False,
LQ-202410-0010,VEH-018,2024-10-19,2024-10-19,RUT-02,HORA_12,1.0,246057.0,246057.0,0.0,246057.0,PL-335765,1.0,94752.0,,True,False,94752.0,False,
LQ-202412-0020,VEH-005,2024-12-13,2024-12-13,RUT-15,HORA_24,1.0,350238.0,350238.0,0.0,350238.0,PL-407057,0.0,0.0,,True,False,0.0,False,
LQ-202508-0066,VEH-027,2025-08-05,2025-08-05,RUT-13,HORA,10.14,30721.0,311510.94,0.0,311510.94,PL-452853,0.0,0.0,,True,False,0.0,False,
LQ-202606-0118,VEH-035,2026-06-30,2026-06-30,RUT-05,HORA,9.64,29493.0,284312.52,0.0,284312.52,PL-561876,1.0,115255.0,,True,False,115255.0,False,
LQ-202411-0017,VEH-029,2024-11-07,2024-11-09,RUT-01,HORA_12,1.0,246536.0,246536.0,0.0,246536.0,PL-880762,0.0,0.0,,True,False,0.0,False,
LQ-202509-0068,VEH-038,2025-09-04,2025-09-05,RUT-02,HORA_24,1.0,485620.0,485620.0,0.0,485620.0,PL-522379,0.0,0.0,,True,False,0.0,False,
LQ-202409-0004,VEH-003,2024-09-15,2024-09-15,RUT-02,HORA,8.01,30200.0,241902.0,0.0,241902.0,PL-440131,1.0,92947.0,,True,False,92947.0,False,
LQ-202411-0017,VEH-011,2024-11-22,2024-11-22,RUT-14,HORA_24,1.0,366421.0,366421.0,0.0,366421.0,PL-205149,0.0,0.0,TER-007,True,True,0.0,False,
LQ-202410-0007,VEH-027,2024-10-01,2024-10-03,RUT-14,HORA_24,1.0,470263.0,470263.0,0.0,470263.0,PL-712056,0.0,0.0,,True,False,0.0,False,
LQ-202412-0022,VEH-023,2024-12-04,2024-12-04,RUT-08,HORA,5.7,25652.0,146216.4,0.0,146216.4,PL-449636,0.0,0.0,,True,False,0.0,False,
LQ-202607-0124,VEH-006,2026-07-11,2026-07-14,RUT-15,HORA_24,1.0,486836.0,486836.0,0.0,486836.0,PL-756143,0.0,0.0,,True,False,0.0,False,
LQ-202512-0089,VEH-040,2025-12-24,2025-12-24,RUT-02,HORA_12,1.0,182931.0,182931.0,0.0,182931.0,PL-568093,2.0,72264.0,,True,False,144528.0,False,
LQ-202503-0036,VEH-032,2025-03-12,2025-03-12,RUT-07,HORA,8.2,31342.0,257004.4,0.0,257004.4,PL-290330,0.0,0.0,,True,False,0.0,False,
LQ-202504-0046,VEH-007,2025-04-16,2025-04-19,RUT-15,HORA_12,1.0,264688.0,264688.0,0.0,264688.0,PL-506400,0.0,0.0,TER-003,True,True,0.0,False,
LQ-202510-0074,VEH-005,2025-10-22,2025-10-22,RUT-01,HORA,13.2,31019.0,409450.8,0.0,409450.8,PL-576488,0.0,0.0,,True,False,0.0,False,
LQ-202606-0118,VEH-005,2026-06-07,2026-06-07,RUT-08,HORA,6.76,37282.0,252026.32,0.0,252026.32,PL-293314,1.0,115255.0,,True,False,115255.0,False,
LQ-202603-0102,VEH-020,2026-03-25,2026-03-26,RUT-02,HORA_12,1.0,307935.0,307935.0,0.0,307935.0,PL-565609,3.0,107987.0,TER-001,True,True,323961.0,False,
LQ-202606-0122,VEH-007,2026-06-06,2026-06-07,RUT-02,HORA_12,1.0,325455.0,325455.0,0.0,325455.0,PL-329031,0.0,0.0,,True,False,0.0,False,
LQ-202504-0046,VEH-014,2025-04-16,2025-04-16,RUT-11,KILOMETRO,363.64,4670.0,1698198.8,0.0,1698198.8,PL-884346,0.0,0.0,,True,False,0.0,False,
LQ-202601-0094,VEH-014,2026-01-08,2026-01-10,RUT-04,HORA_12,1.0,206289.0,206289.0,0.0,206289.0,PL-499915,0.0,0.0,,True,False,0.0,False,
LQ-202504-0045,VEH-002,2025-04-24,2025-04-24,RUT-03,KILOMETRO,168.42,5114.0,861299.88,3.35,832446.33,PL-903966,3.0,101837.0,TER-001,True,True,305511.0,False,
LQ-202512-0085,VEH-026,2025-12-26,2025-12-26,RUT-02,HORA_24,1.0,325793.0,325793.0,0.0,325793.0,PL-906297,0.0,0.0,TER-012,True,True,0.0,False,
LQ-202501-0027,VEH-012,2025-01-11,2025-01-11,RUT-12,HORA,10.43,26621.0,277657.03,0.0,277657.03,PL-760766,1.0,81869.0,,True,False,81869.0,False,
LQ-202409-0006,VEH-012,2024-09-03,2024-09-06,RUT-13,HORA_12,1.0,259927.0,259927.0,8.16,238716.96,PL-671971,0.0,0.0,TER-002,True,True,0.0,False,
LQ-202504-0046,VEH-029,2025-04-13,2025-04-16,RUT-14,HORA_24,1.0,492650.0,492650.0,0.0,492650.0,PL-264592,0.0,0.0,,True,False,0.0,False,
LQ-202511-0081,VEH-029,2025-11-03,2025-11-03,RUT-14,HORA_24,1.0,404310.0,404310.0,0.0,404310.0,PL-587119,1.0,91973.0,,True,False,91973.0,False,
LQ-202502-0029,VEH-001,2025-02-12,2025-02-15,RUT-02,HORA_24,1.0,460373.0,460373.0,0.0,460373.0,PL-230824,1.0,94848.0,,True,False,94848.0,False,
LQ-202507-0063,VEH-022,2025-07-08,2025-07-10,RUT-03,HORA_24,1.0,524220.0,524220.0,0.0,524220.0,PL-684483,0.0,0.0,,True,False,0.0,False,
LQ-202511-0079,VEH-037,2025-11-06,2025-11-06,RUT-15,HORA,5.41,30440.0,164680.4,0.0,164680.4,PL-870711,0.0,0.0,,True,False,0.0,False,
LQ-202505-0052,VEH-023,2025-05-15,2025-05-16,RUT-07,HORA_12,1.0,290351.0,290351.0,0.0,290351.0,PL-767625,0.0,0.0,,True,False,0.0,False,
LQ-202601-0090,VEH-014,2026-01-02,2026-01-02,RUT-13,HORA,9.29,28287.0,262786.23,0.0,262786.23,PL-368462,0.0,0.0,,True,False,0.0,False,
LQ-202409-0004,VEH-023,2024-09-16,2024-09-16,RUT-14,KILOMETRO,427.29,4107.0,1754880.03,1.93,1721010.85,PL-702733,0.0,0.0,TER-012,True,True,0.0,False,
LQ-202412-0020,VEH-010,2024-12-06,2024-12-08,RUT-13,HORA_24,1.0,358500.0,358500.0,0.0,358500.0,PL-269999,0.0,0.0,,True,False,0.0,False,
LQ-202507-0059,VEH-027,2025-07-26,2025-07-26,RUT-11,HORA_24,1.0,538397.0,538397.0,0.0,538397.0,PL-497121,0.0,0.0,,True,False,0.0,False,
LQ-202409-0001,VEH-003,2024-09-13,2024-09-13,RUT-02,HORA_24,1.0,409292.0,409292.0,0.0,409292.0,PL-865179,2.0,98880.0,,True,False,197760.0,False,
LQ-202409-0002,VEH-033,2024-09-18,2024-09-18,RUT-06,HORA,2.87,30680.0,88051.6,0.0,88051.6,PL-778998,0.0,0.0,,True,False,0.0,False,
LQ-202506-0055,VEH-032,2025-06-25,2025-06-26,RUT-07,HORA_12,1.0,301440.0,301440.0,0.0,301440.0,PL-459042,0.0,0.0,,True,False,0.0,False,
LQ-202411-0015,VEH-038,2024-11-04,2024-11-04,RUT-10,HORA,10.24,32500.0,332800.0,0.0,332800.0,PL-628689,0.0,0.0,TER-008,True,True,0.0,False,
LQ-202603-0103,VEH-013,2026-03-03,2026-03-03,RUT-06,KILOMETRO,140.16,4431.0,621048.96,0.0,621048.96,PL-636041,0.0,0.0,,True,False,0.0,False,
LQ-202409-0001,VEH-015,2024-09-22,2024-09-22,RUT-01,HORA,7.91,31598.0,249940.18,0.0,249940.18,PL-205907,1.0,98880.0,,True,False,98880.0,False,
LQ-202503-0039,VEH-012,2025-03-04,2025-03-04,RUT-12,HORA,9.5,30514.0,289883.0,0.0,289883.0,PL-379714,0.0,0.0,TER-011,True,True,0.0,False,
LQ-202502-0029,VEH-009,2025-02-14,2025-02-14,RUT-12,KILOMETRO,167.65,3673.0,615778.45,0.0,615778.45,PL-608312,0.0,0.0,,True,False,0.0,False,
LQ-202511-0080,VEH-018,2025-11-11,2025-11-11,RUT-01,HORA_24,1.0,460324.0,460324.0,0.0,460324.0,PL-622892,0.0,0.0,,True,False,0.0,False,
LQ-202410-0007,VEH-040,2024-10-05,2024-10-08,RUT-07,HORA_24,1.0,518155.0,518155.0,0.0,518155.0,PL-594514,0.0,0.0,,True,False,0.0,False,
LQ-202502-0033,VEH-025,2025-02-24,2025-02-24,RUT-04,HORA_12,1.0,260243.0,260243.0,0.0,260243.0,PL-704941,2.0,94848.0,,True,False,189696.0,False,
LQ-202511-0080,VEH-014,2025-11-02,2025-11-04,RUT-06,HORA_24,1.0,430670.0,430670.0,0.0,430670.0,PL-836956,0.0,0.0,,True,False,0.0,False,
LQ-202410-0008,VEH-006,2024-10-28,2024-10-31,RUT-10,HORA_24,1.0,382282.0,382282.0,0.0,382282.0,PL-520304,0.0,0.0,,True,False,0.0,False,
LQ-202601-0090,VEH-016,2026-01-29,2026-01-30,RUT-07,HORA_24,1.0,398553.0,398553.0,0.0,398553.0,PL-124244,0.0,0.0,,True,False,0.0,False,
LQ-202605-0116,VEH-028,2026-05-07,2026-05-07,RUT-12,HORA,9.8,33294.0,326281.2,0.0,326281.2,PL-392026,0.0,0.0,,True,False,0.0,False,
LQ-202503-0037,VEH-024,2025-03-04,2025-03-05,RUT-03,HORA_24,1.0,477654.0,477654.0,0.0,477654.0,PL-156710,2.0,103834.0,,True,False,207668.0,False,
LQ-202606-0119,VEH-036,2026-06-23,2026-06-24,RUT-04,HORA_12,1.0,290843.0,290843.0,0.0,290843.0,PL-850139,0.0,0.0,,True,False,0.0,False,
LQ-202505-0052,VEH-019,2025-05-15,2025-05-15,RUT-03,KILOMETRO,230.53,4272.0,984824.16,0.0,984824.16,PL-768040,1.0,101358.0,,True,False,101358.0,False,
LQ-202605-0114,VEH-030,2026-05-26,2026-05-27,RUT-12,HORA_12,1.0,282729.0,282729.0,0.0,282729.0,PL-780776,0.0,0.0,TER-002,True,True,0.0,False,
LQ-202512-0089,VEH-015,2025-12-10,2025-12-10,RUT-11,KILOMETRO,537.28,3298.0,1771949.44,0.0,1771949.44,PL-337648,0.0,0.0,TER-002,True,True,0.0,True,cantidad fuera de rango
LQ-202603-0103,VEH-015,2026-03-23,2026-03-23,RUT-13,KILOMETRO,281.13,4837.0,1359825.81,0.0,1359825.81,PL-983696,0.0,0.0,TER-008,True,True,0.0,False,
LQ-202511-0080,VEH-006,2025-11-18,2025-11-18,RUT-07,HORA,7.44,28140.0,209361.6,0.0,209361.6,PL-452613,0.0,0.0,,True,False,0.0,False,
LQ-202511-0083,VEH-014,2025-11-14,2025-11-15,RUT-14,HORA_24,1.0,423127.0,423127.0,0.0,423127.0,PL-307856,0.0,0.0,,True,False,0.0,False,
LQ-202505-0048,VEH-033,2025-05-25,2025-05-28,RUT-04,HORA_24,1.0,499958.0,499958.0,0.0,499958.0,PL-706395,1.0,101358.0,,True,False,101358.0,False,
LQ-202505-0051,VEH-019,2025-05-11,2025-05-14,RUT-11,HORA_24,1.0,482029.0,482029.0,0.0,482029.0,PL-435876,0.0,0.0,TER-004,True,True,0.0,False,
LQ-202608-0133,VEH-027,2026-08-06,2026-08-08,RUT-04,HORA_12,1.0,259805.0,259805.0,0.0,259805.0,PL-997235,3.0,110064.0,,True,False,330192.0,False,
LQ-202509-0072,VEH-023,2025-09-20,2025-09-20,RUT-09,KILOMETRO,272.93,4114.0,1122834.02,0.0,1122834.02,PL-348755,0.0,0.0,,True,False,0.0,False,
LQ-202512-0084,VEH-018,2025-12-17,2025-12-17,RUT-08,HORA_24,1.0,360782.0,360782.0,0.0,360782.0,PL-795545,0.0,0.0,TER-002,True,True,0.0,False,
LQ-202606-0118,VEH-003,2026-06-23,2026-06-23,RUT-15,HORA_12,1.0,318028.0,318028.0,0.0,318028.0,PL-144465,0.0,0.0,,True,False,0.0,False,
LQ-202504-0042,VEH-014,2025-04-22,2025-04-22,RUT-02,HORA_12,1.0,262080.0,262080.0,4.95,249107.04,PL-618970,0.0,0.0,,True,False,0.0,False,
LQ-202603-0104,VEH-011,2026-03-26,2026-03-29,RUT-09,HORA_12,1.0,288723.0,288723.0,0.0,288723.0,PL-644624,0.0,0.0,,True,False,0.0,False,
LQ-202507-0062,VEH-032,2025-07-04,2025-07-07,RUT-15,HORA_24,1.0,539782.0,539782.0,0.0,539782.0,PL-347411,0.0,0.0,,True,False,0.0,False,
LQ-202606-0119,VEH-024,2026-06-29,2026-06-30,RUT-07,HORA_24,1.0,548858.0,548858.0,0.0,548858.0,PL-496863,2.0,108340.0,TER-008,True,True,216680.0,False,
LQ-202510-0073,VEH-012,2025-10-25,2025-10-27,RUT-06,HORA_12,1.0,306727.0,306727.0,0.0,306727.0,PL-391497,0.0,0.0,,True,False,0.0,False,
LQ-202507-0062,VEH-025,2025-07-24,2025-07-27,RUT-02,HORA_12,1.0,290792.0,290792.0,0.0,290792.0,PL-150011,0.0,0.0,,True,False,0.0,False,
LQ-202603-0107,VEH-026,2026-03-24,2026-03-24,RUT-12,HORA_12,1.0,272591.0,272591.0,0.0,272591.0,PL-732983,0.0,0.0,,True,False,0.0,False,
LQ-202506-0055,VEH-037,2025-06-08,2025-06-08,RUT-06,HORA,8.46,38393.0,324804.78,0.0,324804.78,PL-581379,0.0,0.0,,True,False,0.0,False,
LQ-202603-0103,VEH-012,2026-03-21,2026-03-23,RUT-05,HORA_24,1.0,478079.0,478079.0,0.0,478079.0,PL-492990,1.0,101508.0,,True,False,101508.0,False,
LQ-202504-0042,VEH-003,2025-04-18,2025-04-18,RUT-15,KILOMETRO,212.57,4240.0,901296.8,0.0,901296.8,PL-209116,0.0,0.0,TER-009,True,True,0.0,False,
LQ-202512-0085,VEH-037,2025-12-28,2025-12-28,RUT-04,HORA_12,1.0,176573.0,176573.0,0.0,176573.0,PL-174152,0.0,0.0,TER-002,True,True,0.0,False,
LQ-202505-0049,VEH-037,2025-05-23,2025-05-26,RUT-06,HORA_12,1.0,297198.0,297198.0,0.0,297198.0,PL-379682,0.0,0.0,,True,False,0.0,False,
LQ-202607-0128,VEH-007,2026-07-25,2026-07-27,RUT-07,HORA_12,1.0,307134.0,307134.0,0.0,307134.0,PL-464732,3.0,106388.0,,True,False,319164.0,False,
LQ-202510-0077,VEH-024,2025-10-14,2025-10-17,RUT-14,HORA_24,1.0,507946.0,507946.0,0.0,507946.0,PL-193774,0.0,0.0,,True,False,0.0,False,
LQ-202604-0111,VEH-021,2026-04-04,2026-04-04,RUT-02,HORA,12.79,32384.0,414191.36,0.0,414191.36,PL-434853,0.0,0.0,,True,False,0.0,False,
LQ-202511-0082,VEH-032,2025-11-05,2025-11-05,RUT-10,HORA_12,1.0,271220.0,271220.0,0.0,271220.0,PL-520991,0.0,0.0,TER-008,True,True,0.0,False,
LQ-202512-0086,VEH-016,2025-12-05,2025-12-06,RUT-06,HORA_12,1.0,211896.0,211896.0,0.0,211896.0,PL-719425,0.0,0.0,,True,False,0.0,False,
LQ-202607-0123,VEH-004,2026-07-28,2026-07-30,RUT-01,HORA_24,1.0,546795.0,546795.0,0.0,546795.0,PL-230230,0.0,0.0,,True,False,0.0,False,
LQ-202412-0019,VEH-039,2024-12-17,2024-12-17,RUT-07,HORA_24,1.0,342698.0,342698.0,0.0,342698.0,PL-657381,0.0,0.0,TER-004,True,True,0.0,False,
LQ-202606-0118,VEH-033,2026-06-21,2026-06-23,RUT-11,HORA_24,1.0,515719.0,515719.0,0.0,515719.0,PL-614431,0.0,0.0,TER-001,True,True,0.0,False,
LQ-202505-0047,VEH-035,2025-05-04,2025-05-07,RUT-08,HORA_24,1.0,471210.0,471210.0,3.57,454387.8,PL-718005,0.0,0.0,TER-008,True,True,0.0,False,
LQ-202509-0071,VEH-025,2025-09-12,2025-09-14,RUT-01,HORA_12,1.0,303919.0,303919.0,0.0,303919.0,PL-823338,3.0,102835.0,,True,False,308505.0,False,
LQ-202605-0116,VEH-018,2026-05-12,2026-05-14,RUT-08,HORA_24,1.0,545780.0,545780.0,0.0,545780.0,PL-642387,0.0,0.0,,True,False,0.0,False,
LQ-202503-0037,VEH-014,2025-03-08,2025-03-08,RUT-01,HORA,2.3,36109.0,83050.7,0.0,83050.7,PL-726116,1.0,103834.0,TER-005,True,True,103834.0,False,
LQ-202607-0125,VEH-010,2026-07-05,2026-07-07,RUT-13,HORA_24,1.0,565026.0,565026.0,0.0,565026.0,,0.0,0.0,,False,False,0.0,False,
LQ-202410-0007,VEH-018,2024-10-11,2024-10-14,RUT-08,HORA_12,1.0,289344.0,289344.0,0.0,289344.0,PL-401769,0.0,0.0,TER-011,True,True,0.0,False,
LQ-202409-0002,VEH-040,2024-09-13,2024-09-14,RUT-13,HORA_12,1.0,246836.0,246836.0,0.0,246836.0,PL-660069,0.0,0.0,TER-007,True,True,0.0,False,
LQ-202607-0125,VEH-030,2026-07-27,2026-07-27,RUT-12,HORA,4.03,36345.0,146470.35,0.0,146470.35,,0.0,0.0,TER-009,False,True,0.0,False,
LQ-202505-0051,VEH-026,2025-05-05,2025-05-06,RUT-06,HORA_24,1.0,513439.0,513439.0,0.0,513439.0,PL-143610,0.0,0.0,,True,False,0.0,False,
LQ-202508-0064,VEH-009,2025-08-14,2025-08-14,RUT-07,KILOMETRO,343.07,4774.0,1637816.18,0.0,1637816.18,PL-232626,1.0,105830.0,,True,False,105830.0,False,
LQ-202602-0100,VEH-016,2026-02-10,2026-02-10,RUT-07,HORA_24,1.0,489408.0,489408.0,0.0,489408.0,PL-753411,0.0,0.0,,True,False,0.0,False,
LQ-202604-0110,VEH-004,2026-04-06,2026-04-09,RUT-15,HORA_24,1.0,530675.0,530675.0,0.0,530675.0,PL-280072,0.0,0.0,,True,False,0.0,False,
LQ-202509-0068,VEH-022,2025-09-02,2025-09-02,RUT-12,HORA_24,1.0,428197.0,428197.0,0.0,428197.0,PL-529925,0.0,0.0,TER-001,True,True,0.0,False,
LQ-202411-0017,VEH-034,2024-11-07,2024-11-07,RUT-05,HORA,5.28,31008.0,163722.24,1.68,160971.71,PL-832377,0.0,0.0,TER-003,True,True,0.0,False,
LQ-202512-0088,VEH-034,2025-12-07,2025-12-07,RUT-10,HORA_24,1.0,365973.0,365973.0,0.0,365973.0,PL-937003,0.0,0.0,,True,False,0.0,False,
LQ-202409-0004,VEH-017,2024-09-04,2024-09-07,RUT-09,HORA_24,1.0,433196.0,433196.0,0.0,433196.0,PL-712955,0.0,0.0,,True,False,0.0,False,
LQ-202603-0107,VEH-036,2026-03-17,2026-03-17,RUT-02,HORA_24,1.0,488706.0,488706.0,0.0,488706.0,PL-764260,0.0,0.0,TER-001,True,True,0.0,False,
LQ-202508-0066,VEH-036,2025-08-28,2025-08-28,RUT-11,KILOMETRO,202.84,4240.0,860041.6,0.0,860041.6,PL-743186,0.0,0.0,,True,False,0.0,False,
LQ-202503-0040,VEH-005,2025-03-22,2025-03-25,RUT-01,HORA_24,1.0,385480.0,385480.0,0.0,385480.0,PL-279018,2.0,97604.0,,True,False,195208.0,False,
LQ-202504-0041,VEH-007,2025-04-26,2025-04-27,RUT-09,HORA_24,1.0,460789.0,460789.0,5.48,435537.76,PL-313426,3.0,101837.0,TER-003,True,True,305511.0,False,
LQ-202507-0062,VEH-026,2025-07-20,2025-07-20,RUT-15,HORA_12,1.0,267792.0,267792.0,0.0,267792.0,PL-649434,0.0,0.0,,True,False,0.0,False,
LQ-202607-0125,VEH-004,2026-07-22,2026-07-23,RUT-01,HORA_24,1.0,514422.0,514422.0,0.0,514422.0,PL-250967,0.0,0.0,,True,False,0.0,False,
LQ-202606-0118,VEH-033,2026-06-22,2026-06-24,RUT-02,HORA_24,1.0,543885.0,543885.0,0.0,543885.0,PL-573823,0.0,0.0,TER-009,True,True,0.0,False,
LQ-202508-0065,VEH-023,2025-08-12,2025-08-15,RUT-02,HORA_24,1.0,513244.0,513244.0,0.0,513244.0,PL-490038,0.0,0.0,TER-003,True,True,0.0,False,
LQ-202411-0015,VEH-023,2024-11-22,2024-11-24,RUT-14,HORA_12,1.0,256517.0,256517.0,0.0,256517.0,PL-176421,0.0,0.0,,True,False,0.0,False,
LQ-202506-0053,VEH-021,2025-06-03,2025-06-06,RUT-05,HORA_12,1.0,264054.0,264054.0,0.0,264054.0,PL-633506,3.0,110822.0,,True,False,332466.0,False,
LQ-202503-0039,VEH-027,2025-03-13,2025-03-13,RUT-04,KILOMETRO,264.28,4251.0,1123454.28,5.52,1061439.6,PL-177149,0.0,0.0,,True,False,0.0,False,
LQ-202601-0094,VEH-008,2026-01-04,2026-01-06,RUT-13,HORA_24,1.0,428761.0,428761.0,0.0,428761.0,PL-186629,0.0,0.0,,True,False,0.0,False,
LQ-202605-0116,VEH-006,2026-05-09,2026-05-09,RUT-12,HORA_12,1.0,288851.0,288851.0,0.0,288851.0,PL-236597,0.0,0.0,TER-004,True,True,0.0,False,
LQ-202607-0125,VEH-039,2026-07-31,2026-07-31,RUT-15,HORA_12,1.0,341535.0,341535.0,0.5,339827.32,PL-520722,0.0,0.0,,True,False,0.0,False,
LQ-202605-0117,VEH-037,2026-05-27,2026-05-28,RUT-12,HORA_24,1.0,526785.0,526785.0,0.0,526785.0,PL-777995,0.0,0.0,,True,False,0.0,False,
LQ-202607-0125,VEH-003,2026-07-28,2026-07-28,RUT-02,HORA_24,1.0,503735.0,503735.0,0.0,503735.0,PL-916901,3.0,113179.0,,True,False,339537.0,False,
LQ-202602-0101,VEH-036,2026-02-09,2026-02-09,RUT-01,HORA_12,1.0,261267.0,261267.0,0.0,261267.0,PL-105251,2.0,92723.0,TER-006,True,True,185446.0,False,
LQ-202607-0123,VEH-039,2026-07-30,2026-07-30,RUT-14,HORA_24,1.0,530563.0,530563.0,0.0,530563.0,PL-790378,0.0,0.0,,True,False,0.0,False,
LQ-202506-0056,VEH-025,2025-06-05,2025-06-05,RUT-06,HORA_12,1.0,270961.0,270961.0,0.0,270961.0,PL-276560,0.0,0.0,,True,False,0.0,False,
LQ-202510-0075,VEH-033,2025-10-01,2025-10-01,RUT-02,KILOMETRO,277.35,5582.0,1548167.7,0.0,1548167.7,PL-929530,3.0,104832.0,TER-004,True,True,314496.0,False,
LQ-202512-0086,VEH-037,2025-12-15,2025-12-15,RUT-15,HORA_12,1.0,208282.0,208282.0,0.0,208282.0,PL-871059,0.0,0.0,TER-011,True,True,0.0,False,
LQ-202502-0029,VEH-028,2025-02-13,2025-02-16,RUT-09,HORA_24,1.0,447690.0,447690.0,0.0,447690.0,PL-561457,0.0,0.0,,True,False,0.0,False,
LQ-202505-0052,VEH-029,2025-05-23,2025-05-23,RUT-10,HORA,6.45,32671.0,210727.95,0.0,210727.95,PL-713302,0.0,0.0,,True,False,0.0,False,
LQ-202502-0032,VEH-015,2025-02-22,2025-02-23,RUT-15,HORA_24,1.0,357005.0,357005.0,0.0,357005.0,PL-737600,0.0,0.0,,True,False,0.0,False,
LQ-202502-0032,VEH-026,2025-02-09,2025-02-09,RUT-04,KILOMETRO,269.56,3663.0,987398.28,0.0,987398.28,PL-496065,2.0,89157.0,TER-008,True,True,178314.0,False,
LQ-202501-0028,VEH-031,2025-01-01,2025-01-01,RUT-09,HORA_24,1.0,377930.0,377930.0,0.0,377930.0,PL-582515,3.0,76957.0,,True,False,230871.0,False,
LQ-202504-0042,VEH-015,2025-04-13,2025-04-13,RUT-03,HORA_12,1.0,262416.0,262416.0,0.0,262416.0,PL-692867,0.0,0.0,,True,False,0.0,False,
LQ-202512-0085,VEH-027,2025-12-12,2025-12-13,RUT-11,HORA_24,1.0,312330.0,312330.0,0.0,312330.0,PL-528909,3.0,72264.0,TER-009,True,True,216792.0,False,
LQ-202607-0126,VEH-009,2026-07-29,2026-07-29,RUT-01,HORA_12,1.0,310044.0,310044.0,3.26,299936.57,PL-328304,2.0,106388.0,TER-007,True,True,212776.0,False,
LQ-202512-0084,VEH-003,2025-12-02,2025-12-03,RUT-15,HORA_24,1.0,3741549.0,3741549.0,2.54,3646513.66,PL-642723,0.0,0.0,,True,False,0.0,True,tarifa fuera de rango
LQ-202410-0011,VEH-021,2024-10-10,2024-10-10,RUT-04,KILOMETRO,469.75,3969.0,1864437.75,0.0,1864437.75,PL-433507,2.0,100800.0,,True,False,201600.0,False,
LQ-202608-0133,VEH-030,2026-08-19,2026-08-21,RUT-11,HORA_12,1.0,292651.0,292651.0,0.0,292651.0,PL-664655,3.0,110064.0,,True,False,330192.0,False,
LQ-202602-0100,VEH-011,2026-02-10,2026-02-10,RUT-05,HORA_24,1.0,439047.0,439047.0,5.21,416172.65,PL-857079,0.0,0.0,TER-009,True,True,0.0,False,
LQ-202508-0066,VEH-040,2025-08-21,2025-08-24,RUT-07,HORA_24,1.0,480752.0,480752.0,0.0,480752.0,PL-795381,0.0,0.0,,True,False,0.0,False,
LQ-202409-0001,VEH-011,2024-09-16,2024-09-17,RUT-08,HORA_24,1.0,472256.0,472256.0,0.0,472256.0,PL-497382,0.0,0.0,TER-007,True,True,0.0,False,
LQ-202411-0015,VEH-008,2024-11-18,2024-11-18,RUT-09,KILOMETRO,121.91,4124.0,502756.84,0.0,502756.84,PL-897730,0.0,0.0,,True,False,0.0,False,
LQ-202411-0016,VEH-024,2024-11-22,2024-11-22,RUT-13,KILOMETRO,298.06,4218.0,1257217.08,0.0,1257217.08,PL-145548,0.0,0.0,,True,False,0.0,False,
LQ-202412-0022,VEH-025,2024-12-21,2024-12-21,RUT-05,HORA,7.5,27204.0,204030.0,0.0,204030.0,PL-792829,0.0,0.0,TER-012,True,True,0.0,False,
LQ-202409-0002,VEH-030,2024-09-08,2024-09-11,RUT-01,HORA_24,1.0,437965.0,437965.0,0.0,437965.0,PL-534572,0.0,0.0,,True,False,0.0,False,
LQ-202412-0020,VEH-035,2024-12-29,2024-12-29,RUT-14,HORA_24,1.0,301035.0,301035.0,0.0,301035.0,PL-514828,0.0,0.0,,True,False,0.0,True,tarifa fuera de rango
LQ-202410-0009,VEH-035,2024-10-15,2024-10-15,RUT-02,HORA,116.18,30750.0,3572535.0,0.0,3572535.0,PL-631221,2.0,100800.0,,True,False,201600.0,True,cantidad fuera de rango
LQ-202512-0085,VEH-013,2025-12-08,2025-12-08,RUT-12,HORA,8.28,23603.0,195432.84,0.0,195432.84,PL-158189,0.0,0.0,,True,False,0.0,False,
LQ-202607-0128,VEH-015,2026-07-03,2026-07-05,RUT-08,HORA_12,1.0,319676.0,319676.0,0.0,319676.0,PL-641654,0.0,0.0,,True,False,0.0,False,
LQ-202503-0040,VEH-018,2025-03-28,2025-03-31,RUT-13,HORA_12,1.0,240350.0,240350.0,0.0,240350.0,PL-970207,0.0,0.0,,True,False,0.0,False,
LQ-202507-0060,VEH-018,2025-07-24,2025-07-24,RUT-01,HORA_12,1.0,253513.0,253513.0,0.0,253513.0,PL-301897,0.0,0.0,TER-003,True,True,0.0,False,
LQ-202412-0019,VEH-016,2024-12-12,2024-12-12,RUT-01,HORA,10.14,22688.0,230056.32,0.0,230056.32,PL-625600,2.0,69485.0,TER-001,True,True,138970.0,False,
LQ-202508-0064,VEH-006,2025-08-06,2025-08-07,RUT-14,HORA_24,1.0,488622.0,488622.0,0.0,488622.0,PL-123950,0.0,0.0,,True,False,0.0,False,
LQ-202503-0040,VEH-034,2025-03-03,2025-03-03,RUT-02,HORA_12,1.0,260019.0,260019.0,0.0,260019.0,PL-201568,0.0,0.0,TER-002,True,True,0.0,False,
LQ-202512-0088,VEH-023,2025-12-02,2025-12-02,RUT-14,HORA,13.2,28606.0,377599.2,0.0,377599.2,PL-656213,0.0,0.0,,True,False,0.0,False,
LQ-202502-0032,VEH-022,2025-02-16,2025-02-16,RUT-05,KILOMETRO,319.54,3653.0,1167279.62,0.0,1167279.62,PL-488796,2.0,89157.0,,True,False,178314.0,False,
LQ-202410-0010,VEH-034,2024-10-07,2024-10-07,RUT-01,HORA,6.93,30440.0,210949.2,0.0,210949.2,PL-813013,1.0,94752.0,,True,False,94752.0,False,
LQ-202604-0111,VEH-020,2026-04-26,2026-04-26,RUT-14,KILOMETRO,304.89,4061.0,1238158.29,0.0,1238158.29,PL-919812,0.0,0.0,TER-008,True,True,0.0,False,
LQ-202409-0002,VEH-028,2024-09-20,2024-09-23,RUT-02,HORA_24,1.0,454586.0,454586.0,0.0,454586.0,PL-735656,0.0,0.0,,True,False,0.0,False,
LQ-202512-0089,VEH-023,2025-12-28,2025-12-30,RUT-11,HORA_12,1.0,200695.0,200695.0,0.0,200695.0,PL-233146,0.0,0.0,,True,False,0.0,False,
LQ-202409-0004,VEH-027,2024-09-08,2024-09-08,RUT-12,HORA,5.4,31621.0,170753.4,0.0,170753.4,PL-145767,0.0,0.0,,True,False,0.0,False,
LQ-202510-0075,VEH-012,2025-10-23,2025-10-26,RUT-03,HORA_24,1.0,500647.0,500647.0,0.0,500647.0,PL-117938,1.0,104832.0,,True,False,104832.0,False,
LQ-202502-0034,VEH-038,2025-02-09,2025-02-09,RUT-08,KILOMETRO,266.28,3427.0,912541.56,0.0,912541.56,PL-289893,0.0,0.0,,True,False,0.0,False,
LQ-202509-0071,VEH-002,2025-09-08,2025-09-08,RUT-08,HORA_12,1.0,295121.0,295121.0,0.0,295121.0,PL-131444,0.0,0.0,,True,False,0.0,False,
LQ-202509-0070,VEH-017,2025-09-17,2025-09-18,RUT-12,HORA_24,1.0,433549.0,433549.0,0.0,433549.0,PL-359985,0.0,0.0,,True,False,0.0,False,
LQ-202503-0037,VEH-018,2025-03-01,2025-03-01,RUT-14,HORA_24,1.0,489873.0,489873.0,0.0,489873.0,PL-249564,0.0,0.0,,True,False,0.0,False,
LQ-202606-0122,VEH-001,2026-06-25,2026-06-27,RUT-01,HORA_24,1.0,484289.0,484289.0,0.0,484289.0,PL-686319,3.0,108340.0,,True,False,325020.0,False,
LQ-202509-0071,VEH-006,2025-09-07,2025-09-10,RUT-15,HORA_24,1.0,436734.0,436734.0,0.0,436734.0,PL-618391,0.0,0.0,,True,False,0.0,False,
LQ-202512-0088,VEH-021,2025-12-01,2025-12-01,RUT-07,KILOMETRO,349.53,3635.0,1270541.55,0.0,1270541.55,PL-960442,0.0,0.0,,True,False,0.0,False,
LQ-202601-0095,VEH-007,2026-01-03,2026-01-03,RUT-04,HORA,2.98,29891.0,89075.18,0.0,89075.18,PL-217100,0.0,0.0,TER-011,True,True,0.0,False,
LQ-202506-0058,VEH-039,2025-06-25,2025-06-25,RUT-13,KILOMETRO,288.25,4428.0,1276371.0,0.0,1276371.0,PL-795535,0.0,0.0,TER-010,True,True,0.0,False,
LQ-202506-0055,VEH-018,2025-06-21,2025-06-21,RUT-13,HORA,3.1,34460.0,106826.0,3.73,102841.39,PL-587070,0.0,0.0,,True,False,0.0,False,
LQ-202502-0034,VEH-006,2025-02-03,2025-02-03,RUT-11,HORA,4.13,28906.0,119381.78,1.94,117065.77,PL-273133,0.0,0.0,,True,False,0.0,False,
LQ-202507-0062,VEH-001,2025-07-28,2025-07-28,RUT-01,HORA_12,1.0,293674.0,293674.0,0.0,293674.0,PL-106829,1.0,108826.0,,True,False,108826.0,False,
LQ-202605-0116,VEH-025,2026-05-24,2026-05-24,RUT-03,KILOMETRO,357.44,4859.0,1736800.96,0.0,1736800.96,PL-631163,0.0,0.0,,True,False,0.0,False,
LQ-202601-0094,VEH-029,2026-01-23,2026-01-23,RUT-15,KILOMETRO,255.4,3810.0,973074.0,0.0,973074.0,PL-214672,0.0,0.0,,True,False,0.0,False,
LQ-202510-0075,VEH-009,2025-10-18,2025-10-18,RUT-09,HORA_24,1.0,487141.0,487141.0,0.0,487141.0,PL-977838,0.0,0.0,,True,False,0.0,False,
LQ-202411-0016,VEH-007,2024-11-22,2024-11-22,RUT-09,HORA,13.6,30961.0,421069.6,0.0,421069.6,PL-286040,0.0,0.0,,True,False,0.0,False,
LQ-202509-0071,VEH-020,2025-09-11,2025-09-11,RUT-10,KILOMETRO,226.44,4378.0,991354.32,0.0,991354.32,PL-632724,0.0,0.0,TER-006,True,True,0.0,False,
LQ-202511-0083,VEH-018,2025-11-29,2025-11-29,RUT-06,HORA_24,1.0,444139.0,444139.0,0.0,444139.0,PL-545441,0.0,0.0,,True,False,0.0,False,
LQ-202606-0122,VEH-038,2026-06-17,2026-06-20,RUT-06,HORA_24,1.0,483436.0,483436.0,0.0,483436.0,PL-407592,0.0,0.0,,True,False,0.0,False,
LQ-202512-0089,VEH-015,2025-12-16,2025-12-18,RUT-07,HORA_24,1.0,331136.0,331136.0,4.7,315572.61,PL-959206,0.0,0.0,,True,False,0.0,False,
LQ-202504-0045,VEH-018,2025-04-30,2025-04-30,RUT-15,HORA,15.73,31347.0,493088.31,0.0,493088.31,PL-705540,0.0,0.0,,True,False,0.0,False,
LQ-202511-0080,VEH-039,2025-11-16,2025-11-17,RUT-10,HORA_24,1.0,447714.0,447714.0,0.0,447714.0,PL-894996,0.0,0.0,,True,False,0.0,False,
LQ-202412-0021,VEH-016,2024-12-18,2024-12-21,RUT-05,HORA_24,1.0,295874.0,295874.0,0.0,295874.0,PL-674566,3.0,69485.0,TER-008,True,True,208455.0,True,tarifa fuera de rango
LQ-202412-0018,VEH-020,2024-12-01,2024-12-01,RUT-10,KILOMETRO,193.78,3190.0,618158.2,0.0,618158.2,PL-106887,0.0,0.0,,True,False,0.0,False,
LQ-202505-0047,VEH-012,2025-05-17,2025-05-18,RUT-10,HORA_24,1.0,506271.0,506271.0,0.0,506271.0,PL-823201,0.0,0.0,,True,False,0.0,False,
LQ-202606-0119,VEH-020,2026-06-24,2026-06-27,RUT-13,HORA_24,1.0,494786.0,494786.0,0.0,494786.0,PL-725752,0.0,0.0,,True,False,0.0,False,
LQ-202608-0133,VEH-037,2026-08-19,2026-08-19,RUT-07,KILOMETRO,298.54,5260.0,1570320.4,0.0,1570320.4,PL-478463,0.0,0.0,,True,False,0.0,False,
LQ-202601-0094,VEH-002,2026-01-21,2026-01-21,RUT-04,HORA_24,1.0,414832.0,414832.0,0.0,414832.0,PL-229489,0.0,0.0,TER-003,True,True,0.0,False,
LQ-202607-0124,VEH-009,2026-07-29,2026-07-31,RUT-01,HORA_12,1.0,3312094.0,3312094.0,0.0,3312094.0,PL-514815,0.0,0.0,,True,False,0.0,True,tarifa fuera de rango
LQ-202409-0002,VEH-018,2024-09-24,2024-09-27,RUT-03,HORA_24,1.0,398396.0,398396.0,0.0,398396.0,PL-903013,0.0,0.0,,True,False,0.0,False,
LQ-202507-0062,VEH-033,2025-07-13,2025-07-16,RUT-10,HORA_12,1.0,330109.0,330109.0,5.0,313603.55,PL-311873,2.0,108826.0,TER-011,True,True,217652.0,False,
LQ-202412-0021,VEH-014,2024-12-19,2024-12-19,RUT-01,HORA,4.58,23226.0,106375.08,0.0,106375.08,PL-436467,0.0,0.0,TER-005,True,True,0.0,False,
LQ-202409-0003,VEH-010,2024-09-18,2024-09-19,RUT-02,HORA_24,1.0,461500.0,461500.0,0.0,461500.0,PL-174878,0.0,0.0,TER-005,True,True,0.0,False,
LQ-202412-0020,VEH-003,2024-12-26,2024-12-28,RUT-14,HORA_12,1.0,215791.0,215791.0,0.0,215791.0,PL-384685,0.0,0.0,,True,False,0.0,False,
LQ-202605-0115,VEH-010,2026-05-23,2026-05-26,RUT-14,HORA_24,1.0,490520.0,490520.0,0.0,490520.0,PL-475501,0.0,0.0,,True,False,0.0,False,
LQ-202507-0060,VEH-016,2025-07-26,2025-07-28,RUT-02,HORA_12,1.0,264310.0,264310.0,0.0,264310.0,PL-146316,3.0,102296.0,,True,False,306888.0,False,
LQ-202602-0099,VEH-016,2026-02-16,2026-02-18,RUT-13,HORA_12,1.0,244238.0,244238.0,0.0,244238.0,PL-399116,0.0,0.0,,True,False,0.0,False,
LQ-202410-0009,VEH-006,2024-10-08,2024-10-09,RUT-10,HORA_24,1.0,449738.0,449738.0,0.0,449738.0,PL-785491,0.0,0.0,,True,False,0.0,False,
LQ-202506-0054,VEH-010,2025-06-22,2025-06-22,RUT-14,HORA,8.75,33071.0,289371.25,0.0,289371.25,PL-727879,3.0,104173.0,,True,False,312519.0,False,
LQ-202605-0116,VEH-012,2026-05-15,2026-05-15,RUT-14,KILOMETRO,3748.47,5320.0,19941860.4,3.41,19261842.96,PL-949840,0.0,0.0,,True,False,0.0,True,cantidad fuera de rango
LQ-202410-0011,VEH-016,2024-10-16,2024-10-17,RUT-10,HORA_12,1.0,280538.0,280538.0,0.0,280538.0,PL-257880,0.0,0.0,TER-007,True,True,0.0,False,
LQ-202501-0028,VEH-004,2025-01-17,2025-01-17,RUT-14,HORA,9.59,26805.0,257059.95,0.0,257059.95,PL-559094,0.0,0.0,,True,False,0.0,False,
LQ-202604-0109,VEH-040,2026-04-29,2026-04-30,RUT-07,HORA_24,1.0,498150.0,498150.0,0.0,498150.0,PL-695245,0.0,0.0,,True,False,0.0,False,
LQ-202507-0061,VEH-039,2025-07-23,2025-07-26,RUT-11,HORA_24,1.0,7808689.0,7808689.0,0.0,7808689.0,PL-225515,0.0,0.0,,True,False,0.0,True,tarifa fuera de rango
LQ-202608-0134,VEH-027,2026-08-09,2026-08-11,RUT-04,HORA_12,1.0,285114.0,285114.0,0.0,285114.0,PL-517079,0.0,0.0,TER-006,True,True,0.0,False,
LQ-202507-0063,VEH-019,2025-07-08,2025-07-08,RUT-05,HORA,3.12,30848.0,96245.76,0.0,96245.76,PL-921401,0.0,0.0,,True,False,0.0,False,
LQ-202605-0117,VEH-016,2026-05-04,2026-05-06,RUT-03,HORA_24,1.0,525624.0,525624.0,0.0,525624.0,PL-809890,0.0,0.0,,True,False,0.0,False,
LQ-202512-0089,VEH-007,2025-12-01,2025-12-02,RUT-06,HORA_24,1.0,328867.0,328867.0,0.0,328867.0,PL-524137,0.0,0.0,,True,False,0.0,False,
LQ-202602-0099,VEH-020,2026-02-14,2026-02-14,RUT-08,HORA,7.24,30273.0,219176.52,0.0,219176.52,PL-639138,0.0,0.0,,True,False,0.0,False,
LQ-202605-0114,VEH-011,2026-05-23,2026-05-25,RUT-06,HORA_24,1.0,495696.0,495696.0,1.17,489896.36,PL-759007,0.0,0.0,,True,False,0.0,False,
LQ-202501-0024,VEH-035,2025-01-17,2025-01-17,RUT-08,HORA_24,1.0,358164.0,358164.0,0.0,358164.0,PL-406461,0.0,0.0,,True,False,0.0,False,
LQ-202509-0067,VEH-014,2025-09-09,2025-09-09,RUT-05,KILOMETRO,295.22,4374.0,1291292.28,0.0,1291292.28,PL-959254,0.0,0.0,,True,False,0.0,False,
LQ-202507-0060,VEH-013,2025-07-21,2025-07-21,RUT-13,HORA,9.05,35014.0,316876.7,0.0,316876.7,PL-604134,0.0,0.0,,True,False,0.0,False,
LQ-202409-0002,VEH-022,2024-09-14,2024-09-14,RUT-15,HORA,10.25,30017.0,307674.25,1.82,302074.58,PL-920391,0.0,0.0,,True,False,0.0,False,
LQ-202509-0067,VEH-003,2025-09-19,2025-09-21,RUT-14,HORA_24,1.0,507344.0,507344.0,0.0,507344.0,PL-103827,0.0,0.0,TER-001,True,True,0.0,False,
LQ-202410-0007,VEH-037,2024-10-23,2024-10-26,RUT-07,HORA_24,1.0,444797.0,444797.0,0.0,444797.0,PL-177333,0.0,0.0,TER-006,True,True,0.0,False,
LQ-202505-0047,VEH-039,2025-05-23,2025-05-23,RUT-15,KILOMETRO,388.98,4547.0,1768692.06,0.0,1768692.06,PL-778522,0.0,0.0,,True,False,0.0,False,
LQ-202508-0065,VEH-033,2025-08-17,2025-08-17,RUT-09,HORA,10.0,30517.0,305170.0,0.0,305170.0,PL-132019,0.0,0.0,,True,False,0.0,False,
LQ-202511-0080,VEH-036,2025-11-12,2025-11-12,RUT-02,HORA_24,1.0,427301.0,427301.0,0.0,427301.0,PL-506988,0.0,0.0,,True,False,0.0,False,
LQ-202409-0002,VEH-027,2024-09-11,2024-09-13,RUT-08,HORA_24,1.0,412316.0,412316.0,0.0,412316.0,PL-364525,0.0,0.0,,True,False,0.0,False,
LQ-202605-0116,VEH-010,2026-05-26,2026-05-27,RUT-15,HORA_12,1.0,320678.0,320678.0,0.0,320678.0,PL-925413,0.0,0.0,,True,False,0.0,False,
LQ-202507-0059,VEH-025,2025-07-15,2025-07-16,RUT-04,HORA_24,1.0,503964.0,503964.0,0.0,503964.0,PL-382737,2.0,108826.0,TER-004,True,True,217652.0,False,
LQ-202604-0109,VEH-006,2026-04-03,2026-04-03,RUT-11,HORA_24,1.0,521335.0,521335.0,0.0,521335.0,PL-957710,0.0,0.0,,True,False,0.0,False,
LQ-202512-0087,VEH-033,2025-12-13,2025-12-13,RUT-05,HORA,1.94,21644.0,41989.36,5.17,39818.51,PL-549190,0.0,0.0,,True,False,0.0,False,
LQ-202606-0121,VEH-017,2026-06-24,2026-06-27,RUT-14,HORA_24,1.0,552067.0,552067.0,9.89,497467.57,PL-965618,0.0,0.0,,True,False,0.0,False,
LQ-202603-0106,VEH-037,2026-03-02,2026-03-02,RUT-11,HORA,3.81,32818.0,125036.58,0.0,125036.58,PL-149152,0.0,0.0,,True,False,0.0,False,
LQ-202509-0070,VEH-023,2025-09-11,2025-09-11,RUT-06,HORA,6.96,35334.0,245924.64,8.02,226201.48,PL-968684,0.0,0.0,TER-008,True,True,0.0,False,
LQ-202409-0004,VEH-034,2024-09-15,2024-09-16,RUT-02,HORA_12,1.0,250157.0,250157.0,0.0,250157.0,PL-416282,3.0,92947.0,,True,False,278841.0,False,
LQ-202601-0090,VEH-007,2026-01-13,2026-01-13,RUT-03,HORA_24,1.0,427683.0,427683.0,0.0,427683.0,PL-387173,1.0,85144.0,,True,False,85144.0,False,
LQ-202501-0025,VEH-002,2025-01-19,2025-01-19,RUT-04,KILOMETRO,281.44,3531.0,993764.64,0.0,993764.64,PL-195189,2.0,81869.0,TER-012,True,True,163738.0,False,
LQ-202509-0067,VEH-034,2025-09-06,2025-09-09,RUT-07,HORA_12,1.0,296635.0,296635.0,0.0,296635.0,PL-345450,0.0,0.0,,True,False,0.0,False,
LQ-202508-0066,VEH-031,2025-08-05,2025-08-06,RUT-10,HORA_24,1.0,453566.0,453566.0,2.25,443360.76,PL-478867,0.0,0.0,TER-007,True,True,0.0,False,
LQ-202604-0111,VEH-023,2026-04-13,2026-04-13,RUT-02,HORA_12,1.0,243562.0,243562.0,0.0,243562.0,PL-656381,0.0,0.0,,True,False,0.0,False,
LQ-202602-0097,VEH-039,2026-02-21,2026-02-24,RUT-02,HORA_12,1.0,248508.0,248508.0,0.0,248508.0,PL-113243,0.0,0.0,,True,False,0.0,False,
LQ-202501-0024,VEH-038,2025-01-08,2025-01-08,RUT-06,HORA_24,1.0,369016.0,369016.0,0.0,369016.0,PL-836984,0.0,0.0,TER-012,True,True,0.0,False,
LQ-202411-0017,VEH-037,2024-11-26,2024-11-28,RUT-02,HORA_24,1.0,435064.0,435064.0,0.0,435064.0,PL-362292,0.0,0.0,,True,False,0.0,False,
LQ-202502-0032,VEH-025,2025-02-23,2025-02-24,RUT-02,HORA_12,1.0,229280.0,229280.0,0.0,229280.0,PL-810830,2.0,89157.0,,True,False,178314.0,False,
LQ-202605-0117,VEH-032,2026-05-10,2026-05-10,RUT-08,HORA,13.3,32631.0,433992.3,0.0,433992.3,PL-580762,0.0,0.0,TER-008,True,True,0.0,False,
LQ-202601-0092,VEH-031,2026-01-17,2026-01-20,RUT-11,HORA_12,1.0,202124.0,202124.0,0.0,202124.0,PL-891638,0.0,0.0,,True,False,0.0,False,
LQ-202604-0108,VEH-020,2026-04-10,2026-04-10,RUT-10,HORA_24,1.0,510814.0,510814.0,0.0,510814.0,PL-174247,0.0,0.0,TER-007,True,True,0.0,False,
LQ-202409-0005,VEH-012,2024-09-11,2024-09-11,RUT-14,HORA,5.72,33708.0,192809.76,0.0,192809.76,PL-141043,0.0,0.0,TER-008,True,True,0.0,False,
LQ-202410-0008,VEH-005,2024-10-17,2024-10-17,RUT-02,HORA,9.2,29282.0,269394.4,0.0,269394.4,PL-691573,0.0,0.0,TER-009,True,True,0.0,False,
LQ-202504-0042,VEH-019,2025-04-27,2025-04-30,RUT-06,HORA_24,1.0,441438.0,441438.0,10.18,396499.61,PL-250029,0.0,0.0,TER-010,True,True,0.0,False,
LQ-202507-0063,VEH-034,2025-07-07,2025-07-10,RUT-15,HORA_24,1.0,495558.0,495558.0,0.0,495558.0,PL-202108,0.0,0.0,TER-007,True,True,0.0,False,
LQ-202411-0014,VEH-016,2024-11-16,2024-11-17,RUT-09,HORA_24,1.0,357554.0,357554.0,0.0,357554.0,PL-102871,0.0,0.0,TER-002,True,True,0.0,False,
LQ-202510-0077,VEH-032,2025-10-28,2025-10-31,RUT-06,HORA_24,1.0,491560.0,491560.0,0.0,491560.0,PL-695695,0.0,0.0,TER-006,True,True,0.0,False,
LQ-202512-0089,VEH-023,2025-12-20,2025-12-21,RUT-01,HORA_24,1.0,327483.0,327483.0,0.0,327483.0,PL-165711,0.0,0.0,,True,False,0.0,False,
LQ-202504-0043,VEH-034,2025-04-03,2025-04-05,RUT-13,HORA_12,1.0,277181.0,277181.0,0.0,277181.0,PL-432951,1.0,101837.0,TER-009,True,True,101837.0,False,
LQ-202512-0088,VEH-031,2025-12-19,2025-12-22,RUT-01,HORA_12,1.0,172334.0,172334.0,0.0,172334.0,PL-725346,0.0,0.0,,True,False,0.0,True,tarifa fuera de rango
LQ-202508-0066,VEH-008,2025-08-28,2025-08-29,RUT-05,HORA_24,1.0,472143.0,472143.0,0.0,472143.0,PL-272620,1.0,99481.0,TER-009,True,True,99481.0,False,
LQ-202504-0042,VEH-017,2025-04-02,2025-04-03,RUT-06,HORA_24,1.0,459622.0,459622.0,7.14,426804.99,PL-369950,0.0,0.0,TER-006,True,True,0.0,False,
LQ-202512-0088,VEH-028,2025-12-04,2025-12-07,RUT-04,HORA_24,1.0,379709.0,379709.0,0.0,379709.0,PL-582634,3.0,76877.0,,True,False,230631.0,False,
LQ-202512-0086,VEH-032,2025-12-31,2025-12-31,RUT-14,HORA_24,1.0,361128.0,361128.0,0.0,361128.0,PL-409619,0.0,0.0,,True,False,0.0,False,
LQ-202501-0024,VEH-009,2025-01-01,2025-01-03,RUT-11,HORA_12,1.0,190447.0,190447.0,0.0,190447.0,PL-596925,0.0,0.0,,True,False,0.0,False,
LQ-202606-0120,VEH-032,2026-06-04,2026-06-04,RUT-03,HORA,11.44,34834.0,398500.96,0.0,398500.96,PL-736490,0.0,0.0,TER-008,True,True,0.0,False,
LQ-202603-0106,VEH-024,2026-03-16,2026-03-18,RUT-13,HORA_24,1.0,522531.0,522531.0,1.72,513543.47,PL-300149,0.0,0.0,,True,False,0.0,False,
LQ-202509-0067,VEH-032,2025-09-15,2025-09-17,RUT-12,HORA_24,1.0,495438.0,495438.0,0.0,495438.0,PL-815309,0.0,0.0,,True,False,0.0,False,
LQ-202411-0014,VEH-037,2024-11-11,2024-11-11,RUT-03,HORA_12,1.0,225149.0,225149.0,2.59,219317.64,PL-901619,1.0,88435.0,TER-002,True,True,88435.0,False,
LQ-202508-0066,VEH-031,2025-08-13,2025-08-13,RUT-07,HORA,8.54,37703.0,321983.62,0.0,321983.62,PL-883833,0.0,0.0,TER-009,True,True,0.0,False,
LQ-202412-0018,VEH-001,2024-12-23,2024-12-26,RUT-03,HORA_24,1.0,343032.0,343032.0,0.0,343032.0,PL-617555,1.0,73920.0,TER-007,True,True,73920.0,False,
LQ-202512-0089,VEH-025,2025-12-06,2025-12-06,RUT-14,HORA_24,1.0,307256.0,307256.0,0.0,307256.0,PL-574396,0.0,0.0,,True,False,0.0,True,tarifa fuera de rango
LQ-202606-0122,VEH-038,2026-06-17,2026-06-18,RUT-06,HORA_24,1.0,483538.0,483538.0,0.0,483538.0,PL-552860,0.0,0.0,TER-005,True,True,0.0,False,
LQ-202602-0100,VEH-031,2026-02-13,2026-02-13,RUT-05,HORA,8.75,35067.0,306836.25,0.0,306836.25,PL-570472,2.0,98642.0,,True,False,197284.0,False,
LQ-202601-0091,VEH-030,2026-01-01,2026-01-01,RUT-14,KILOMETRO,285.66,3263.0,932108.58,0.0,932108.58,PL-801504,0.0,0.0,,True,False,0.0,False,
LQ-202603-0102,VEH-026,2026-03-02,2026-03-03,RUT-06,HORA_24,1.0,510826.0,510826.0,0.0,510826.0,PL-138880,0.0,0.0,TER-001,True,True,0.0,False,
LQ-202512-0087,VEH-022,2025-12-18,2025-12-20,RUT-04,HORA_24,1.0,377330.0,377330.0,2.6,367519.42,PL-744205,1.0,72264.0,,True,False,72264.0,False,
LQ-202608-0132,VEH-030,2026-08-29,2026-08-29,RUT-10,KILOMETRO,300.94,4459.0,1341891.46,0.0,1341891.46,PL-847235,0.0,0.0,,True,False,0.0,False,
LQ-202510-0076,VEH-024,2025-10-15,2025-10-17,RUT-08,HORA_24,1.0,483011.0,483011.0,0.0,483011.0,PL-769650,0.0,0.0,TER-003,True,True,0.0,False,
LQ-202507-0059,VEH-002,2025-07-15,2025-07-15,RUT-01,KILOMETRO,223.29,5521.0,1232784.09,0.0,1232784.09,PL-796862,0.0,0.0,,True,False,0.0,False,
LQ-202501-0024,VEH-032,2025-01-04,2025-01-05,RUT-02,HORA_24,1.0,302818.0,302818.0,0.0,302818.0,PL-257808,0.0,0.0,,True,False,0.0,True,tarifa fuera de rango
LQ-202605-0116,VEH-005,2026-05-10,2026-05-11,RUT-12,HORA_12,1.0,303653.0,303653.0,0.0,303653.0,PL-534185,0.0,0.0,,True,False,0.0,False,
LQ-202601-0092,VEH-038,2026-01-14,2026-01-16,RUT-08,HORA_24,1.0,410907.0,410907.0,0.0,410907.0,PL-546547,0.0,0.0,TER-005,True,True,0.0,False,
LQ-202410-0012,VEH-037,2024-10-13,2024-10-13,RUT-10,KILOMETRO,411.36,3776.0,1553295.36,0.0,1553295.36,PL-133955,0.0,0.0,TER-006,True,True,0.0,False,
LQ-202410-0008,VEH-022,2024-10-17,2024-10-18,RUT-15,HORA_24,1.0,482315.0,482315.0,0.0,482315.0,PL-852204,2.0,94752.0,,True,False,189504.0,False,
LQ-202502-0034,VEH-025,2025-02-22,2025-02-22,RUT-13,HORA,7.73,29345.0,226836.85,0.0,226836.85,PL-388584,0.0,0.0,,True,False,0.0,False,
LQ-202507-0062,VEH-005,2025-07-22,2025-07-22,RUT-08,HORA,4.56,32206.0,146859.36,0.0,146859.36,PL-114694,0.0,0.0,,True,False,0.0,False,
LQ-202410-0008,VEH-036,2024-10-28,2024-10-28,RUT-01,HORA_12,1.0,255407.0,255407.0,0.0,255407.0,PL-327558,0.0,0.0,,True,False,0.0,False,
LQ-202603-0102,VEH-034,2026-03-18,2026-03-21,RUT-08,HORA_12,1.0,317018.0,317018.0,0.0,317018.0,PL-427785,0.0,0.0,,True,False,0.0,False,
LQ-202501-0024,VEH-010,2025-01-10,2025-01-10,RUT-09,KILOMETRO,358.0,3105.0,1111590.0,0.0,1111590.0,PL-580290,2.0,76957.0,,True,False,153914.0,False,
LQ-202509-0067,VEH-010,2025-09-06,2025-09-07,RUT-08,HORA_24,1.0,468037.0,468037.0,0.0,468037.0,PL-218205,0.0,0.0,,True,False,0.0,False,
LQ-202411-0014,VEH-038,2024-11-08,2024-11-10,RUT-04,HORA_12,1.0,240219.0,240219.0,0.0,240219.0,PL-420984,3.0,88435.0,TER-001,True,True,265305.0,False,
LQ-202412-0021,VEH-019,2024-12-07,2024-12-09,RUT-02,HORA_12,1.0,223478.0,223478.0,0.0,223478.0,PL-701969,3.0,69485.0,TER-002,True,True,208455.0,False,
LQ-202410-0008,VEH-029,2024-10-19,2024-10-19,RUT-04,KILOMETRO,269.48,4192.0,1129660.16,0.0,1129660.16,PL-221886,3.0,94752.0,,True,False,284256.0,False,
LQ-202509-0069,VEH-038,2025-09-26,2025-09-27,RUT-04,HORA_12,1.0,288883.0,288883.0,0.0,288883.0,PL-682308,2.0,102835.0,,True,False,205670.0,False,
LQ-202505-0050,VEH-032,2025-05-06,2025-05-09,RUT-11,HORA_12,1.0,294993.0,294993.0,0.0,294993.0,PL-467624,0.0,0.0,,True,False,0.0,False,
LQ-202601-0095,VEH-032,2026-01-22,2026-01-22,RUT-11,HORA,10.0,23507.0,235070.0,0.0,235070.0,PL-750579,0.0,0.0,,True,False,0.0,False,
LQ-202508-0066,VEH-001,2025-08-21,2025-08-24,RUT-09,HORA_12,1.0,279155.0,279155.0,0.0,279155.0,PL-213610,3.0,99481.0,,True,False,298443.0,False,
LQ-202603-0103,VEH-026,2026-03-18,2026-03-20,RUT-07,HORA_24,1.0,438559.0,438559.0,0.0,438559.0,PL-579728,0.0,0.0,,True,False,0.0,False,
LQ-202508-0065,VEH-032,2025-08-02,2025-08-04,RUT-02,HORA_24,1.0,493293.0,493293.0,0.0,493293.0,PL-414820,2.0,105830.0,TER-007,True,True,211660.0,False,
LQ-202506-0058,VEH-031,2025-06-18,2025-06-20,RUT-11,HORA_12,1.0,259738.0,259738.0,0.0,259738.0,PL-788056,0.0,0.0,TER-003,True,True,0.0,False,
LQ-202411-0015,VEH-016,2024-11-21,2024-11-21,RUT-13,HORA_12,1.0,243350.0,243350.0,0.0,243350.0,PL-773462,0.0,0.0,,True,False,0.0,False,
LQ-202501-0027,VEH-020,2025-01-06,2025-01-09,RUT-13,HORA_12,1.0,249580.0,249580.0,5.77,235179.23,PL-429196,0.0,0.0,,True,False,0.0,False,
LQ-202411-0014,VEH-017,2024-11-29,2024-11-29,RUT-02,HORA,12.18,29695.0,361685.1,0.0,361685.1,PL-586830,2.0,88435.0,TER-003,True,True,176870.0,False,
LQ-202505-0047,VEH-021,2025-05-16,2025-05-16,RUT-03,HORA,4.31,34352.0,148057.12,0.0,148057.12,PL-239093,0.0,0.0,TER-001,True,True,0.0,False,
LQ-202412-0022,VEH-004,2024-12-09,2024-12-09,RUT-06,HORA,7.51,27696.0,207996.96,0.0,207996.96,PL-501393,0.0,0.0,,True,False,0.0,False,
LQ-202606-0122,VEH-029,2026-06-07,2026-06-08,RUT-12,HORA_24,1.0,577103.0,577103.0,0.0,577103.0,PL-109417,0.0,0.0,,True,False,0.0,False,
LQ-202409-0002,VEH-027,2024-09-29,2024-09-29,RUT-12,HORA,5.38,29584.0,159161.92,0.0,159161.92,PL-442027,0.0,0.0,,True,False,0.0,False,
LQ-202508-0064,VEH-021,2025-08-04,2025-08-04,RUT-12,KILOMETRO,254.96,4648.0,1185054.08,0.0,1185054.08,PL-244992,0.0,0.0,,True,False,0.0,False,
LQ-202507-0060,VEH-035,2025-07-26,2025-07-27,RUT-04,HORA_12,1.0,275961.0,275961.0,0.0,275961.0,PL-177775,3.0,102296.0,TER-009,True,True,306888.0,False,
LQ-202607-0125,VEH-014,2026-07-19,2026-07-20,RUT-02,HORA_12,1.0,307815.0,307815.0,0.0,307815.0,PL-486290,1.0,113179.0,,True,False,113179.0,False,
LQ-202602-0096,VEH-007,2026-02-14,2026-02-15,RUT-13,HORA_24,1.0,452913.0,452913.0,0.0,452913.0,PL-535927,0.0,0.0,,True,False,0.0,False,
LQ-202602-0096,VEH-034,2026-02-07,2026-02-07,RUT-13,KILOMETRO,361.5,4732.0,1710618.0,0.0,1710618.0,PL-683064,0.0,0.0,,True,False,0.0,False,
LQ-202503-0037,VEH-005,2025-03-21,2025-03-24,RUT-06,HORA_24,1.0,532049.0,532049.0,0.0,532049.0,PL-480320,0.0,0.0,,True,False,0.0,False,
LQ-202409-0003,VEH-035,2024-09-08,2024-09-08,RUT-05,HORA_24,1.0,459151.0,459151.0,0.0,459151.0,PL-899213,3.0,98880.0,,True,False,296640.0,False,
LQ-202603-0107,VEH-025,2026-03-14,2026-03-16,RUT-11,HORA_12,1.0,274047.0,274047.0,0.0,274047.0,PL-260016,0.0,0.0,,True,False,0.0,False,
LQ-202608-0129,VEH-010,2026-08-23,2026-08-23,RUT-10,HORA,12.21,33795.0,412636.95,0.0,412636.95,PL-533153,0.0,0.0,,True,False,0.0,False,
LQ-202512-0084,VEH-029,2025-12-02,2025-12-02,RUT-12,HORA,6.7,199502.0,1336663.4,0.0,1336663.4,PL-100806,0.0,0.0,TER-005,True,True,0.0,True,tarifa fuera de rango
LQ-202607-0125,VEH-018,2026-07-25,2026-07-26,RUT-04,HORA_12,1.0,294639.0,294639.0,3.06,285623.05,PL-655457,0.0,0.0,TER-010,True,True,0.0,False,
LQ-202601-0093,VEH-004,2026-01-12,2026-01-12,RUT-03,HORA,2.81,24866.0,69873.46,0.0,69873.46,PL-581249,3.0,80035.0,TER-004,True,True,240105.0,False,
LQ-202601-0094,VEH-010,2026-01-02,2026-01-02,RUT-01,HORA_24,1.0,391302.0,391302.0,0.0,391302.0,PL-121801,0.0,0.0,,True,False,0.0,False,
LQ-202504-0046,VEH-032,2025-04-25,2025-04-25,RUT-07,HORA_12,1.0,225425.0,225425.0,0.0,225425.0,PL-346120,0.0,0.0,,True,False,0.0,False,
LQ-202512-0087,VEH-003,2025-12-30,2025-12-30,RUT-14,KILOMETRO,241.98,2596.0,628180.08,0.0,628180.08,PL-357016,0.0,0.0,,True,False,0.0,False,
LQ-202507-0060,VEH-011,2025-07-22,2025-07-22,RUT-14,HORA,7.18,35150.0,252377.0,0.0,252377.0,PL-596741,0.0,0.0,,True,False,0.0,False,
LQ-202506-0053,VEH-027,2025-06-19,2025-06-19,RUT-04,HORA,12.1,34970.0,423137.0,0.0,423137.0,PL-587529,0.0,0.0,,True,False,0.0,False,
LQ-202512-0085,VEH-011,2025-12-23,2025-12-25,RUT-15,HORA_12,1.0,184655.0,184655.0,2.06,180851.11,PL-664357,0.0,0.0,,True,False,0.0,False,
LQ-202507-0063,VEH-030,2025-07-25,2025-07-25,RUT-07,HORA_24,1.0,484217.0,484217.0,0.0,484217.0,PL-618938,0.0,0.0,,True,False,0.0,False,
LQ-202411-0015,VEH-004,2024-11-17,2024-11-17,RUT-01,HORA_24,1.0,407841.0,407841.0,8.03,375091.37,PL-309612,3.0,94080.0,TER-003,True,True,282240.0,False,
LQ-202411-0016,VEH-031,2024-11-26,2024-11-28,RUT-07,HORA_12,1.0,281794.0,281794.0,0.0,281794.0,PL-602290,0.0,0.0,TER-003,True,True,0.0,False,
LQ-202512-0088,VEH-039,2025-12-08,2025-12-11,RUT-03,HORA_24,1.0,354044.0,354044.0,0.0,354044.0,PL-129210,3.0,76877.0,,True,False,230631.0,False,
LQ-202410-0012,VEH-037,2024-10-13,2024-10-13,RUT-02,HORA_12,1.0,251055.0,251055.0,0.0,251055.0,PL-810446,0.0,0.0,,True,False,0.0,False,
LQ-202410-0012,VEH-005,2024-10-25,2024-10-25,RUT-03,HORA,7.6,31781.0,241535.6,0.0,241535.6,PL-491738,2.0,94752.0,,True,False,189504.0,False,
LQ-202607-0124,VEH-012,2026-07-08,2026-07-08,RUT-09,HORA,11.62,37703.0,438108.86,0.0,438108.86,PL-408224,0.0,0.0,TER-007,True,True,0.0,False,
LQ-202608-0130,VEH-009,2026-08-31,2026-08-31,RUT-02,HORA_12,17.8,260136.0,4630420.8,0.0,4630420.8,PL-657734,0.0,0.0,,True,False,0.0,True,cantidad fuera de rango
LQ-202509-0067,VEH-035,2025-09-24,2025-09-25,RUT-11,HORA_12,1.0,313767.0,313767.0,0.0,313767.0,PL-497941,3.0,102835.0,,True,False,308505.0,False,
LQ-202505-0052,VEH-024,2025-05-15,2025-05-18,RUT-07,HORA_24,1.0,504730.0,504730.0,0.0,504730.0,PL-454210,0.0,0.0,,True,False,0.0,False,
LQ-202608-0134,VEH-016,2026-08-19,2026-08-19,RUT-03,HORA_24,1.0,467160.0,467160.0,0.0,467160.0,PL-236772,0.0,0.0,TER-002,True,True,0.0,False,
LQ-202412-0021,VEH-004,2024-12-28,2024-12-30,RUT-03,HORA_24,1.0,352010.0,352010.0,7.82,324482.82,PL-100884,0.0,0.0,,True,False,0.0,False,
LQ-202607-0124,VEH-027,2026-07-09,2026-07-11,RUT-07,HORA_12,1.0,284577.0,284577.0,0.0,284577.0,PL-335081,0.0,0.0,TER-001,True,True,0.0,False,
LQ-202512-0089,VEH-030,2025-12-23,2025-12-26,RUT-15,HORA_24,1.0,345304.0,345304.0,0.0,345304.0,PL-148465,0.0,0.0,TER-006,True,True,0.0,False,
LQ-202503-0039,VEH-021,2025-03-08,2025-03-11,RUT-09,HORA_24,1.0,502027.0,502027.0,0.0,502027.0,PL-910175,0.0,0.0,,True,False,0.0,False,
LQ-202409-0002,VEH-005,2024-09-08,2024-09-11,RUT-03,HORA_24,1.0,448464.0,448464.0,0.0,448464.0,PL-535020,0.0,0.0,,True,False,0.0,False,
LQ-202603-0102,VEH-019,2026-03-12,2026-03-15,RUT-10,HORA_24,1.0,524319.0,524319.0,0.0,524319.0,PL-884742,0.0,0.0,,True,False,0.0,False,
LQ-202501-0027,VEH-011,2025-01-14,2025-01-16,RUT-10,HORA_24,1.0,373357.0,373357.0,0.0,373357.0,PL-694797,0.0,0.0,TER-012,True,True,0.0,False,
LQ-202608-0132,VEH-009,2026-08-25,2026-08-25,RUT-02,HORA,4.14,32898.0,136197.72,0.0,136197.72,PL-376548,0.0,0.0,,True,False,0.0,False,
LQ-202509-0070,VEH-040,2025-09-10,2025-09-10,RUT-13,HORA_12,1.0,280505.0,280505.0,0.92,277924.35,PL-198351,0.0,0.0,,True,False,0.0,False,
LQ-202503-0040,VEH-034,2025-03-18,2025-03-18,RUT-11,HORA,4.32,32805.0,141717.6,0.0,141717.6,PL-283450,0.0,0.0,TER-011,True,True,0.0,False,
LQ-202410-0007,VEH-035,2024-10-13,2024-10-15,RUT-03,HORA_12,1.0,258639.0,258639.0,0.0,258639.0,PL-613641,3.0,100800.0,,True,False,302400.0,False,
LQ-202509-0068,VEH-012,2025-09-27,2025-09-28,RUT-04,HORA_24,1.0,447180.0,447180.0,0.0,447180.0,PL-627537,0.0,0.0,TER-009,True,True,0.0,False,
LQ-202601-0095,VEH-035,2026-01-28,2026-01-31,RUT-04,HORA_24,1.0,370810.0,370810.0,0.0,370810.0,PL-133212,0.0,0.0,,True,False,0.0,False,
LQ-202410-0011,VEH-012,2024-10-13,2024-10-16,RUT-12,HORA_24,1.0,422416.0,422416.0,5.58,398845.19,PL-471136,0.0,0.0,TER-003,True,True,0.0,False,
LQ-202506-0058,VEH-017,2025-06-03,2025-06-03,RUT-06,HORA_24,1.0,470900.0,470900.0,3.08,456396.28,PL-508482,0.0,0.0,TER-008,True,True,0.0,False,
LQ-202607-0126,VEH-033,2026-07-10,2026-07-10,RUT-11,KILOMETRO,291.88,5267.0,1537331.96,0.0,1537331.96,PL-638433,0.0,0.0,,True,False,0.0,False,
LQ-202602-0097,VEH-012,2026-02-15,2026-02-18,RUT-13,HORA_24,1.0,419303.0,419303.0,0.0,419303.0,PL-756628,0.0,0.0,,True,False,0.0,False,
LQ-202608-0134,VEH-036,2026-08-31,2026-08-31,RUT-06,HORA_24,1.0,489975.0,489975.0,0.0,489975.0,PL-525238,0.0,0.0,,True,False,0.0,False,
LQ-202607-0128,VEH-035,2026-07-15,2026-07-15,RUT-08,HORA_24,1.0,485451.0,485451.0,0.0,485451.0,PL-188106,0.0,0.0,,True,False,0.0,False,
LQ-202602-0101,VEH-001,2026-02-26,2026-02-26,RUT-02,KILOMETRO,217.89,4024.0,876789.36,0.0,876789.36,PL-393016,2.0,92723.0,,True,False,185446.0,False,
LQ-202602-0101,VEH-008,2026-02-05,2026-02-07,RUT-12,HORA_12,1.0,256992.0,256992.0,0.0,256992.0,PL-251779,0.0,0.0,,True,False,0.0,False,
LQ-202501-0025,VEH-040,2025-01-12,2025-01-12,RUT-10,KILOMETRO,209.08,3757.0,785513.56,0.0,785513.56,PL-353569,0.0,0.0,,True,False,0.0,False,
LQ-202512-0088,VEH-035,2025-12-18,2025-12-18,RUT-02,HORA_24,1.0,379926.0,379926.0,0.0,379926.0,PL-648399,0.0,0.0,,True,False,0.0,False,
LQ-202409-0001,VEH-030,2024-09-07,2024-09-09,RUT-02,HORA_24,1.0,487992.0,487992.0,0.0,487992.0,PL-249811,3.0,98880.0,TER-004,True,True,296640.0,False,
LQ-202510-0078,VEH-031,2025-10-08,2025-10-09,RUT-09,HORA_24,1.0,473379.0,473379.0,0.0,473379.0,PL-571342,0.0,0.0,TER-005,True,True,0.0,False,
LQ-202507-0061,VEH-006,2025-07-07,2025-07-09,RUT-15,HORA_24,1.0,504270.0,504270.0,0.0,504270.0,PL-957915,0.0,0.0,,True,False,0.0,False,
LQ-202507-0059,VEH-017,2025-07-01,2025-07-01,RUT-08,HORA_24,1.0,536347.0,536347.0,0.0,536347.0,PL-277233,0.0,0.0,,True,False,0.0,False,
LQ-202412-0022,VEH-034,2024-12-26,2024-12-29,RUT-15,HORA_24,1.0,328761.0,328761.0,0.0,328761.0,PL-816047,0.0,0.0,,True,False,0.0,False,
LQ-202410-0008,VEH-026,2024-10-21,2024-10-21,RUT-03,HORA,5.33,33014.0,175964.62,0.0,175964.62,PL-654531,3.0,94752.0,TER-004,True,True,284256.0,False,
LQ-202601-0090,VEH-017,2026-01-07,2026-01-07,RUT-13,KILOMETRO,407.52,3823.0,1557948.96,0.0,1557948.96,PL-451834,0.0,0.0,,True,False,0.0,False,
LQ-202505-0051,VEH-011,2025-05-23,2025-05-24,RUT-11,HORA_24,1.0,575575.0,575575.0,5.49,543975.93,PL-929622,0.0,0.0,,True,False,0.0,False,
LQ-202410-0012,VEH-032,2024-10-08,2024-10-08,RUT-10,KILOMETRO,64.02,4666.0,298717.32,0.0,298717.32,PL-247475,0.0,0.0,,True,False,0.0,False,
LQ-202607-0124,VEH-024,2026-07-27,2026-07-29,RUT-15,HORA_24,1.0,487884.0,487884.0,0.0,487884.0,PL-748161,0.0,0.0,,True,False,0.0,False,
LQ-202604-0111,VEH-019,2026-04-19,2026-04-22,RUT-05,HORA_24,1.0,478085.0,478085.0,0.5,475694.58,PL-404244,0.0,0.0,,True,False,0.0,False,
LQ-202505-0050,VEH-036,2025-05-20,2025-05-20,RUT-14,KILOMETRO,136.78,4634.0,633838.52,0.0,633838.52,PL-678002,0.0,0.0,,True,False,0.0,False,
LQ-202601-0091,VEH-014,2026-01-16,2026-01-16,RUT-04,KILOMETRO,312.44,3529.0,1102600.76,0.0,1102600.76,PL-818957,2.0,80035.0,TER-002,True,True,160070.0,False,
LQ-202502-0029,VEH-022,2025-02-14,2025-02-17,RUT-01,HORA_24,1.0,446205.0,446205.0,0.0,446205.0,PL-919304,0.0,0.0,,True,False,0.0,False,
LQ-202512-0086,VEH-013,2025-12-11,2025-12-14,RUT-07,HORA_12,1.0,222434.0,222434.0,0.0,222434.0,PL-437923,0.0,0.0,,True,False,0.0,False,
LQ-202607-0126,VEH-007,2026-07-19,2026-07-20,RUT-14,HORA_24,1.0,5193250.0,5193250.0,0.0,5193250.0,PL-992129,0.0,0.0,,True,False,0.0,True,tarifa fuera de rango
LQ-202510-0078,VEH-010,2025-10-04,2025-10-07,RUT-07,HORA_24,1.0,456907.0,456907.0,0.0,456907.0,PL-672685,0.0,0.0,,True,False,0.0,False,
LQ-202605-0116,VEH-016,2026-05-23,2026-05-24,RUT-15,HORA_24,1.0,455963.0,455963.0,0.0,455963.0,PL-590859,0.0,0.0,,True,False,0.0,False,
LQ-202508-0064,VEH-021,2025-08-06,2025-08-07,RUT-08,HORA_24,1.0,472239.0,472239.0,0.0,472239.0,PL-372986,0.0,0.0,,True,False,0.0,False,
LQ-202607-0123,VEH-028,2026-07-09,2026-07-09,RUT-13,HORA,9.14,43495.0,397544.3,0.0,397544.3,PL-616369,0.0,0.0,,True,False,0.0,False,
LQ-202503-0039,VEH-005,2025-03-14,2025-03-15,RUT-07,HORA_24,1.0,536584.0,536584.0,0.0,536584.0,PL-571233,0.0,0.0,TER-001,True,True,0.0,False,
LQ-202602-0098,VEH-039,2026-02-07,2026-02-07,RUT-07,HORA_24,1.0,423509.0,423509.0,0.0,423509.0,PL-519370,2.0,98642.0,,True,False,197284.0,False,
LQ-202601-0092,VEH-037,2026-01-10,2026-01-10,RUT-08,HORA_24,1.0,409581.0,409581.0,0.0,409581.0,PL-948290,0.0,0.0,,True,False,0.0,False,
LQ-202511-0079,VEH-039,2025-11-04,2025-11-04,RUT-07,HORA,7.19,32754.0,235501.26,0.0,235501.26,PL-281291,0.0,0.0,TER-005,True,True,0.0,False,
LQ-202507-0061,VEH-033,2025-07-29,2025-07-29,RUT-05,HORA,4.9,34217.0,167663.3,0.0,167663.3,PL-677022,2.0,102296.0,TER-010,True,True,204592.0,False,
LQ-202605-0115,VEH-028,2026-05-14,2026-05-14,RUT-10,HORA,6.5,31830.0,206895.0,0.0,206895.0,PL-673429,0.0,0.0,,True,False,0.0,False,
LQ-202412-0023,VEH-033,2024-12-12,2024-12-12,RUT-10,KILOMETRO,319.69,3128.0,999990.32,0.0,999990.32,PL-329927,0.0,0.0,,True,False,0.0,False,
LQ-202409-0002,VEH-023,2024-09-14,2024-09-15,RUT-03,HORA_12,1.0,265758.0,265758.0,3.77,255738.92,PL-320281,1.0,92947.0,,True,False,92947.0,False,
LQ-202501-0027,VEH-007,2025-01-13,2025-01-13,RUT-02,KILOMETRO,312.79,3992.0,1248657.68,0.0,1248657.68,PL-977634,0.0,0.0,,True,False,0.0,False,
LQ-202512-0085,VEH-004,2025-12-01,2025-12-02,RUT-08,HORA_12,1.0,178674.0,178674.0,0.0,178674.0,PL-446705,0.0,0.0,,True,False,0.0,False,
LQ-202411-0017,VEH-018,2024-11-30,2024-11-30,RUT-09,HORA,7.35,29686.0,218192.1,0.0,218192.1,PL-337288,0.0,0.0,,True,False,0.0,False,
LQ-202602-0099,VEH-018,2026-02-17,2026-02-17,RUT-10,KILOMETRO,198.0,4714.0,933372.0,0.0,933372.0,PL-439953,0.0,0.0,,True,False,0.0,False,
LQ-202603-0103,VEH-025,2026-03-23,2026-03-23,RUT-05,HORA_12,1.0,244282.0,244282.0,0.0,244282.0,PL-550011,3.0,101508.0,,True,False,304524.0,False,
LQ-202512-0085,VEH-026,2025-12-25,2025-12-25,RUT-14,HORA_12,1.0,190423.0,190423.0,0.0,190423.0,PL-659885,0.0,0.0,TER-001,True,True,0.0,False,
LQ-202607-0128,VEH-016,2026-07-03,2026-07-06,RUT-01,HORA_12,1.0,310157.0,310157.0,0.0,310157.0,PL-187805,1.0,106388.0,,True,False,106388.0,False,
LQ-202409-0003,VEH-014,2024-09-24,2024-09-24,RUT-10,HORA_12,1.0,273518.0,273518.0,0.0,273518.0,PL-377501,0.0,0.0,,True,False,0.0,False,
LQ-202512-0084,VEH-037,2025-12-15,2025-12-17,RUT-04,HORA_24,1.0,362613.0,362613.0,0.0,362613.0,PL-573273,2.0,76877.0,,True,False,153754.0,False,
LQ-202504-0043,VEH-004,2025-04-11,2025-04-13,RUT-12,HORA_24,1.0,482179.0,482179.0,0.0,482179.0,PL-643842,0.0,0.0,TER-009,True,True,0.0,False,
LQ-202503-0037,VEH-022,2025-03-31,2025-03-31,RUT-13,HORA_12,1.0,261735.0,261735.0,0.0,261735.0,PL-994141,0.0,0.0,,True,False,0.0,False,
LQ-202502-0032,VEH-031,2025-02-24,2025-02-27,RUT-10,HORA_24,1.0,406608.0,406608.0,0.0,406608.0,PL-120773,0.0,0.0,,True,False,0.0,False,
LQ-202410-0011,VEH-004,2024-10-03,2024-10-05,RUT-03,HORA_24,1.0,481705.0,481705.0,0.0,481705.0,PL-276149,0.0,0.0,,True,False,0.0,False,
LQ-202412-0020,VEH-020,2024-12-12,2024-12-15,RUT-04,HORA_12,1.0,192535.0,192535.0,0.0,192535.0,PL-283514,3.0,73920.0,TER-001,True,True,221760.0,False,
LQ-202603-0106,VEH-001,2026-03-11,2026-03-14,RUT-14,HORA_24,1.0,561046.0,561046.0,0.0,561046.0,PL-764938,0.0,0.0,TER-005,True,True,0.0,False,
LQ-202601-0092,VEH-030,2026-01-08,2026-01-08,RUT-12,HORA_24,1.0,342339.0,342339.0,0.0,342339.0,PL-588084,0.0,0.0,,True,False,0.0,False,
LQ-202410-0011,VEH-019,2024-10-26,2024-10-26,RUT-04,HORA_24,1.0,8589001.0,8589001.0,0.0,8589001.0,PL-911102,2.0,100800.0,,True,False,201600.0,True,tarifa fuera de rango
LQ-202502-0030,VEH-013,2025-02-08,2025-02-08,RUT-01,HORA_12,1.0,255657.0,255657.0,0.0,255657.0,PL-923408,1.0,89157.0,TER-004,True,True,89157.0,False,
LQ-202512-0087,VEH-037,2025-12-12,2025-12-15,RUT-11,HORA_24,1.0,334155.0,334155.0,0.0,334155.0,PL-728577,0.0,0.0,,True,False,0.0,False,
LQ-202512-0085,VEH-013,2025-12-12,2025-12-13,RUT-03,HORA_12,1.0,203236.0,203236.0,5.29,192484.82,PL-904669,1.0,72264.0,,True,False,72264.0,False,
LQ-202504-0043,VEH-035,2025-04-17,2025-04-18,RUT-14,HORA_24,1.0,494562.0,494562.0,5.77,466025.77,PL-664045,0.0,0.0,,True,False,0.0,False,
LQ-202502-0032,VEH-025,2025-02-19,2025-02-19,RUT-11,HORA_12,18.36,217653.0,3996109.08,0.0,3996109.08,PL-693083,1.0,89157.0,TER-007,True,True,89157.0,True,cantidad fuera de rango
LQ-202601-0092,VEH-023,2026-01-15,2026-01-16,RUT-12,HORA_24,1.0,405226.0,405226.0,0.0,405226.0,PL-862268,0.0,0.0,,True,False,0.0,False,
LQ-202411-0015,VEH-019,2024-11-30,2024-11-30,RUT-10,HORA_24,1.0,463266.0,463266.0,0.0,463266.0,PL-574843,0.0,0.0,,True,False,0.0,False,
LQ-202512-0084,VEH-040,2025-12-18,2025-12-18,RUT-01,KILOMETRO,309.88,3917.0,1213799.96,0.0,1213799.96,PL-375161,0.0,0.0,TER-010,True,True,0.0,False,
LQ-202602-0101,VEH-035,2026-02-06,2026-02-08,RUT-15,HORA_24,1.0,455857.0,455857.0,0.0,455857.0,PL-795782,0.0,0.0,TER-003,True,True,0.0,False,
LQ-202606-0120,VEH-003,2026-06-05,2026-06-05,RUT-12,HORA,7.12,40139.0,285789.68,0.0,285789.68,PL-604118,0.0,0.0,,True,False,0.0,False,
LQ-202604-0111,VEH-032,2026-04-05,2026-04-06,RUT-02,HORA_12,1.0,280116.0,280116.0,2.58,272889.01,PL-394401,0.0,0.0,,True,False,0.0,False,
LQ-202504-0044,VEH-038,2025-04-09,2025-04-10,RUT-04,HORA_24,1.0,429923.0,429923.0,0.0,429923.0,PL-776153,3.0,95727.0,,True,False,287181.0,False,
LQ-202604-0109,VEH-024,2026-04-21,2026-04-21,RUT-08,KILOMETRO,249.47,4119.0,1027566.93,0.0,1027566.93,PL-432409,0.0,0.0,,True,False,0.0,False,
LQ-202607-0124,VEH-040,2026-07-08,2026-07-11,RUT-04,HORA_24,1.0,546312.0,546312.0,0.0,546312.0,PL-814761,0.0,0.0,,True,False,0.0,False,
LQ-202607-0128,VEH-027,2026-07-10,2026-07-13,RUT-05,HORA_24,1.0,441586.0,441586.0,4.4,422156.22,PL-592850,3.0,106388.0,TER-001,True,True,319164.0,False,
LQ-202505-0049,VEH-033,2025-05-31,2025-05-31,RUT-02,KILOMETRO,412.75,4694.0,1937448.5,0.0,1937448.5,PL-304344,2.0,107827.0,TER-011,True,True,215654.0,False,
LQ-202603-0102,VEH-037,2026-03-24,2026-03-24,RUT-08,HORA,6.49,34700.0,225203.0,6.58,210384.64,PL-928980,0.0,0.0,,True,False,0.0,False,
LQ-202503-0040,VEH-010,2025-03-19,2025-03-21,RUT-01,HORA_24,1.0,496793.0,496793.0,0.0,496793.0,PL-912915,1.0,97604.0,TER-005,True,True,97604.0,False,
LQ-202508-0065,VEH-033,2025-08-06,2025-08-08,RUT-14,HORA_24,1.0,500020.0,500020.0,0.0,500020.0,PL-802264,0.0,0.0,,True,False,0.0,False,
LQ-202603-0106,VEH-031,2026-03-18,2026-03-18,RUT-15,HORA_24,1.0,438834.0,438834.0,0.0,438834.0,PL-709413,0.0,0.0,,True,False,0.0,False,
LQ-202603-0107,VEH-036,2026-03-16,2026-03-17,RUT-01,HORA_12,1.0,283041.0,283041.0,0.0,283041.0,PL-217712,1.0,101508.0,,True,False,101508.0,False,
LQ-202505-0049,VEH-031,2025-05-07,2025-05-07,RUT-05,HORA_12,1.0,251290.0,251290.0,3.35,242871.78,PL-962392,1.0,107827.0,TER-004,True,True,107827.0,False,
LQ-202607-0128,VEH-030,2026-07-08,2026-07-10,RUT-02,HORA_24,1.0,547247.0,547247.0,0.0,547247.0,PL-698972,0.0,0.0,,True,False,0.0,False,
LQ-202503-0040,VEH-026,2025-03-04,2025-03-06,RUT-09,HORA_24,1.0,459968.0,459968.0,0.0,459968.0,PL-510945,0.0,0.0,,True,False,0.0,False,
LQ-202506-0054,VEH-040,2025-06-07,2025-06-07,RUT-07,HORA,1.95,34689.0,67643.55,0.0,67643.55,PL-395087,3.0,104173.0,TER-006,True,True,312519.0,False,
LQ-202503-0040,VEH-040,2025-03-24,2025-03-24,RUT-05,HORA,7.92,31842.0,252188.64,1.7,247901.43,PL-599917,3.0,97604.0,,True,False,292812.0,False,
LQ-202608-0133,VEH-006,2026-08-09,2026-08-09,RUT-05,HORA_24,1.0,510611.0,510611.0,0.0,510611.0,PL-125216,0.0,0.0,,True,False,0.0,False,
LQ-202608-0133,VEH-022,2026-08-11,2026-08-14,RUT-03,HORA_12,1.0,297463.0,297463.0,0.0,297463.0,PL-397466,2.0,110064.0,,True,False,220128.0,False,
LQ-202602-0100,VEH-035,2026-02-03,2026-02-05,RUT-03,HORA_24,1.0,418796.0,418796.0,3.36,404724.45,PL-507423,1.0,98642.0,,True,False,98642.0,False,
LQ-202601-0090,VEH-028,2026-01-26,2026-01-26,RUT-12,HORA,3.99,31660.0,126323.4,0.0,126323.4,PL-886803,0.0,0.0,,True,False,0.0,False,
LQ-202409-0002,VEH-018,2024-09-11,2024-09-13,RUT-05,HORA_24,1.0,474473.0,474473.0,0.0,474473.0,PL-682789,0.0,0.0,TER-004,True,True,0.0,False,
LQ-202503-0037,VEH-023,2025-03-07,2025-03-07,RUT-09,KILOMETRO,101.27,4619.0,467766.13,0.0,467766.13,PL-235808,0.0,0.0,,True,False,0.0,False,
LQ-202501-0026,VEH-037,2025-01-04,2025-01-07,RUT-13,HORA_24,1.0,368121.0,368121.0,0.0,368121.0,PL-592640,0.0,0.0,,True,False,0.0,False,
LQ-202507-0059,VEH-017,2025-07-28,2025-07-28,RUT-01,HORA_24,1.0,511411.0,511411.0,3.27,494687.86,PL-955316,1.0,108826.0,,True,False,108826.0,False,
LQ-202509-0069,VEH-007,2025-09-02,2025-09-02,RUT-06,KILOMETRO,302.29,4606.0,1392347.74,0.0,1392347.74,PL-902144,2.0,102835.0,,True,False,205670.0,False,
LQ-202512-0084,VEH-012,2025-12-01,2025-12-02,RUT-14,HORA_12,1.0,229818.0,229818.0,0.0,229818.0,PL-541743,0.0,0.0,TER-005,True,True,0.0,False,
LQ-202412-0021,VEH-025,2024-12-03,2024-12-03,RUT-07,HORA_24,1.0,315077.0,315077.0,0.0,315077.0,PL-443312,0.0,0.0,,True,False,0.0,False,
LQ-202608-0134,VEH-019,2026-08-16,2026-08-16,RUT-13,HORA_12,1.0,281908.0,281908.0,0.0,281908.0,,0.0,0.0,,False,False,0.0,False,
LQ-202508-0065,VEH-011,2025-08-13,2025-08-13,RUT-10,HORA_24,1.0,7508344.0,7508344.0,0.0,7508344.0,PL-635715,0.0,0.0,,True,False,0.0,True,tarifa fuera de rango
LQ-202409-0004,VEH-014,2024-09-26,2024-09-27,RUT-03,HORA_24,1.0,438457.0,438457.0,3.48,423198.7,PL-714867,0.0,0.0,TER-004,True,True,0.0,False,
LQ-202503-0036,VEH-026,2025-03-15,2025-03-16,RUT-14,HORA_12,17.68,266880.0,4718438.4,0.0,4718438.4,PL-263201,0.0,0.0,,True,False,0.0,True,cantidad fuera de rango
LQ-202502-0029,VEH-011,2025-02-03,2025-02-04,RUT-13,HORA_24,1.0,408593.0,408593.0,0.0,408593.0,PL-161775,0.0,0.0,,True,False,0.0,False,
LQ-202502-0029,VEH-020,2025-02-01,2025-02-01,RUT-12,HORA,8.94,32569.0,291166.86,0.0,291166.86,PL-688297,0.0,0.0,,True,False,0.0,False,
LQ-202501-0026,VEH-019,2025-01-03,2025-01-03,RUT-13,HORA,10.07,23844.0,240109.08,0.0,240109.08,PL-378035,0.0,0.0,TER-010,True,True,0.0,False,
LQ-202603-0106,VEH-034,2026-03-26,2026-03-27,RUT-10,HORA_24,1.0,562433.0,562433.0,0.0,562433.0,PL-872760,0.0,0.0,TER-005,True,True,0.0,False,
LQ-202607-0125,VEH-012,2026-07-21,2026-07-23,RUT-15,HORA_12,1.0,335987.0,335987.0,0.0,335987.0,PL-572034,0.0,0.0,TER-011,True,True,0.0,False,
LQ-202505-0048,VEH-012,2025-05-29,2025-05-31,RUT-11,HORA_24,1.0,452760.0,452760.0,3.64,436279.54,PL-692004,0.0,0.0,TER-009,True,True,0.0,False,
LQ-202503-0039,VEH-012,2025-03-20,2025-03-20,RUT-15,HORA_24,1.0,469486.0,469486.0,3.93,451035.2,PL-197283,0.0,0.0,TER-006,True,True,0.0,False,
LQ-202411-0016,VEH-028,2024-11-01,2024-11-01,RUT-03,KILOMETRO,249.02,4178.0,1040405.56,0.0,1040405.56,PL-390119,0.0,0.0,,True,False,0.0,False,
LQ-202511-0079,VEH-010,2025-11-07,2025-11-07,RUT-11,HORA,7.2,26234.0,188884.8,0.0,188884.8,PL-372077,0.0,0.0,TER-009,True,True,0.0,False,
LQ-202510-0075,VEH-026,2025-10-11,2025-10-13,RUT-14,HORA_12,1.0,280263.0,280263.0,0.0,280263.0,PL-395456,0.0,0.0,,True,False,0.0,False,
LQ-202507-0063,VEH-009,2025-07-14,2025-07-16,RUT-09,HORA_12,1.0,271645.0,271645.0,0.0,271645.0,PL-412619,0.0,0.0,,True,False,0.0,False,
LQ-202601-0093,VEH-024,2026-01-18,2026-01-19,RUT-10,HORA_24,1.0,381101.0,381101.0,0.0,381101.0,PL-950401,0.0,0.0,,True,False,0.0,False,
LQ-202507-0062,VEH-031,2025-07-14,2025-07-14,RUT-01,KILOMETRO,290.77,4498.0,1307883.46,0.0,1307883.46,PL-262530,3.0,108826.0,,True,False,326478.0,False,
LQ-202504-0043,VEH-001,2025-04-11,2025-04-11,RUT-01,HORA,7.78,31225.0,242930.5,0.0,242930.5,PL-381170,0.0,0.0,,True,False,0.0,False,
LQ-202501-0028,VEH-040,2025-01-12,2025-01-15,RUT-12,HORA_12,1.0,214548.0,214548.0,0.0,214548.0,PL-317273,0.0,0.0,TER-012,True,True,0.0,False,
LQ-202501-0026,VEH-004,2025-01-28,2025-01-31,RUT-10,HORA_12,1.0,188988.0,188988.0,0.0,188988.0,PL-647639,0.0,0.0,TER-008,True,True,0.0,False,
LQ-202411-0014,VEH-001,2024-11-15,2024-11-15,RUT-07,HORA_24,1.0,423557.0,423557.0,4.83,403099.2,PL-838793,0.0,0.0,,True,False,0.0,False,
LQ-202511-0079,VEH-027,2025-11-25,2025-11-27,RUT-07,HORA_12,1.0,239285.0,239285.0,0.0,239285.0,PL-367700,0.0,0.0,,True,False,0.0,False,
LQ-202506-0053,VEH-021,2025-06-18,2025-06-18,RUT-08,HORA,4.2,36174.0,151930.8,0.0,151930.8,PL-608242,0.0,0.0,,True,False,0.0,False,
LQ-202607-0127,VEH-005,2026-07-18,2026-07-18,RUT-14,HORA_24,1.0,559679.0,559679.0,0.0,559679.0,PL-930946,0.0,0.0,,True,False,0.0,False,
LQ-202605-0113,VEH-021,2026-05-07,2026-05-08,RUT-07,HORA_12,1.0,344564.0,344564.0,0.0,344564.0,PL-252417,0.0,0.0,,True,False,0.0,False,
LQ-202607-0127,VEH-037,2026-07-18,2026-07-18,RUT-04,HORA_12,1.0,318782.0,318782.0,0.0,318782.0,PL-299988,3.0,113179.0,,True,False,339537.0,False,
LQ-202607-0126,VEH-018,2026-07-25,2026-07-25,RUT-04,HORA,6.07,35376.0,214732.32,0.0,214732.32,PL-378944,0.0,0.0,,True,False,0.0,False,
LQ-202412-0020,VEH-024,2024-12-26,2024-12-27,RUT-10,HORA_12,1.0,210114.0,210114.0,0.0,210114.0,PL-137581,0.0,0.0,TER-005,True,True,0.0,False,
LQ-202409-0006,VEH-040,2024-09-27,2024-09-27,RUT-09,HORA_12,1.0,260603.0,260603.0,0.0,260603.0,PL-237414,0.0,0.0,,True,False,0.0,False,
LQ-202603-0107,VEH-027,2026-03-16,2026-03-16,RUT-09,HORA_12,1.0,277797.0,277797.0,0.0,277797.0,PL-212964,0.0,0.0,,True,False,0.0,False,
LQ-202602-0097,VEH-029,2026-02-22,2026-02-23,RUT-12,HORA_24,1.0,444812.0,444812.0,0.0,444812.0,PL-278613,0.0,0.0,TER-003,True,True,0.0,False,
LQ-202409-0002,VEH-011,2024-09-01,2024-09-01,RUT-01,HORA,6.43,30908.0,198738.44,0.0,198738.44,PL-877236,2.0,92947.0,,True,False,185894.0,False,
LQ-202604-0110,VEH-014,2026-04-09,2026-04-09,RUT-08,HORA_24,1.0,504693.0,504693.0,0.91,500100.29,PL-510531,0.0,0.0,,True,False,0.0,False,
LQ-202507-0059,VEH-013,2025-07-09,2025-07-09,RUT-07,HORA,6.37,34467.0,219554.79,0.0,219554.79,PL-759393,0.0,0.0,,True,False,0.0,False,
LQ-202412-0022,VEH-039,2024-12-07,2024-12-07,RUT-14,HORA_12,1.0,217836.0,217836.0,0.0,217836.0,PL-236217,0.0,0.0,,True,False,0.0,False,
LQ-202409-0003,VEH-039,2024-09-18,2024-09-18,RUT-03,HORA_24,1.0,442115.0,442115.0,0.0,442115.0,PL-592738,3.0,98880.0,TER-004,True,True,296640.0,False,
LQ-202509-0069,VEH-025,2025-09-26,2025-09-28,RUT-06,HORA_24,1.0,480818.0,480818.0,0.0,480818.0,PL-156605,0.0,0.0,,True,False,0.0,False,
LQ-202503-0038,VEH-015,2025-03-24,2025-03-27,RUT-13,HORA_12,1.0,266999.0,266999.0,1.92,261872.62,PL-632216,0.0,0.0,TER-011,True,True,0.0,False,
LQ-202601-0090,VEH-009,2026-01-30,2026-01-30,RUT-06,HORA_12,1.0,244838.0,244838.0,0.0,244838.0,PL-276370,0.0,0.0,TER-002,True,True,0.0,False,
LQ-202510-0077,VEH-035,2025-10-28,2025-10-28,RUT-13,HORA_24,1.0,463168.0,463168.0,0.0,463168.0,PL-900620,0.0,0.0,,True,False,0.0,False,
LQ-202506-0057,VEH-004,2025-06-22,2025-06-22,RUT-15,HORA_12,1.0,317166.0,317166.0,0.0,317166.0,PL-556784,0.0,0.0,,True,False,0.0,False,
LQ-202603-0106,VEH-004,2026-03-24,2026-03-26,RUT-14,HORA_12,1.0,304308.0,304308.0,0.0,304308.0,PL-849101,0.0,0.0,,True,False,0.0,False,
LQ-202602-0101,VEH-037,2026-02-25,2026-02-28,RUT-11,HORA_12,1.0,262265.0,262265.0,0.0,262265.0,PL-745292,0.0,0.0,TER-009,True,True,0.0,False,
LQ-202601-0095,VEH-020,2026-01-02,2026-01-03,RUT-06,HORA_24,1.0,386745.0,386745.0,0.0,386745.0,PL-460182,0.0,0.0,TER-003,True,True,0.0,False,
LQ-202506-0058,VEH-018,2025-06-05,2025-06-06,RUT-15,HORA_24,20.84,449451.0,9366558.84,0.0,9366558.84,PL-312080,0.0,0.0,,True,False,0.0,True,cantidad fuera de rango
LQ-202503-0037,VEH-009,2025-03-16,2025-03-19,RUT-07,HORA_24,1.0,531661.0,531661.0,0.0,531661.0,PL-941105,0.0,0.0,,True,False,0.0,False,
LQ-202504-0042,VEH-039,2025-04-12,2025-04-14,RUT-05,HORA_24,1.0,459761.0,459761.0,0.0,459761.0,PL-112938,0.0,0.0,TER-010,True,True,0.0,False,
LQ-202410-0007,VEH-006,2024-10-16,2024-10-19,RUT-03,HORA_24,1.0,517993.0,517993.0,0.0,517993.0,PL-512344,1.0,100800.0,,True,False,100800.0,False,
LQ-202603-0103,VEH-026,2026-03-13,2026-03-13,RUT-15,HORA_12,1.0,292641.0,292641.0,0.0,292641.0,PL-405219,0.0,0.0,,True,False,0.0,False,
LQ-202411-0016,VEH-011,2024-11-26,2024-11-27,RUT-14,HORA_12,1.0,220517.0,220517.0,0.0,220517.0,PL-287847,0.0,0.0,,True,False,0.0,False,
LQ-202506-0053,VEH-025,2025-06-29,2025-06-29,RUT-08,HORA_12,1.0,266828.0,266828.0,0.0,266828.0,PL-886633,0.0,0.0,TER-006,True,True,0.0,False,
LQ-202411-0016,VEH-033,2024-11-07,2024-11-07,RUT-06,KILOMETRO,305.99,4029.0,1232833.71,0.0,1232833.71,PL-249375,0.0,0.0,TER-004,True,True,0.0,False,
LQ-202607-0125,VEH-007,2026-07-20,2026-07-23,RUT-07,HORA_24,1.0,569173.0,569173.0,0.0,569173.0,PL-617556,0.0,0.0,,True,False,0.0,False,
LQ-202507-0059,VEH-018,2025-07-06,2025-07-07,RUT-02,HORA_24,1.0,509539.0,509539.0,0.0,509539.0,PL-426619,1.0,108826.0,,True,False,108826.0,False,
LQ-202504-0043,VEH-027,2025-04-26,2025-04-29,RUT-11,HORA_12,1.0,316288.0,316288.0,0.0,316288.0,PL-518807,0.0,0.0,TER-002,True,True,0.0,False,
LQ-202505-0048,VEH-028,2025-05-11,2025-05-14,RUT-10,HORA_24,1.0,473390.0,473390.0,0.0,473390.0,PL-122527,0.0,0.0,,True,False,0.0,False,
LQ-202605-0114,VEH-023,2026-05-06,2026-05-09,RUT-08,HORA_24,1.0,491593.0,491593.0,0.0,491593.0,PL-939500,2.0,105412.0,TER-003,True,True,210824.0,False,
LQ-202608-0131,VEH-002,2026-08-30,2026-08-30,RUT-14,KILOMETRO,166.86,5395.0,900209.7,0.0,900209.7,PL-114993,0.0,0.0,,True,False,0.0,False,
LQ-202602-0098,VEH-034,2026-02-09,2026-02-10,RUT-04,HORA_12,1.0,245404.0,245404.0,0.0,245404.0,PL-499768,3.0,98642.0,,True,False,295926.0,False,
LQ-202508-0065,VEH-030,2025-08-16,2025-08-16,RUT-05,KILOMETRO,350.77,4230.0,1483757.1,0.0,1483757.1,PL-555275,2.0,105830.0,TER-001,True,True,211660.0,False,
LQ-202505-0049,VEH-016,2025-05-13,2025-05-13,RUT-12,HORA,7.62,29448.0,224393.76,0.0,224393.76,PL-337212,0.0,0.0,TER-012,True,True,0.0,False,
LQ-202503-0039,VEH-023,2025-03-20,2025-03-20,RUT-11,HORA_12,1.0,280668.0,280668.0,0.0,280668.0,PL-607417,0.0,0.0,,True,False,0.0,False,
LQ-202511-0083,VEH-018,2025-11-15,2025-11-16,RUT-12,HORA_24,1.0,443623.0,443623.0,0.0,443623.0,PL-166290,0.0,0.0,,True,False,0.0,False,
LQ-202512-0088,VEH-040,2025-12-15,2025-12-15,RUT-02,HORA_24,1.0,368068.0,368068.0,0.0,368068.0,PL-412789,1.0,76877.0,,True,False,76877.0,False,
LQ-202601-0092,VEH-002,2026-01-13,2026-01-14,RUT-01,HORA_12,1.0,231960.0,231960.0,0.0,231960.0,PL-806413,3.0,85144.0,,True,False,255432.0,False,
LQ-202504-0045,VEH-020,2025-04-15,2025-04-15,RUT-06,HORA_24,21.41,420548.0,9003932.68,0.0,9003932.68,PL-977981,0.0,0.0,,True,False,0.0,True,cantidad fuera de rango
LQ-202509-0069,VEH-004,2025-09-26,2025-09-26,RUT-13,KILOMETRO,318.38,4649.0,1480148.62,0.0,1480148.62,PL-111089,0.0,0.0,TER-007,True,True,0.0,False,
LQ-202503-0038,VEH-028,2025-03-16,2025-03-19,RUT-07,HORA_24,1.0,428414.0,428414.0,0.0,428414.0,PL-471921,0.0,0.0,,True,False,0.0,False,
LQ-202506-0053,VEH-024,2025-06-24,2025-06-26,RUT-06,HORA_12,1.0,325493.0,325493.0,0.0,325493.0,PL-692789,0.0,0.0,,True,False,0.0,False,
LQ-202503-0038,VEH-024,2025-03-19,2025-03-19,RUT-11,KILOMETRO,127.84,4110.0,525422.4,0.0,525422.4,PL-116977,0.0,0.0,,True,False,0.0,False,
LQ-202505-0049,VEH-003,2025-05-12,2025-05-13,RUT-07,HORA_24,1.0,531656.0,531656.0,0.0,531656.0,PL-884267,0.0,0.0,,True,False,0.0,False,
LQ-202602-0101,VEH-007,2026-02-01,2026-02-01,RUT-05,HORA,7.16,26640.0,190742.4,0.0,190742.4,PL-149757,3.0,92723.0,,True,False,278169.0,False,
LQ-202602-0101,VEH-021,2026-02-04,2026-02-06,RUT-06,HORA_24,1.0,447318.0,447318.0,0.0,447318.0,PL-865305,0.0,0.0,TER-003,True,True,0.0,False,
LQ-202511-0079,VEH-037,2025-11-22,2025-11-24,RUT-02,HORA_24,1.0,444521.0,444521.0,0.0,444521.0,PL-943952,1.0,97843.0,,True,False,97843.0,False,
LQ-202502-0029,VEH-018,2025-02-28,2025-02-28,RUT-01,KILOMETRO,131.23,4200.0,551166.0,0.0,551166.0,PL-227630,2.0,94848.0,,True,False,189696.0,False,
LQ-202412-0022,VEH-040,2024-12-27,2024-12-27,RUT-02,HORA,4.35,22532.0,98014.2,0.0,98014.2,PL-331287,3.0,73920.0,TER-004,True,True,221760.0,False,
LQ-202503-0037,VEH-032,2025-03-14,2025-03-14,RUT-07,KILOMETRO,380.22,4628.0,1759658.16,0.0,1759658.16,PL-658339,0.0,0.0,,True,False,0.0,False,
LQ-202602-0101,VEH-007,2026-02-07,2026-02-07,RUT-03,HORA,7.19,34007.0,244510.33,0.0,244510.33,PL-716139,0.0,0.0,TER-009,True,True,0.0,False,
LQ-202601-0092,VEH-033,2026-01-05,2026-01-05,RUT-09,HORA_12,1.0,255704.0,255704.0,0.0,255704.0,PL-855095,0.0,0.0,TER-006,True,True,0.0,False,
LQ-202509-0067,VEH-007,2025-09-29,2025-09-30,RUT-04,HORA_24,1.0,445813.0,445813.0,5.61,420802.89,PL-639704,0.0,0.0,TER-007,True,True,0.0,False,
LQ-202502-0033,VEH-006,2025-02-14,2025-02-15,RUT-14,HORA_12,1.0,249581.0,249581.0,0.0,249581.0,PL-216793,0.0,0.0,TER-012,True,True,0.0,False,
LQ-202503-0037,VEH-026,2025-03-03,2025-03-06,RUT-14,HORA_12,1.0,315558.0,315558.0,0.0,315558.0,PL-967438,0.0,0.0,,True,False,0.0,False,
LQ-202602-0098,VEH-011,2026-02-23,2026-02-23,RUT-01,HORA,7.54,28715.0,216511.1,0.0,216511.1,PL-777735,3.0,98642.0,TER-005,True,True,295926.0,False,
LQ-202604-0111,VEH-013,2026-04-17,2026-04-20,RUT-12,HORA_24,1.0,467117.0,467117.0,8.22,428719.98,PL-385521,0.0,0.0,,True,False,0.0,False,
LQ-202601-0090,VEH-018,2026-01-28,2026-01-30,RUT-07,HORA_24,1.0,369019.0,369019.0,0.0,369019.0,PL-901829,0.0,0.0,,True,False,0.0,False,
LQ-202601-0095,VEH-009,2026-01-01,2026-01-02,RUT-11,HORA_12,1.0,194188.0,194188.0,0.0,194188.0,PL-451359,2.0,80035.0,,True,False,160070.0,False,
LQ-202409-0005,VEH-028,2024-09-18,2024-09-20,RUT-09,HORA_12,1.0,289944.0,289944.0,0.0,289944.0,PL-856086,0.0,0.0,TER-005,True,True,0.0,False,
LQ-202604-0109,VEH-010,2026-04-13,2026-04-16,RUT-09,HORA_24,1.0,486185.0,486185.0,0.0,486185.0,PL-479706,0.0,0.0,,True,False,0.0,False,
LQ-202512-0085,VEH-004,2025-12-19,2025-12-19,RUT-04,HORA_24,1.0,305354.0,305354.0,0.0,305354.0,PL-944621,0.0,0.0,,True,False,0.0,True,tarifa fuera de rango
LQ-202412-0022,VEH-032,2024-12-31,2024-12-31,RUT-05,KILOMETRO,72.6,2695.0,195657.0,0.0,195657.0,PL-310416,1.0,73920.0,,True,False,73920.0,False,
LQ-202506-0058,VEH-027,2025-06-10,2025-06-12,RUT-09,HORA_24,1.0,546113.0,546113.0,0.0,546113.0,PL-946165,0.0,0.0,,True,False,0.0,False,
LQ-202510-0078,VEH-018,2025-10-27,2025-10-29,RUT-10,HORA_12,1.0,288793.0,288793.0,2.59,281313.26,PL-489264,0.0,0.0,,True,False,0.0,False,
LQ-202410-0012,VEH-031,2024-10-03,2024-10-05,RUT-15,HORA_12,1.0,238925.0,238925.0,0.0,238925.0,PL-838726,0.0,0.0,TER-011,True,True,0.0,False,
LQ-202608-0133,VEH-032,2026-08-24,2026-08-25,RUT-14,HORA_12,1.0,335309.0,335309.0,0.0,335309.0,PL-515759,0.0,0.0,,True,False,0.0,False,
LQ-202504-0043,VEH-030,2025-04-11,2025-04-12,RUT-08,HORA_24,1.0,424345.0,424345.0,0.0,424345.0,PL-434397,0.0,0.0,,True,False,0.0,False,
LQ-202607-0125,VEH-035,2026-07-20,2026-07-22,RUT-14,HORA_24,1.0,517923.0,517923.0,0.0,517923.0,PL-346621,0.0,0.0,,True,False,0.0,False,
LQ-202412-0018,VEH-006,2024-12-01,2024-12-02,RUT-02,HORA_12,1.0,206884.0,206884.0,0.0,206884.0,PL-590795,0.0,0.0,,True,False,0.0,False,
LQ-202606-0120,VEH-022,2026-06-18,2026-06-18,RUT-11,KILOMETRO,278.71,4936.0,1375712.56,0.0,1375712.56,PL-148299,0.0,0.0,,True,False,0.0,False,
LQ-202512-0089,VEH-038,2025-12-24,2025-12-24,RUT-12,HORA_24,1.0,361150.0,361150.0,0.0,361150.0,PL-969750,0.0,0.0,TER-006,True,True,0.0,False,
LQ-202509-0072,VEH-038,2025-09-11,2025-09-13,RUT-07,HORA_12,1.0,260291.0,260291.0,0.0,260291.0,PL-767873,0.0,0.0,,True,False,0.0,False,
LQ-202605-0115,VEH-009,2026-05-26,2026-05-27,RUT-01,HORA_24,1.0,473244.0,473244.0,7.65,437040.83,PL-596589,0.0,0.0,,True,False,0.0,False,
LQ-202603-0104,VEH-009,2026-03-25,2026-03-25,RUT-06,HORA,9.65,33875.0,326893.75,0.0,326893.75,PL-630420,0.0,0.0,,True,False,0.0,False,
LQ-202605-0117,VEH-026,2026-05-25,2026-05-26,RUT-03,HORA_24,1.0,474145.0,474145.0,3.93,455511.1,PL-741158,1.0,105412.0,,True,False,105412.0,False,
LQ-202607-0126,VEH-013,2026-07-11,2026-07-13,RUT-15,HORA_12,1.0,293441.0,293441.0,0.0,293441.0,PL-555868,0.0,0.0,,True,False,0.0,False,
LQ-202508-0066,VEH-006,2025-08-16,2025-08-19,RUT-07,HORA_12,1.0,269752.0,269752.0,0.0,269752.0,PL-281287,0.0,0.0,,True,False,0.0,False,
LQ-202505-0050,VEH-036,2025-05-23,2025-05-25,RUT-08,HORA_24,1.0,497399.0,497399.0,0.0,497399.0,PL-908251,0.0,0.0,,True,False,0.0,False,
LQ-202607-0124,VEH-025,2026-07-26,2026-07-26,RUT-13,HORA_12,1.0,302640.0,302640.0,0.0,302640.0,,0.0,0.0,,False,False,0.0,False,
LQ-202503-0035,VEH-004,2025-03-11,2025-03-11,RUT-04,KILOMETRO,326.71,4409.0,1440464.39,0.0,1440464.39,PL-419071,2.0,103834.0,TER-006,True,True,207668.0,False,
LQ-202512-0086,VEH-039,2025-12-21,2025-12-22,RUT-05,HORA_24,1.0,339085.0,339085.0,4.71,323114.1,PL-395190,3.0,76877.0,,True,False,230631.0,False,
LQ-202601-0091,VEH-035,2026-01-17,2026-01-17,RUT-15,HORA_24,1.0,397836.0,397836.0,0.0,397836.0,PL-581691,0.0,0.0,,True,False,0.0,False,
LQ-202510-0078,VEH-002,2025-10-25,2025-10-25,RUT-03,KILOMETRO,257.95,4050.0,1044697.5,0.0,1044697.5,PL-715914,0.0,0.0,,True,False,0.0,False,
LQ-202603-0105,VEH-005,2026-03-12,2026-03-12,RUT-15,KILOMETRO,195.15,4664.0,910179.6,0.0,910179.6,PL-550212,0.0,0.0,,True,False,0.0,False,
LQ-202412-0021,VEH-013,2024-12-06,2024-12-09,RUT-07,HORA_24,1.0,332098.0,332098.0,0.0,332098.0,PL-847528,0.0,0.0,,True,False,0.0,False,
LQ-202512-0087,VEH-010,2025-12-22,2025-12-22,RUT-08,KILOMETRO,282.14,3257.0,918929.98,4.98,873167.27,PL-737647,0.0,0.0,TER-011,True,True,0.0,False,
LQ-202602-0101,VEH-026,2026-02-20,2026-02-20,RUT-01,KILOMETRO,387.43,3689.0,1429229.27,0.0,1429229.27,PL-763740,2.0,92723.0,,True,False,185446.0,False,
LQ-202412-0022,VEH-004,2024-12-26,2024-12-29,RUT-14,HORA_12,1.0,185431.0,185431.0,0.0,185431.0,PL-454123,2.0,73920.0,,True,False,147840.0,False,
LQ-202411-0013,VEH-020,2024-11-04,2024-11-04,RUT-11,HORA,9.04,29538.0,267023.52,0.0,267023.52,PL-879850,0.0,0.0,,True,False,0.0,False,
LQ-202602-0096,VEH-023,2026-02-12,2026-02-15,RUT-09,HORA_12,1.0,283614.0,283614.0,0.0,283614.0,PL-465493,0.0,0.0,TER-002,True,True,0.0,False,
LQ-202505-0048,VEH-035,2025-05-03,2025-05-03,RUT-12,HORA_12,1.0,258371.0,258371.0,0.0,258371.0,PL-265909,0.0,0.0,,True,False,0.0,False,
LQ-202501-0026,VEH-020,2025-01-14,2025-01-14,RUT-08,HORA,9.31,29079.0,270725.49,0.0,270725.49,PL-629152,0.0,0.0,,True,False,0.0,False,
LQ-202602-0099,VEH-030,2026-02-19,2026-02-19,RUT-03,HORA,4.51,27441.0,123758.91,0.0,123758.91,PL-925451,3.0,92723.0,TER-001,True,True,278169.0,False,
LQ-202606-0121,VEH-035,2026-06-22,2026-06-22,RUT-07,KILOMETRO,123.91,4877.0,604309.07,0.0,604309.07,PL-469428,2.0,115255.0,,True,False,230510.0,False,
LQ-202412-0019,VEH-006,2024-12-27,2024-12-28,RUT-15,HORA_24,1.0,333867.0,333867.0,0.0,333867.0,PL-217830,0.0,0.0,,True,False,0.0,False,
LQ-202409-0004,VEH-010,2024-09-22,2024-09-22,RUT-10,HORA,11.68,31051.0,362675.68,0.0,362675.68,PL-343467,0.0,0.0,,True,False,0.0,False,
LQ-202411-0013,VEH-032,2024-11-21,2024-11-21,RUT-07,HORA_12,1.0,262780.0,262780.0,0.0,262780.0,PL-722899,0.0,0.0,,True,False,0.0,False,
LQ-202601-0093,VEH-022,2026-01-11,2026-01-11,RUT-08,HORA,8.49,25295.0,214754.55,0.0,214754.55,PL-665629,0.0,0.0,,True,False,0.0,False,
LQ-202505-0051,VEH-011,2025-05-03,2025-05-04,RUT-08,HORA_24,1.0,504924.0,504924.0,0.0,504924.0,PL-250327,0.0,0.0,,True,False,0.0,False,
LQ-202512-0089,VEH-020,2025-12-31,2025-12-31,RUT-14,HORA_24,1.0,356833.0,356833.0,0.0,356833.0,PL-978472,0.0,0.0,TER-008,True,True,0.0,False,
LQ-202607-0128,VEH-018,2026-07-16,2026-07-16,RUT-07,HORA_12,1.0,293945.0,293945.0,0.0,293945.0,PL-256169,0.0,0.0,,True,False,0.0,False,
LQ-202508-0065,VEH-023,2025-08-07,2025-08-07,RUT-12,HORA_24,1.0,477604.0,477604.0,6.88,444744.84,PL-657519,0.0,0.0,,True,False,0.0,False,
LQ-202501-0024,VEH-009,2025-01-15,2025-01-15,RUT-12,HORA_24,1.0,360039.0,360039.0,0.0,360039.0,PL-837290,0.0,0.0,,True,False,0.0,False,
LQ-202511-0079,VEH-023,2025-11-14,2025-11-16,RUT-04,HORA_12,1.0,272521.0,272521.0,0.0,272521.0,PL-576508,0.0,0.0,TER-005,True,True,0.0,False,
LQ-202606-0121,VEH-029,2026-06-12,2026-06-15,RUT-13,HORA_24,1.0,546424.0,546424.0,6.56,510578.59,PL-495968,0.0,0.0,,True,False,0.0,False,
LQ-202603-0102,VEH-008,2026-03-27,2026-03-27,RUT-13,HORA,7.29,33608.0,245002.32,0.0,245002.32,PL-682977,0.0,0.0,,True,False,0.0,False,
LQ-202607-0125,VEH-024,2026-07-15,2026-07-16,RUT-07,HORA_24,1.0,546020.0,546020.0,0.0,546020.0,PL-938271,0.0,0.0,,True,False,0.0,False,
LQ-202510-0076,VEH-016,2025-10-25,2025-10-27,RUT-07,HORA_12,1.0,244037.0,244037.0,0.0,244037.0,PL-747480,0.0,0.0,,True,False,0.0,False,
LQ-202502-0033,VEH-003,2025-02-16,2025-02-19,RUT-04,HORA_24,1.0,434032.0,434032.0,0.0,434032.0,PL-727971,3.0,94848.0,,True,False,284544.0,False,
LQ-202606-0119,VEH-017,2026-06-18,2026-06-20,RUT-09,HORA_12,1.0,282628.0,282628.0,0.0,282628.0,PL-667176,0.0,0.0,TER-007,True,True,0.0,False,
LQ-202603-0106,VEH-003,2026-03-12,2026-03-12,RUT-14,HORA_24,1.0,514610.0,514610.0,0.0,514610.0,PL-609937,0.0,0.0,,True,False,0.0,False,
LQ-202512-0085,VEH-005,2025-12-13,2025-12-14,RUT-15,HORA_12,1.0,205889.0,205889.0,0.0,205889.0,PL-930901,0.0,0.0,,True,False,0.0,False,
LQ-202606-0122,VEH-025,2026-06-24,2026-06-24,RUT-05,HORA,11.3,36590.0,413467.0,0.0,413467.0,PL-503713,3.0,108340.0,,True,False,325020.0,False,
LQ-202505-0050,VEH-028,2025-05-19,2025-05-19,RUT-08,HORA_24,1.0,470862.0,470862.0,0.0,470862.0,PL-801569,0.0,0.0,,True,False,0.0,False,
LQ-202510-0076,VEH-015,2025-10-27,2025-10-29,RUT-09,HORA_24,1.0,434469.0,434469.0,0.0,434469.0,PL-100571,0.0,0.0,,True,False,0.0,False,
LQ-202605-0114,VEH-030,2026-05-23,2026-05-26,RUT-06,HORA_24,1.0,426425.0,426425.0,0.0,426425.0,PL-331343,0.0,0.0,,True,False,0.0,False,
LQ-202607-0127,VEH-014,2026-07-08,2026-07-08,RUT-07,KILOMETRO,333.36,4454.0,1484785.44,0.0,1484785.44,PL-173746,0.0,0.0,TER-010,True,True,0.0,False,
LQ-202506-0053,VEH-039,2025-06-15,2025-06-15,RUT-03,HORA,7.97,37544.0,299225.68,0.0,299225.68,PL-565713,0.0,0.0,,True,False,0.0,False,
LQ-202501-0027,VEH-030,2025-01-20,2025-01-20,RUT-11,KILOMETRO,328.89,3456.0,1136643.84,0.0,1136643.84,PL-307897,0.0,0.0,TER-003,True,True,0.0,False,
LQ-202604-0108,VEH-001,2026-04-06,2026-04-08,RUT-04,HORA_12,1.0,300919.0,300919.0,0.0,300919.0,PL-424762,3.0,105910.0,,True,False,317730.0,False,
LQ-202501-0028,VEH-007,2025-01-05,2025-01-06,RUT-08,HORA_24,1.0,393788.0,393788.0,0.0,393788.0,PL-932026,0.0,0.0,,True,False,0.0,False,
LQ-202410-0010,VEH-015,2024-10-22,2024-10-23,RUT-06,HORA_24,1.0,423290.0,423290.0,5.02,402040.84,PL-550081,0.0,0.0,,True,False,0.0,False,
LQ-202512-0088,VEH-020,2025-12-04,2025-12-05,RUT-06,HORA_24,1.0,341455.0,341455.0,0.0,341455.0,PL-372642,0.0,0.0,TER-009,True,True,0.0,False,
LQ-202601-0094,VEH-010,2026-01-23,2026-01-23,RUT-12,HORA_24,1.0,430585.0,430585.0,5.18,408280.7,PL-539415,0.0,0.0,TER-009,True,True,0.0,False,
LQ-202504-0042,VEH-033,2025-04-22,2025-04-25,RUT-06,HORA_12,1.0,307936.0,307936.0,0.0,307936.0,PL-857630,0.0,0.0,,True,False,0.0,False,
LQ-202502-0031,VEH-015,2025-02-27,2025-02-27,RUT-06,KILOMETRO,315.81,3874.0,1223447.94,0.0,1223447.94,PL-201295,0.0,0.0,,True,False,0.0,False,
LQ-202512-0087,VEH-002,2025-12-02,2025-12-02,RUT-12,HORA,4.4,24345.0,107118.0,0.0,107118.0,PL-808205,0.0,0.0,,True,False,0.0,False,
LQ-202505-0052,VEH-002,2025-05-09,2025-05-09,RUT-07,KILOMETRO,115.17,4170.0,480258.9,0.0,480258.9,PL-552708,0.0,0.0,,True,False,0.0,False,
LQ-202510-0077,VEH-014,2025-10-16,2025-10-17,RUT-03,HORA_12,1.0,309892.0,309892.0,5.59,292569.04,PL-542730,2.0,104832.0,TER-009,True,True,209664.0,False,
LQ-202605-0114,VEH-011,2026-05-30,2026-05-31,RUT-13,HORA_12,1.0,303310.0,303310.0,5.74,285900.01,PL-398077,0.0,0.0,TER-006,True,True,0.0,False,
LQ-202602-0099,VEH-028,2026-02-23,2026-02-25,RUT-14,HORA_24,1.0,493788.0,493788.0,0.0,493788.0,PL-175603,0.0,0.0,,True,False,0.0,False,
LQ-202607-0127,VEH-032,2026-07-08,2026-07-08,RUT-03,KILOMETRO,277.03,4640.0,1285419.2,0.0,1285419.2,PL-984241,3.0,113179.0,,True,False,339537.0,False,
LQ-202508-0064,VEH-004,2025-08-29,2025-08-30,RUT-02,HORA_24,1.0,483013.0,483013.0,5.66,455674.46,PL-542981,0.0,0.0,TER-010,True,True,0.0,False,
LQ-202608-0134,VEH-029,2026-08-09,2026-08-09,RUT-09,HORA_24,1.0,477048.0,477048.0,4.13,457345.92,PL-438010,0.0,0.0,,True,False,0.0,False,
LQ-202505-0052,VEH-027,2025-05-20,2025-05-20,RUT-13,HORA,12.8,31379.0,401651.2,0.0,401651.2,PL-493023,0.0,0.0,,True,False,0.0,False,
LQ-202510-0077,VEH-039,2025-10-03,2025-10-04,RUT-08,HORA_24,1.0,433349.0,433349.0,0.0,433349.0,PL-520419,0.0,0.0,,True,False,0.0,False,
LQ-202509-0071,VEH-017,2025-09-12,2025-09-12,RUT-06,HORA,5.49,31282.0,171738.18,6.71,160214.55,PL-415100,0.0,0.0,,True,False,0.0,False,
LQ-202601-0091,VEH-003,2026-01-25,2026-01-25,RUT-02,HORA_12,1.0,221097.0,221097.0,6.87,205907.64,PL-257833,1.0,80035.0,,True,False,80035.0,False,
LQ-202601-0093,VEH-033,2026-01-17,2026-01-18,RUT-05,HORA_12,1.0,221450.0,221450.0,0.0,221450.0,PL-152364,2.0,80035.0,TER-010,True,True,160070.0,False,
LQ-202508-0066,VEH-033,2025-08-09,2025-08-09,RUT-03,HORA_24,1.0,488979.0,488979.0,8.01,449811.78,PL-954888,0.0,0.0,,True,False,0.0,False,
LQ-202601-0094,VEH-005,2026-01-16,2026-01-16,RUT-06,HORA,6.93,24678.0,171018.54,0.0,171018.54,PL-962941,0.0,0.0,TER-006,True,True,0.0,False,
LQ-202608-0130,VEH-001,2026-08-17,2026-08-17,RUT-01,KILOMETRO,425.85,4330.0,1843930.5,0.0,1843930.5,PL-737005,1.0,103460.0,TER-003,True,True,103460.0,False,
LQ-202607-0123,VEH-019,2026-07-26,2026-07-28,RUT-11,HORA_24,1.0,499796.0,499796.0,3.84,480603.83,PL-637393,0.0,0.0,,True,False,0.0,False,
LQ-202603-0102,VEH-039,2026-03-23,2026-03-25,RUT-11,HORA_24,1.0,517767.0,517767.0,0.0,517767.0,PL-918678,0.0,0.0,TER-004,True,True,0.0,False,
LQ-202512-0085,VEH-026,2025-12-31,2025-12-31,RUT-10,HORA,2.66,23453.0,62384.98,0.0,62384.98,PL-231179,0.0,0.0,,True,False,0.0,False,
LQ-202603-0107,VEH-007,2026-03-17,2026-03-17,RUT-15,HORA_24,1.0,482608.0,482608.0,0.0,482608.0,PL-146275,0.0,0.0,TER-005,True,True,0.0,False,
LQ-202506-0053,VEH-038,2025-06-21,2025-06-21,RUT-13,KILOMETRO,149.33,4881.0,728879.73,0.0,728879.73,PL-738988,0.0,0.0,TER-004,True,True,0.0,False,
LQ-202602-0096,VEH-006,2026-02-14,2026-02-14,RUT-13,HORA_24,1.0,442091.0,442091.0,0.0,442091.0,PL-712997,0.0,0.0,TER-002,True,True,0.0,False,
LQ-202509-0071,VEH-009,2025-09-05,2025-09-08,RUT-15,HORA_24,1.0,493623.0,493623.0,0.0,493623.0,PL-168904,0.0,0.0,,True,False,0.0,False,
LQ-202412-0018,VEH-016,2024-12-27,2024-12-27,RUT-07,HORA_24,1.0,373164.0,373164.0,0.0,373164.0,PL-503489,0.0,0.0,,True,False,0.0,False,
LQ-202505-0047,VEH-016,2025-05-15,2025-05-16,RUT-08,HORA_24,1.0,522793.0,522793.0,0.0,522793.0,PL-935456,0.0,0.0,TER-008,True,True,0.0,False,
LQ-202607-0124,VEH-019,2026-07-18,2026-07-18,RUT-02,KILOMETRO,297.87,4732.0,1409520.84,0.0,1409520.84,PL-571643,2.0,106388.0,,True,False,212776.0,False,
LQ-202602-0101,VEH-031,2026-02-10,2026-02-10,RUT-04,HORA,13.97,28380.0,396468.6,0.0,396468.6,PL-500105,0.0,0.0,,True,False,0.0,False,
LQ-202604-0112,VEH-025,2026-04-20,2026-04-23,RUT-07,HORA_24,1.0,527277.0,527277.0,0.0,527277.0,PL-291177,0.0,0.0,,True,False,0.0,False,
LQ-202411-0017,VEH-023,2024-11-18,2024-11-20,RUT-09,HORA_24,1.0,419028.0,419028.0,0.0,419028.0,PL-812597,0.0,0.0,,True,False,0.0,False,
LQ-202512-0088,VEH-022,2025-12-31,2025-12-31,RUT-11,HORA_12,1.0,199785.0,199785.0,0.0,199785.0,PL-712869,0.0,0.0,,True,False,0.0,False,
LQ-202411-0016,VEH-003,2024-11-17,2024-11-19,RUT-04,HORA_24,1.0,443759.0,443759.0,0.0,443759.0,PL-141843,0.0,0.0,,True,False,0.0,False,
LQ-202502-0034,VEH-026,2025-02-06,2025-02-06,RUT-09,HORA,3.12,28797.0,89846.64,0.0,89846.64,PL-683071,0.0,0.0,,True,False,0.0,False,
LQ-202506-0053,VEH-005,2025-06-09,2025-06-11,RUT-11,HORA_12,1.0,293457.0,293457.0,0.0,293457.0,PL-617915,0.0,0.0,,True,False,0.0,False,
LQ-202502-0031,VEH-004,2025-02-23,2025-02-23,RUT-04,HORA_24,1.0,427818.0,427818.0,0.0,427818.0,PL-977135,2.0,94848.0,,True,False,189696.0,False,
LQ-202507-0061,VEH-040,2025-07-03,2025-07-03,RUT-12,HORA,9.87,30347.0,299524.89,0.0,299524.89,PL-898337,0.0,0.0,,True,False,0.0,False,
LQ-202503-0037,VEH-003,2025-03-12,2025-03-12,RUT-05,HORA_24,1.0,503272.0,503272.0,0.0,503272.0,PL-733870,1.0,103834.0,TER-007,True,True,103834.0,False,
LQ-202512-0088,VEH-004,2025-12-17,2025-12-17,RUT-13,HORA,7.48,25988.0,194390.24,0.0,194390.24,PL-474775,0.0,0.0,TER-007,True,True,0.0,False,
LQ-202409-0004,VEH-030,2024-09-21,2024-09-21,RUT-05,KILOMETRO,387.78,4188.0,1624022.64,0.0,1624022.64,PL-986365,0.0,0.0,,True,False,0.0,False,
LQ-202412-0023,VEH-031,2024-12-09,2024-12-09,RUT-04,HORA_12,1.0,172664.0,172664.0,0.0,172664.0,PL-621682,0.0,0.0,TER-011,True,True,0.0,True,tarifa fuera de rango
LQ-202608-0133,VEH-037,2026-08-17,2026-08-17,RUT-03,HORA_24,1.0,491171.0,491171.0,0.0,491171.0,,0.0,0.0,,False,False,0.0,False,
LQ-202604-0112,VEH-004,2026-04-03,2026-04-04,RUT-08,HORA_24,1.0,480672.0,480672.0,0.0,480672.0,PL-686390,0.0,0.0,TER-003,True,True,0.0,False,
LQ-202501-0026,VEH-026,2025-01-06,2025-01-06,RUT-11,HORA,80.94,24083.0,1949278.02,0.0,1949278.02,PL-350067,0.0,0.0,TER-004,True,True,0.0,True,cantidad fuera de rango
LQ-202409-0004,VEH-023,2024-09-10,2024-09-10,RUT-15,HORA,12.78,34837.0,445216.86,0.0,445216.86,PL-329642,0.0,0.0,,True,False,0.0,False,
LQ-202608-0132,VEH-019,2026-08-11,2026-08-12,RUT-15,HORA_24,1.0,510049.0,510049.0,2.66,496481.7,PL-701071,0.0,0.0,,True,False,0.0,False,
LQ-202608-0131,VEH-017,2026-08-13,2026-08-14,RUT-15,HORA_12,1.0,296726.0,296726.0,2.39,289634.25,PL-794575,0.0,0.0,TER-005,True,True,0.0,False,
LQ-202412-0019,VEH-013,2024-12-31,2024-12-31,RUT-05,HORA_24,1.0,306465.0,306465.0,0.0,306465.0,PL-894586,0.0,0.0,TER-003,True,True,0.0,True,tarifa fuera de rango
LQ-202607-0125,VEH-010,2026-07-29,2026-07-31,RUT-07,HORA_24,1.0,532637.0,532637.0,0.0,532637.0,PL-500056,0.0,0.0,,True,False,0.0,False,
LQ-202502-0031,VEH-021,2025-02-27,2025-02-27,RUT-12,HORA,0.5,33544.0,16772.0,0.0,16772.0,PL-986887,0.0,0.0,TER-012,True,True,0.0,False,
LQ-202501-0027,VEH-034,2025-01-21,2025-01-22,RUT-04,HORA_12,1.0,212840.0,212840.0,0.0,212840.0,PL-188049,3.0,81869.0,TER-007,True,True,245607.0,False,
LQ-202409-0001,VEH-040,2024-09-13,2024-09-13,RUT-15,HORA_24,1.0,428005.0,428005.0,0.0,428005.0,PL-479201,0.0,0.0,,True,False,0.0,False,
LQ-202601-0093,VEH-039,2026-01-01,2026-01-02,RUT-07,HORA_12,1.0,212881.0,212881.0,0.0,212881.0,PL-525167,0.0,0.0,,True,False,0.0,False,
LQ-202601-0095,VEH-036,2026-01-07,2026-01-10,RUT-14,HORA_24,1.0,386624.0,386624.0,0.0,386624.0,PL-116438,0.0,0.0,,True,False,0.0,False,
LQ-202511-0083,VEH-020,2025-11-24,2025-11-27,RUT-06,HORA_12,1.0,250558.0,250558.0,0.0,250558.0,PL-568946,0.0,0.0,TER-007,True,True,0.0,False,
LQ-202510-0077,VEH-003,2025-10-07,2025-10-07,RUT-13,HORA_12,1.0,270084.0,270084.0,0.0,270084.0,PL-538712,0.0,0.0,,True,False,0.0,False,
LQ-202605-0117,VEH-022,2026-05-25,2026-05-25,RUT-13,HORA,8.9,38734.0,344732.6,1.74,338734.25,PL-190745,0.0,0.0,,True,False,0.0,False,
LQ-202506-0054,VEH-011,2025-06-03,2025-06-05,RUT-06,HORA_24,1.0,522265.0,522265.0,0.0,522265.0,PL-491399,0.0,0.0,,True,False,0.0,False,
LQ-202503-0037,VEH-025,2025-03-01,2025-03-01,RUT-03,HORA,8.24,33229.0,273806.96,0.0,273806.96,PL-254535,2.0,103834.0,,True,False,207668.0,False,
LQ-202602-0099,VEH-025,2026-02-20,2026-02-22,RUT-11,HORA_24,1.0,474776.0,474776.0,0.0,474776.0,PL-883504,0.0,0.0,,True,False,0.0,False,
LQ-202412-0018,VEH-040,2024-12-21,2024-12-22,RUT-07,HORA_24,1.0,388620.0,388620.0,0.0,388620.0,PL-946803,0.0,0.0,,True,False,0.0,False,
LQ-202605-0115,VEH-028,2026-05-01,2026-05-01,RUT-05,HORA,9.32,34128.0,318072.96,0.0,318072.96,PL-344896,1.0,105412.0,TER-001,True,True,105412.0,False,
LQ-202605-0114,VEH-025,2026-05-30,2026-05-31,RUT-01,HORA_24,1.0,519807.0,519807.0,0.0,519807.0,PL-717959,0.0,0.0,,True,False,0.0,False,
LQ-202607-0126,VEH-026,2026-07-17,2026-07-17,RUT-08,HORA_12,1.0,265835.0,265835.0,0.0,265835.0,PL-719593,0.0,0.0,,True,False,0.0,False,
LQ-202501-0027,VEH-015,2025-01-30,2025-01-31,RUT-13,HORA_12,1.0,216632.0,216632.0,0.0,216632.0,PL-848225,0.0,0.0,TER-005,True,True,0.0,False,
LQ-202507-0062,VEH-018,2025-07-10,2025-07-10,RUT-07,HORA_24,1.0,484580.0,484580.0,0.0,484580.0,PL-398593,0.0,0.0,,True,False,0.0,False,
LQ-202512-0085,VEH-004,2025-12-23,2025-12-23,RUT-06,KILOMETRO,319.77,3494.0,1117276.38,0.0,1117276.38,PL-657656,0.0,0.0,,True,False,0.0,False,
LQ-202503-0037,VEH-012,2025-03-24,2025-03-25,RUT-03,HORA_12,1.0,295717.0,295717.0,0.0,295717.0,PL-962458,2.0,103834.0,,True,False,207668.0,False,
LQ-202502-0030,VEH-036,2025-02-27,2025-02-27,RUT-03,HORA_24,1.0,373475.0,373475.0,0.0,373475.0,PL-220784,1.0,89157.0,TER-008,True,True,89157.0,False,
LQ-202512-0084,VEH-035,2025-12-27,2025-12-27,RUT-13,HORA_12,1.0,209148.0,209148.0,0.0,209148.0,PL-267497,0.0,0.0,,True,False,0.0,False,
LQ-202605-0117,VEH-029,2026-05-23,2026-05-26,RUT-11,HORA_12,1.0,289848.0,289848.0,0.0,289848.0,PL-529251,0.0,0.0,,True,False,0.0,False,
LQ-202510-0074,VEH-010,2025-10-18,2025-10-21,RUT-04,HORA_12,1.0,235004.0,235004.0,0.0,235004.0,PL-455968,0.0,0.0,,True,False,0.0,False,
LQ-202607-0125,VEH-029,2026-07-04,2026-07-07,RUT-05,HORA_12,1.0,329055.0,329055.0,0.0,329055.0,PL-134608,2.0,113179.0,,True,False,226358.0,False,
LQ-202607-0125,VEH-034,2026-07-01,2026-07-03,RUT-09,HORA_12,1.0,299017.0,299017.0,0.0,299017.0,PL-584266,0.0,0.0,,True,False,0.0,False,
LQ-202601-0091,VEH-014,2026-01-13,2026-01-13,RUT-03,HORA,4.92,27457.0,135088.44,0.0,135088.44,PL-955580,2.0,80035.0,TER-002,True,True,160070.0,False,
LQ-202411-0016,VEH-039,2024-11-29,2024-11-29,RUT-01,HORA_12,1.0,284996.0,284996.0,4.3,272741.17,PL-665482,0.0,0.0,,True,False,0.0,False,
LQ-202510-0076,VEH-031,2025-10-27,2025-10-28,RUT-06,HORA_24,1.0,502844.0,502844.0,0.0,502844.0,PL-951619,0.0,0.0,,True,False,0.0,False,
LQ-202507-0059,VEH-018,2025-07-25,2025-07-25,RUT-02,KILOMETRO,192.33,4943.0,950687.19,0.0,950687.19,PL-287664,0.0,0.0,TER-008,True,True,0.0,False,
LQ-202411-0017,VEH-018,2024-11-08,2024-11-08,RUT-06,HORA_12,1.0,234060.0,234060.0,0.0,234060.0,PL-917546,0.0,0.0,,True,False,0.0,False,
LQ-202512-0087,VEH-012,2025-12-18,2025-12-20,RUT-12,HORA_24,1.0,348449.0,348449.0,0.0,348449.0,PL-122744,1.0,72264.0,,True,False,72264.0,False,
LQ-202602-0097,VEH-005,2026-02-06,2026-02-06,RUT-04,HORA_24,1.0,458257.0,458257.0,0.0,458257.0,PL-888802,0.0,0.0,,True,False,0.0,False,
LQ-202501-0025,VEH-002,2025-01-04,2025-01-04,RUT-14,KILOMETRO,119.69,36909.0,4417638.21,0.0,4417638.21,PL-986340,0.0,0.0,TER-010,True,True,0.0,True,tarifa fuera de rango
LQ-202607-0124,VEH-013,2026-07-27,2026-07-27,RUT-05,HORA,10.38,38057.0,395031.66,0.0,395031.66,PL-389726,3.0,106388.0,TER-011,True,True,319164.0,False,
LQ-202504-0044,VEH-004,2025-04-03,2025-04-03,RUT-03,HORA,9.03,33457.0,302116.71,0.0,302116.71,PL-564915,0.0,0.0,,True,False,0.0,False,
LQ-202511-0079,VEH-038,2025-11-02,2025-11-02,RUT-04,HORA_24,1.0,433207.0,433207.0,4.19,415055.63,PL-640069,0.0,0.0,TER-004,True,True,0.0,False,
LQ-202409-0005,VEH-030,2024-09-13,2024-09-13,RUT-02,HORA,13.38,40225.0,538210.5,0.0,538210.5,PL-181644,1.0,98880.0,,True,False,98880.0,False,
LQ-202601-0092,VEH-009,2026-01-17,2026-01-17,RUT-03,KILOMETRO,288.32,3871.0,1116086.72,0.0,1116086.72,PL-734494,1.0,85144.0,,True,False,85144.0,False,
LQ-202506-0053,VEH-027,2025-06-07,2025-06-08,RUT-05,HORA_24,1.0,537798.0,537798.0,0.0,537798.0,PL-182533,3.0,110822.0,,True,False,332466.0,False,
LQ-202512-0089,VEH-009,2025-12-14,2025-12-17,RUT-07,HORA_12,1.0,184997.0,184997.0,0.0,184997.0,PL-428673,0.0,0.0,,True,False,0.0,False,
LQ-202605-0117,VEH-036,2026-05-13,2026-05-13,RUT-06,HORA_12,1.0,310594.0,310594.0,0.0,310594.0,PL-756342,0.0,0.0,,True,False,0.0,False,
LQ-202512-0085,VEH-036,2025-12-31,2025-12-31,RUT-15,HORA_12,16.55,200979.0,3326202.45,0.0,3326202.45,PL-359992,0.0,0.0,TER-009,True,True,0.0,True,cantidad fuera de rango
LQ-202412-0018,VEH-037,2024-12-06,2024-12-06,RUT-09,KILOMETRO,112.97,3135.0,354160.95,0.0,354160.95,PL-556106,0.0,0.0,,True,False,0.0,False,
LQ-202506-0058,VEH-007,2025-06-26,2025-06-26,RUT-04,HORA,0.5,35190.0,17595.0,0.0,17595.0,PL-380316,2.0,104173.0,,True,False,208346.0,False,
LQ-202508-0064,VEH-009,2025-08-11,2025-08-11,RUT-15,HORA_12,1.0,273849.0,273849.0,0.0,273849.0,PL-257420,0.0,0.0,,True,False,0.0,False,
LQ-202409-0004,VEH-008,2024-09-21,2024-09-24,RUT-02,HORA_24,1.0,475783.0,475783.0,0.0,475783.0,PL-246566,2.0,92947.0,TER-001,True,True,185894.0,False,
LQ-202603-0103,VEH-035,2026-03-02,2026-03-03,RUT-03,HORA_12,1.0,256467.0,256467.0,0.0,256467.0,PL-205137,0.0,0.0,,True,False,0.0,False,
LQ-202602-0101,VEH-022,2026-02-16,2026-02-16,RUT-07,KILOMETRO,395.62,4534.0,1793741.08,0.0,1793741.08,PL-864110,3.0,92723.0,TER-011,True,True,278169.0,False,
LQ-202601-0091,VEH-023,2026-01-15,2026-01-17,RUT-12,HORA_24,1.0,397056.0,397056.0,0.0,397056.0,PL-546608,0.0,0.0,,True,False,0.0,False,
LQ-202502-0030,VEH-024,2025-02-16,2025-02-16,RUT-06,HORA,6.25,29593.0,184956.25,0.0,184956.25,PL-651001,0.0,0.0,,True,False,0.0,False,
LQ-202509-0071,VEH-034,2025-09-27,2025-09-30,RUT-13,HORA_12,1.0,289175.0,289175.0,0.0,289175.0,PL-732700,0.0,0.0,,True,False,0.0,False,
LQ-202409-0006,VEH-013,2024-09-18,2024-09-21,RUT-14,HORA_12,1.0,247195.0,247195.0,0.0,247195.0,PL-400009,0.0,0.0,,True,False,0.0,False,
LQ-202503-0036,VEH-017,2025-03-25,2025-03-25,RUT-14,HORA_12,1.0,275361.0,275361.0,0.0,275361.0,PL-756649,0.0,0.0,,True,False,0.0,False,
LQ-202412-0022,VEH-039,2024-12-10,2024-12-12,RUT-13,HORA_24,1.0,372482.0,372482.0,0.0,372482.0,PL-885829,0.0,0.0,,True,False,0.0,False,
LQ-202608-0132,VEH-020,2026-08-05,2026-08-08,RUT-09,HORA_12,1.0,272370.0,272370.0,0.0,272370.0,PL-876366,0.0,0.0,TER-003,True,True,0.0,False,
LQ-202412-0018,VEH-005,2024-12-09,2024-12-11,RUT-04,HORA_12,1.0,191255.0,191255.0,6.44,178938.18,PL-858729,1.0,73920.0,,True,False,73920.0,False,
LQ-202608-0130,VEH-030,2026-08-17,2026-08-19,RUT-15,HORA_12,1.0,313681.0,313681.0,0.0,313681.0,PL-683858,0.0,0.0,,True,False,0.0,False,
LQ-202410-0009,VEH-017,2024-10-16,2024-10-16,RUT-11,HORA,6.95,30947.0,215081.65,0.0,215081.65,PL-790658,0.0,0.0,TER-007,True,True,0.0,False,
LQ-202603-0103,VEH-021,2026-03-02,2026-03-02,RUT-14,HORA_12,1.0,289056.0,289056.0,0.0,289056.0,PL-787923,0.0,0.0,,True,False,0.0,False,
LQ-202608-0133,VEH-001,2026-08-24,2026-08-27,RUT-03,HORA_24,1.0,564477.0,564477.0,0.0,564477.0,PL-762218,1.0,110064.0,TER-011,True,True,110064.0,False,
LQ-202502-0033,VEH-022,2025-02-24,2025-02-24,RUT-11,KILOMETRO,504.46,3546.0,1788815.16,0.0,1788815.16,PL-334677,0.0,0.0,,True,False,0.0,False,
LQ-202511-0080,VEH-040,2025-11-21,2025-11-21,RUT-05,HORA_24,1.0,421199.0,421199.0,0.0,421199.0,PL-617008,3.0,91973.0,,True,False,275919.0,False,
LQ-202502-0033,VEH-012,2025-02-24,2025-02-24,RUT-12,HORA,6.98,29630.0,206817.4,0.5,205783.31,PL-998397,0.0,0.0,,True,False,0.0,False,
LQ-202511-0079,VEH-004,2025-11-30,2025-11-30,RUT-15,HORA_24,1.0,435354.0,435354.0,0.0,435354.0,PL-110141,0.0,0.0,,True,False,0.0,False,
LQ-202509-0069,VEH-014,2025-09-08,2025-09-09,RUT-07,HORA_12,1.0,287713.0,287713.0,4.37,275139.94,PL-921739,0.0,0.0,,True,False,0.0,False,
LQ-202503-0039,VEH-030,2025-03-28,2025-03-28,RUT-09,HORA,11.09,33806.0,374908.54,0.0,374908.54,PL-787120,0.0,0.0,TER-009,True,True,0.0,False,
LQ-202409-0001,VEH-008,2024-09-30,2024-09-30,RUT-13,HORA_12,1.0,266124.0,266124.0,0.0,266124.0,PL-480612,0.0,0.0,,True,False,0.0,False,
LQ-202601-0094,VEH-012,2026-01-02,2026-01-04,RUT-01,HORA_12,1.0,222133.0,222133.0,0.0,222133.0,PL-374611,3.0,85144.0,TER-012,True,True,255432.0,False,
LQ-202501-0026,VEH-025,2025-01-02,2025-01-02,RUT-09,HORA,10.21,21967.0,224283.07,0.0,224283.07,PL-746908,0.0,0.0,,True,False,0.0,False,
LQ-202601-0093,VEH-016,2026-01-05,2026-01-07,RUT-12,HORA_24,1.0,374723.0,374723.0,0.0,374723.0,PL-706603,0.0,0.0,,True,False,0.0,False,
LQ-202502-0029,VEH-004,2025-02-04,2025-02-07,RUT-13,HORA_12,1.0,250739.0,250739.0,0.0,250739.0,PL-134963,0.0,0.0,,True,False,0.0,False,
LQ-202410-0007,VEH-017,2024-10-23,2024-10-23,RUT-14,KILOMETRO,271.97,4526.0,1230936.22,0.0,1230936.22,PL-787436,0.0,0.0,,True,False,0.0,False,
LQ-202603-0102,VEH-006,2026-03-25,2026-03-25,RUT-10,HORA_24,1.0,507499.0,507499.0,0.0,507499.0,PL-798670,0.0,0.0,,True,False,0.0,False,
LQ-202510-0077,VEH-016,2025-10-21,2025-10-24,RUT-13,HORA_24,1.0,523648.0,523648.0,0.0,523648.0,PL-409314,0.0,0.0,TER-002,True,True,0.0,False,
LQ-202411-0017,VEH-040,2024-11-26,2024-11-26,RUT-11,HORA,6.78,25959.0,176002.02,0.0,176002.02,PL-699405,0.0,0.0,,True,False,0.0,False,
LQ-202603-0104,VEH-013,2026-03-06,2026-03-06,RUT-15,KILOMETRO,310.77,4296.0,1335067.92,0.0,1335067.92,PL-817656,0.0,0.0,,True,False,0.0,False,
LQ-202506-0053,VEH-022,2025-06-03,2025-06-03,RUT-04,KILOMETRO,322.83,3702.0,1195116.66,0.0,1195116.66,PL-185101,0.0,0.0,,True,False,0.0,False,
LQ-202502-0032,VEH-013,2025-02-07,2025-02-08,RUT-14,HORA_24,1.0,423295.0,423295.0,0.0,423295.0,PL-371950,0.0,0.0,,True,False,0.0,False,
LQ-202603-0104,VEH-031,2026-03-08,2026-03-09,RUT-01,HORA_12,1.0,274737.0,274737.0,0.0,274737.0,PL-135843,1.0,107987.0,,True,False,107987.0,False,
LQ-202502-0029,VEH-018,2025-02-17,2025-02-17,RUT-06,HORA_12,1.0,245861.0,245861.0,0.0,245861.0,PL-540467,0.0,0.0,,True,False,0.0,False,
LQ-202512-0085,VEH-034,2025-12-14,2025-12-14,RUT-13,HORA_24,1.0,327674.0,327674.0,0.0,327674.0,PL-281054,0.0,0.0,TER-005,True,True,0.0,False,
LQ-202503-0039,VEH-035,2025-03-06,2025-03-08,RUT-01,HORA_12,1.0,274383.0,274383.0,0.0,274383.0,PL-124157,1.0,103834.0,,True,False,103834.0,False,
LQ-202505-0048,VEH-023,2025-05-07,2025-05-07,RUT-13,HORA_24,1.0,501440.0,501440.0,0.0,501440.0,PL-886099,0.0,0.0,,True,False,0.0,False,
LQ-202606-0121,VEH-017,2026-06-14,2026-06-16,RUT-04,HORA_24,1.0,525751.0,525751.0,0.0,525751.0,PL-713444,1.0,115255.0,,True,False,115255.0,False,
LQ-202504-0041,VEH-039,2025-04-10,2025-04-10,RUT-09,HORA_24,1.0,502789.0,502789.0,0.0,502789.0,PL-666795,0.0,0.0,,True,False,0.0,False,
LQ-202409-0005,VEH-040,2024-09-22,2024-09-22,RUT-08,HORA,9.99,33609.0,335753.91,0.0,335753.91,PL-438908,0.0,0.0,,True,False,0.0,False,
LQ-202607-0124,VEH-019,2026-07-27,2026-07-28,RUT-06,HORA_24,1.0,511202.0,511202.0,0.0,511202.0,PL-150842,0.0,0.0,TER-012,True,True,0.0,False,
LQ-202502-0029,VEH-007,2025-02-08,2025-02-09,RUT-02,HORA_24,1.0,393059.0,393059.0,0.0,393059.0,PL-129226,3.0,94848.0,,True,False,284544.0,False,
LQ-202605-0115,VEH-026,2026-05-01,2026-05-01,RUT-01,HORA,2.66,37627.0,100087.82,0.0,100087.82,PL-726205,0.0,0.0,,True,False,0.0,False,
LQ-202602-0098,VEH-010,2026-02-27,2026-02-28,RUT-01,HORA_12,1.0,254896.0,254896.0,0.0,254896.0,PL-408340,2.0,98642.0,TER-007,True,True,197284.0,False,
LQ-202512-0088,VEH-010,2025-12-09,2025-12-12,RUT-09,HORA_12,1.0,219368.0,219368.0,0.0,219368.0,PL-117714,0.0,0.0,,True,False,0.0,False,
LQ-202605-0115,VEH-038,2026-05-03,2026-05-03,RUT-09,HORA,8.22,39194.0,322174.68,0.0,322174.68,PL-420146,2.0,105412.0,,True,False,210824.0,False,
LQ-202601-0091,VEH-013,2026-01-20,2026-01-20,RUT-10,HORA_24,1.0,384414.0,384414.0,0.0,384414.0,PL-370340,0.0,0.0,,True,False,0.0,False,
LQ-202509-0069,VEH-020,2025-09-27,2025-09-27,RUT-12,HORA_24,1.0,453090.0,453090.0,0.0,453090.0,PL-689063,0.0,0.0,,True,False,0.0,False,
LQ-202409-0003,VEH-021,2024-09-18,2024-09-18,RUT-13,HORA_24,1.0,464009.0,464009.0,0.0,464009.0,PL-221552,0.0,0.0,,True,False,0.0,False,
LQ-202511-0079,VEH-021,2025-11-16,2025-11-16,RUT-02,KILOMETRO,265.8,4206.0,1117954.8,0.0,1117954.8,PL-893627,1.0,97843.0,TER-011,True,True,97843.0,False,
LQ-202602-0097,VEH-032,2026-02-27,2026-02-27,RUT-07,HORA_24,1.0,423641.0,423641.0,0.0,423641.0,PL-182048,0.0,0.0,TER-008,True,True,0.0,False,
LQ-202410-0008,VEH-009,2024-10-30,2024-10-30,RUT-02,KILOMETRO,102.64,3691.0,378844.24,0.0,378844.24,PL-903028,1.0,94752.0,,True,False,94752.0,False,
LQ-202606-0119,VEH-027,2026-06-01,2026-06-01,RUT-13,KILOMETRO,258.59,4706.0,1216924.54,0.0,1216924.54,PL-980630,0.0,0.0,TER-009,True,True,0.0,False,
LQ-202607-0127,VEH-023,2026-07-08,2026-07-10,RUT-06,HORA_12,1.0,308098.0,308098.0,0.0,308098.0,PL-107168,0.0,0.0,,True,False,0.0,False,
LQ-202504-0046,VEH-003,2025-04-10,2025-04-12,RUT-03,HORA_12,1.0,281578.0,281578.0,0.0,281578.0,PL-724719,2.0,95727.0,TER-012,True,True,191454.0,False,
LQ-202506-0053,VEH-032,2025-06-26,2025-06-26,RUT-12,HORA_24,1.0,516733.0,516733.0,0.0,516733.0,PL-116730,0.0,0.0,,True,False,0.0,False,
LQ-202606-0122,VEH-012,2026-06-06,2026-06-06,RUT-08,HORA,6.71,30315.0,203413.65,0.0,203413.65,PL-159910,0.0,0.0,,True,False,0.0,False,
LQ-202506-0054,VEH-021,2025-06-08,2025-06-09,RUT-13,HORA_24,1.0,522061.0,522061.0,0.0,522061.0,PL-438637,0.0,0.0,,True,False,0.0,False,
LQ-202602-0097,VEH-027,2026-02-17,2026-02-18,RUT-05,HORA_24,1.0,439269.0,439269.0,0.0,439269.0,PL-317274,3.0,92723.0,,True,False,278169.0,False,
LQ-202503-0037,VEH-012,2025-03-05,2025-03-05,RUT-05,KILOMETRO,157.48,4762.0,749919.76,2.22,733271.54,PL-904819,0.0,0.0,,True,False,0.0,False,
LQ-202509-0070,VEH-009,2025-09-05,2025-09-08,RUT-03,HORA_24,1.0,496243.0,496243.0,0.0,496243.0,PL-829234,0.0,0.0,,True,False,0.0,False,
LQ-202506-0053,VEH-015,2025-06-28,2025-06-28,RUT-06,HORA,1.39,32523.0,45206.97,0.0,45206.97,PL-763821,0.0,0.0,TER-006,True,True,0.0,False,
LQ-202602-0097,VEH-016,2026-02-17,2026-02-20,RUT-06,HORA_24,1.0,436090.0,436090.0,0.0,436090.0,PL-780079,0.0,0.0,,True,False,0.0,False,
LQ-202607-0124,VEH-002,2026-07-19,2026-07-19,RUT-11,HORA_24,1.0,490313.0,490313.0,0.0,490313.0,PL-943544,0.0,0.0,,True,False,0.0,False,
LQ-202601-0094,VEH-026,2026-01-21,2026-01-21,RUT-06,HORA,14.11,28122.0,396801.42,0.5,394817.41,PL-951752,0.0,0.0,,True,False,0.0,False,
LQ-202605-0114,VEH-022,2026-05-14,2026-05-14,RUT-04,KILOMETRO,327.58,4480.0,1467558.4,0.0,1467558.4,PL-731312,0.0,0.0,,True,False,0.0,False,
LQ-202508-0064,VEH-007,2025-08-17,2025-08-18,RUT-15,HORA_12,1.0,267258.0,267258.0,0.0,267258.0,PL-241260,3.0,105830.0,,True,False,317490.0,False,
LQ-202604-0111,VEH-032,2026-04-29,2026-04-29,RUT-15,HORA_24,1.0,534733.0,534733.0,0.0,534733.0,PL-715918,0.0,0.0,TER-010,True,True,0.0,False,
LQ-202412-0019,VEH-020,2024-12-18,2024-12-18,RUT-08,HORA_12,1.0,190403.0,190403.0,4.77,181320.78,PL-449773,0.0,0.0,,True,False,0.0,False,
LQ-202410-0008,VEH-023,2024-10-22,2024-10-22,RUT-11,KILOMETRO,231.32,3629.0,839460.28,0.0,839460.28,PL-774565,0.0,0.0,,True,False,0.0,False,
LQ-202603-0102,VEH-039,2026-03-31,2026-03-31,RUT-13,HORA,13.31,35449.0,471826.19,0.0,471826.19,PL-416053,0.0,0.0,,True,False,0.0,False,
LQ-202607-0124,VEH-040,2026-07-17,2026-07-17,RUT-07,HORA,7.21,35004.0,252378.84,8.12,231885.68,PL-473420,0.0,0.0,,True,False,0.0,False,
LQ-202506-0057,VEH-014,2025-06-27,2025-06-28,RUT-13,HORA_24,1.0,511043.0,511043.0,0.0,511043.0,PL-100594,0.0,0.0,,True,False,0.0,False,
LQ-202510-0074,VEH-011,2025-10-05,2025-10-05,RUT-10,HORA_24,1.0,440063.0,440063.0,0.0,440063.0,PL-258239,0.0,0.0,,True,False,0.0,False,
LQ-202507-0062,VEH-014,2025-07-14,2025-07-14,RUT-13,HORA_24,1.0,495675.0,495675.0,0.0,495675.0,PL-424536,0.0,0.0,,True,False,0.0,False,
LQ-202601-0091,VEH-038,2026-01-31,2026-01-31,RUT-10,HORA_24,1.0,382675.0,382675.0,0.0,382675.0,PL-759206,1.0,80035.0,,True,False,80035.0,False,
LQ-202411-0015,VEH-008,2024-11-22,2024-11-24,RUT-01,HORA_12,1.0,234950.0,234950.0,0.0,234950.0,PL-504620,0.0,0.0,TER-012,True,True,0.0,False,
LQ-202507-0059,VEH-002,2025-07-12,2025-07-13,RUT-02,HORA_24,1.0,518239.0,518239.0,0.0,518239.0,PL-750475,2.0,108826.0,,True,False,217652.0,False,
LQ-202506-0055,VEH-030,2025-06-17,2025-06-17,RUT-15,HORA,12.31,34379.0,423205.49,0.0,423205.49,PL-388086,0.0,0.0,,True,False,0.0,False,
LQ-202512-0089,VEH-022,2025-12-28,2025-12-30,RUT-15,HORA_24,1.0,339005.0,339005.0,2.89,329207.76,PL-459949,0.0,0.0,TER-012,True,True,0.0,False,
LQ-202602-0098,VEH-022,2026-02-16,2026-02-16,RUT-08,HORA,9.04,36035.0,325756.4,0.0,325756.4,PL-782466,0.0,0.0,,True,False,0.0,False,
LQ-202409-0005,VEH-020,2024-09-30,2024-09-30,RUT-10,HORA_12,1.0,231231.0,231231.0,4.16,221611.79,PL-456331,0.0,0.0,,True,False,0.0,False,
LQ-202507-0062,VEH-015,2025-07-16,2025-07-19,RUT-14,HORA_24,1.0,543387.0,543387.0,0.0,543387.0,PL-962500,0.0,0.0,,True,False,0.0,False,
LQ-202504-0043,VEH-037,2025-04-27,2025-04-27,RUT-11,HORA_24,1.0,455322.0,455322.0,0.0,455322.0,PL-274624,0.0,0.0,,True,False,0.0,False,
LQ-202512-0087,VEH-014,2025-12-23,2025-12-26,RUT-01,HORA_24,1.0,375944.0,375944.0,0.0,375944.0,PL-806147,0.0,0.0,TER-007,True,True,0.0,False,
LQ-202412-0020,VEH-014,2024-12-14,2024-12-14,RUT-07,HORA,7.85,29150.0,228827.5,1.61,225143.38,PL-111846,0.0,0.0,,True,False,0.0,False,
LQ-202506-0057,VEH-019,2025-06-08,2025-06-09,RUT-01,HORA_24,1.0,494919.0,494919.0,0.0,494919.0,PL-492204,0.0,0.0,TER-008,True,True,0.0,False,
LQ-202510-0078,VEH-022,2025-10-01,2025-10-01,RUT-06,HORA_12,1.0,272330.0,272330.0,6.38,254955.35,PL-936702,0.0,0.0,,True,False,0.0,False,
LQ-202603-0103,VEH-008,2026-03-11,2026-03-13,RUT-04,HORA_24,1.0,462092.0,462092.0,0.0,462092.0,PL-293550,0.0,0.0,,True,False,0.0,False,
LQ-202608-0130,VEH-018,2026-08-13,2026-08-13,RUT-08,KILOMETRO,172.43,5075.0,875082.25,6.93,814439.05,PL-845004,0.0,0.0,TER-011,True,True,0.0,False,
LQ-202503-0037,VEH-019,2025-03-18,2025-03-18,RUT-11,HORA_12,1.0,294458.0,294458.0,3.15,285182.57,PL-207548,3.0,103834.0,,True,False,311502.0,False,
LQ-202602-0100,VEH-022,2026-02-08,2026-02-08,RUT-06,HORA,9.22,30459.0,280831.98,0.0,280831.98,PL-786496,0.0,0.0,,True,False,0.0,False,
LQ-202412-0018,VEH-008,2024-12-12,2024-12-12,RUT-06,KILOMETRO,259.98,3191.0,829596.18,0.0,829596.18,PL-907812,0.0,0.0,TER-011,True,True,0.0,False,
LQ-202604-0109,VEH-036,2026-04-22,2026-04-25,RUT-05,HORA_12,1.0,282283.0,282283.0,0.0,282283.0,PL-994118,0.0,0.0,,True,False,0.0,False,
LQ-202507-0061,VEH-015,2025-07-16,2025-07-17,RUT-04,HORA_12,1.0,269589.0,269589.0,0.0,269589.0,PL-141115,0.0,0.0,,True,False,0.0,False,
LQ-202409-0006,VEH-003,2024-09-08,2024-09-10,RUT-02,HORA_24,1.0,439430.0,439430.0,0.0,439430.0,PL-734487,0.0,0.0,TER-008,True,True,0.0,False,
LQ-202601-0090,VEH-020,2026-01-11,2026-01-12,RUT-05,HORA_24,1.0,420724.0,420724.0,0.0,420724.0,PL-910040,2.0,85144.0,,True,False,170288.0,False,
LQ-202509-0072,VEH-023,2025-09-02,2025-09-03,RUT-03,HORA_24,1.0,457404.0,457404.0,0.0,457404.0,PL-609911,1.0,96665.0,,True,False,96665.0,False,
LQ-202501-0024,VEH-031,2025-01-05,2025-01-07,RUT-10,HORA_24,1.0,335507.0,335507.0,0.0,335507.0,PL-489967,0.0,0.0,,True,False,0.0,False,
LQ-202607-0127,VEH-010,2026-07-22,2026-07-22,RUT-02,HORA_24,1.0,550975.0,550975.0,0.0,550975.0,PL-419345,3.0,113179.0,TER-005,True,True,339537.0,False,
LQ-202602-0099,VEH-016,2026-02-25,2026-02-26,RUT-07,HORA_24,1.0,517604.0,517604.0,0.0,517604.0,PL-895597,0.0,0.0,,True,False,0.0,False,
LQ-202410-0007,VEH-009,2024-10-26,2024-10-26,RUT-03,HORA,12.34,34815.0,429617.1,0.0,429617.1,PL-348235,1.0,100800.0,,True,False,100800.0,False,
LQ-202603-0107,VEH-003,2026-03-27,2026-03-29,RUT-09,HORA_24,1.0,482975.0,482975.0,0.0,482975.0,PL-467544,0.0,0.0,,True,False,0.0,False,
LQ-202506-0055,VEH-009,2025-06-18,2025-06-21,RUT-05,HORA_24,1.0,489114.0,489114.0,0.0,489114.0,PL-722255,1.0,110822.0,,True,False,110822.0,False,
LQ-202512-0085,VEH-037,2025-12-05,2025-12-08,RUT-07,HORA_24,1.0,319085.0,319085.0,0.0,319085.0,PL-494187,0.0,0.0,,True,False,0.0,False,
LQ-202506-0054,VEH-037,2025-06-30,2025-06-30,RUT-05,HORA,6.02,34109.0,205336.18,3.65,197841.41,PL-267234,3.0,104173.0,TER-006,True,True,312519.0,False,
LQ-202603-0106,VEH-001,2026-03-01,2026-03-01,RUT-11,KILOMETRO,337.96,4238.0,1432274.48,0.0,1432274.48,PL-730621,0.0,0.0,TER-012,True,True,0.0,False,
LQ-202501-0027,VEH-014,2025-01-13,2025-01-14,RUT-08,HORA_24,1.0,379401.0,379401.0,0.0,379401.0,PL-964119,0.0,0.0,TER-011,True,True,0.0,False,
LQ-202607-0124,VEH-028,2026-07-16,2026-07-16,RUT-03,HORA_24,1.0,466942.0,466942.0,0.0,466942.0,PL-200330,3.0,106388.0,,True,False,319164.0,False,
LQ-202509-0067,VEH-010,2025-09-26,2025-09-28,RUT-15,HORA_12,1.0,315681.0,315681.0,0.0,315681.0,PL-662698,0.0,0.0,,True,False,0.0,False,
LQ-202412-0022,VEH-031,2024-12-25,2024-12-25,RUT-09,KILOMETRO,263.88,3245.0,856290.6,4.67,816301.83,PL-701846,0.0,0.0,,True,False,0.0,False,
LQ-202601-0092,VEH-030,2026-01-13,2026-01-13,RUT-01,HORA_12,1.0,261356.0,261356.0,0.0,261356.0,PL-352279,2.0,85144.0,TER-005,True,True,170288.0,False,
LQ-202605-0113,VEH-001,2026-05-18,2026-05-18,RUT-08,HORA,11.05,35271.0,389744.55,0.0,389744.55,PL-490305,1.0,112140.0,TER-006,True,True,112140.0,False,
LQ-202505-0052,VEH-027,2025-05-16,2025-05-16,RUT-03,HORA_24,1.0,457031.0,457031.0,0.0,457031.0,PL-153357,3.0,101358.0,TER-006,True,True,304074.0,False,
LQ-202603-0105,VEH-024,2026-03-07,2026-03-07,RUT-13,KILOMETRO,173.27,4481.0,776422.87,0.0,776422.87,PL-632350,0.0,0.0,,True,False,0.0,False,
LQ-202604-0109,VEH-036,2026-04-28,2026-04-29,RUT-02,HORA_24,1.0,460929.0,460929.0,7.52,426267.14,PL-636864,0.0,0.0,TER-004,True,True,0.0,False,
LQ-202504-0041,VEH-015,2025-04-02,2025-04-02,RUT-02,HORA,8.74,30233.0,264236.42,4.83,251473.8,PL-201229,0.0,0.0,,True,False,0.0,False,
LQ-202507-0059,VEH-024,2025-07-28,2025-07-31,RUT-06,HORA_24,1.0,516168.0,516168.0,0.0,516168.0,PL-178760,0.0,0.0,,True,False,0.0,False,
LQ-202605-0115,VEH-024,2026-05-23,2026-05-25,RUT-03,HORA_12,1.0,276051.0,276051.0,0.0,276051.0,PL-250378,0.0,0.0,,True,False,0.0,False,
LQ-202602-0101,VEH-039,2026-02-20,2026-02-20,RUT-03,HORA,11.05,28870.0,319013.5,0.0,319013.5,PL-379865,3.0,92723.0,,True,False,278169.0,False,
LQ-202605-0114,VEH-001,2026-05-27,2026-05-29,RUT-04,HORA_24,1.0,468995.0,468995.0,0.0,468995.0,PL-526455,3.0,105412.0,TER-009,True,True,316236.0,False,
LQ-202603-0104,VEH-029,2026-03-31,2026-03-31,RUT-14,HORA_12,1.0,280129.0,280129.0,0.0,280129.0,PL-670799,0.0,0.0,,True,False,0.0,False,
LQ-202507-0063,VEH-023,2025-07-25,2025-07-25,RUT-13,HORA_24,1.0,439215.0,439215.0,0.0,439215.0,PL-287739,0.0,0.0,TER-009,True,True,0.0,False,
LQ-202412-0020,VEH-037,2024-12-24,2024-12-24,RUT-15,HORA,127.76,25145.0,3212525.2,4.18,3078241.65,PL-860180,0.0,0.0,,True,False,0.0,True,cantidad fuera de rango
LQ-202605-0114,VEH-022,2026-05-25,2026-05-25,RUT-01,HORA,1.71,35807.0,61229.97,0.0,61229.97,PL-404457,2.0,105412.0,,True,False,210824.0,False,
LQ-202412-0022,VEH-018,2024-12-21,2024-12-23,RUT-09,HORA_24,1.0,342368.0,342368.0,0.0,342368.0,PL-451238,0.0,0.0,TER-002,True,True,0.0,False,
LQ-202503-0040,VEH-040,2025-03-27,2025-03-29,RUT-04,HORA_24,1.0,487009.0,487009.0,0.0,487009.0,PL-229180,0.0,0.0,,True,False,0.0,False,
LQ-202511-0083,VEH-018,2025-11-20,2025-11-22,RUT-05,HORA_24,1.0,415034.0,415034.0,0.0,415034.0,PL-549384,0.0,0.0,,True,False,0.0,False,
LQ-202607-0123,VEH-003,2026-07-24,2026-07-25,RUT-06,HORA_12,1.0,277539.0,277539.0,3.37,268185.94,PL-583569,0.0,0.0,,True,False,0.0,False,
LQ-202504-0042,VEH-015,2025-04-14,2025-04-17,RUT-06,HORA_24,1.0,461614.0,461614.0,0.0,461614.0,PL-122484,0.0,0.0,,True,False,0.0,False,
LQ-202509-0070,VEH-030,2025-09-10,2025-09-12,RUT-01,HORA_12,1.0,252394.0,252394.0,0.0,252394.0,PL-450311,0.0,0.0,,True,False,0.0,False,
LQ-202602-0101,VEH-021,2026-02-12,2026-02-12,RUT-07,KILOMETRO,101.69,4281.0,435334.89,0.0,435334.89,PL-435299,0.0,0.0,,True,False,0.0,False,
LQ-202508-0064,VEH-016,2025-08-27,2025-08-30,RUT-09,HORA_12,1.0,304075.0,304075.0,0.0,304075.0,PL-864995,0.0,0.0,TER-001,True,True,0.0,False,
LQ-202505-0048,VEH-005,2025-05-04,2025-05-06,RUT-14,HORA_24,1.0,465307.0,465307.0,0.0,465307.0,PL-555238,0.0,0.0,,True,False,0.0,False,
LQ-202506-0053,VEH-023,2025-06-14,2025-06-16,RUT-10,HORA_12,1.0,303630.0,303630.0,0.0,303630.0,PL-871168,0.0,0.0,TER-001,True,True,0.0,False,
LQ-202604-0111,VEH-002,2026-04-18,2026-04-18,RUT-05,KILOMETRO,396.75,4541.0,1801641.75,0.0,1801641.75,PL-367100,0.0,0.0,,True,False,0.0,False,
LQ-202511-0083,VEH-002,2025-11-13,2025-11-16,RUT-01,HORA_24,1.0,421185.0,421185.0,0.0,421185.0,PL-957130,0.0,0.0,,True,False,0.0,False,
LQ-202601-0093,VEH-029,2026-01-30,2026-01-31,RUT-02,HORA_12,1.0,208690.0,208690.0,0.0,208690.0,PL-215332,2.0,80035.0,,True,False,160070.0,False,
LQ-202505-0051,VEH-013,2025-05-29,2025-05-31,RUT-13,HORA_24,1.0,478075.0,478075.0,0.0,478075.0,PL-767399,0.0,0.0,,True,False,0.0,False,
LQ-202512-0084,VEH-030,2025-12-07,2025-12-08,RUT-03,HORA_24,1.0,371090.0,371090.0,0.0,371090.0,PL-733674,2.0,76877.0,,True,False,153754.0,False,
LQ-202511-0082,VEH-021,2025-11-19,2025-11-19,RUT-04,HORA_24,1.0,472080.0,472080.0,0.0,472080.0,PL-372744,0.0,0.0,TER-006,True,True,0.0,False,
LQ-202602-0096,VEH-004,2026-02-12,2026-02-12,RUT-09,HORA_24,1.0,462922.0,462922.0,0.0,462922.0,PL-252305,0.0,0.0,,True,False,0.0,False,
LQ-202602-0101,VEH-002,2026-02-06,2026-02-06,RUT-06,HORA_24,1.0,446832.0,446832.0,0.0,446832.0,PL-840815,0.0,0.0,,True,False,0.0,False,
LQ-202506-0054,VEH-032,2025-06-24,2025-06-25,RUT-03,HORA_12,1.0,295004.0,295004.0,0.0,295004.0,PL-222600,0.0,0.0,,True,False,0.0,False,
LQ-202502-0033,VEH-031,2025-02-25,2025-02-27,RUT-07,HORA_24,1.0,433691.0,433691.0,0.0,433691.0,PL-803176,0.0,0.0,TER-003,True,True,0.0,False,
LQ-202602-0099,VEH-025,2026-02-24,2026-02-24,RUT-12,KILOMETRO,149.82,4568.0,684377.76,0.0,684377.76,PL-641426,0.0,0.0,,True,False,0.0,False,
LQ-202506-0053,VEH-022,2025-06-26,2025-06-26,RUT-08,KILOMETRO,377.6,4555.0,1719968.0,0.0,1719968.0,PL-832251,0.0,0.0,TER-003,True,True,0.0,False,
LQ-202506-0055,VEH-022,2025-06-07,2025-06-07,RUT-10,KILOMETRO,151.45,5131.0,777089.95,0.0,777089.95,PL-642818,0.0,0.0,,True,False,0.0,False,
LQ-202607-0127,VEH-039,2026-07-23,2026-07-23,RUT-01,HORA,7.75,36581.0,283502.75,0.0,283502.75,PL-849401,0.0,0.0,,True,False,0.0,False,
LQ-202411-0017,VEH-019,2024-11-06,2024-11-06,RUT-02,KILOMETRO,292.43,3514.0,1027599.02,0.0,1027599.02,PL-844943,3.0,88435.0,TER-011,True,True,265305.0,False,
LQ-202512-0086,VEH-027,2025-12-23,2025-12-26,RUT-06,HORA_12,1.0,205648.0,205648.0,0.0,205648.0,PL-207530,0.0,0.0,,True,False,0.0,False,
LQ-202501-0027,VEH-012,2025-01-18,2025-01-21,RUT-03,HORA_12,1.0,234601.0,234601.0,5.35,222049.85,PL-137604,1.0,81869.0,,True,False,81869.0,False,
LQ-202505-0047,VEH-012,2025-05-21,2025-05-21,RUT-08,HORA,2.59,33871.0,87725.89,0.0,87725.89,PL-607509,0.0,0.0,,True,False,0.0,False,
LQ-202501-0027,VEH-019,2025-01-11,2025-01-12,RUT-08,HORA_12,1.0,2932297.0,2932297.0,0.0,2932297.0,PL-438869,3.0,81869.0,,True,False,245607.0,True,tarifa fuera de rango
LQ-202411-0016,VEH-019,2024-11-12,2024-11-13,RUT-06,HORA_12,1.0,245316.0,245316.0,0.0,245316.0,PL-749609,0.0,0.0,TER-004,True,True,0.0,False,
LQ-202502-0032,VEH-016,2025-02-03,2025-02-03,RUT-03,KILOMETRO,290.92,3844.0,1118296.48,0.0,1118296.48,PL-632073,1.0,89157.0,TER-012,True,True,89157.0,False,
LQ-202605-0117,VEH-002,2026-05-20,2026-05-20,RUT-01,KILOMETRO,328.73,4969.0,1633459.37,0.0,1633459.37,PL-255611,3.0,105412.0,,True,False,316236.0,False,
LQ-202511-0083,VEH-034,2025-11-30,2025-11-30,RUT-08,HORA_24,1.0,413881.0,413881.0,0.0,413881.0,PL-423030,0.0,0.0,,True,False,0.0,False,
LQ-202505-0050,VEH-016,2025-05-27,2025-05-27,RUT-06,KILOMETRO,120.36,5093.0,612993.48,0.0,612993.48,PL-390070,0.0,0.0,,True,False,0.0,False,
LQ-202512-0085,VEH-031,2025-12-05,2025-12-05,RUT-03,HORA_12,1.0,200453.0,200453.0,0.0,200453.0,PL-811060,0.0,0.0,TER-008,True,True,0.0,False,
LQ-202512-0084,VEH-012,2025-12-28,2025-12-29,RUT-15,HORA_12,1.0,193382.0,193382.0,0.0,193382.0,PL-734212,2.0,76877.0,,True,False,153754.0,False,
LQ-202501-0025,VEH-001,2025-01-16,2025-01-16,RUT-13,KILOMETRO,228.63,3571.0,816437.73,0.0,816437.73,PL-806906,0.0,0.0,,True,False,0.0,False,
LQ-202604-0111,VEH-008,2026-04-22,2026-04-24,RUT-11,HORA_12,1.0,277902.0,277902.0,0.0,277902.0,PL-991288,0.0,0.0,,True,False,0.0,False,
LQ-202510-0076,VEH-012,2025-10-06,2025-10-06,RUT-07,HORA,4.17,28340.0,118177.8,0.0,118177.8,PL-228164,0.0,0.0,,True,False,0.0,False,
LQ-202601-0094,VEH-023,2026-01-29,2026-01-31,RUT-08,HORA_24,1.0,421849.0,421849.0,0.0,421849.0,PL-852675,0.0,0.0,TER-002,True,True,0.0,False,
LQ-202409-0006,VEH-032,2024-09-20,2024-09-20,RUT-04,HORA,10.0,30018.0,300180.0,0.0,300180.0,PL-309902,0.0,0.0,TER-002,True,True,0.0,False,
LQ-202601-0094,VEH-008,2026-01-27,2026-01-28,RUT-09,HORA_12,1.0,237072.0,237072.0,3.4,229011.55,PL-862438,0.0,0.0,TER-005,True,True,0.0,False,
LQ-202509-0071,VEH-033,2025-09-09,2025-09-12,RUT-14,HORA_12,1.0,309899.0,309899.0,0.0,309899.0,PL-500878,0.0,0.0,,True,False,0.0,False,
LQ-202604-0108,VEH-028,2026-04-03,2026-04-06,RUT-15,HORA_24,1.0,490495.0,490495.0,5.1,465479.76,PL-972569,0.0,0.0,TER-001,True,True,0.0,False,
LQ-202410-0012,VEH-004,2024-10-12,2024-10-14,RUT-02,HORA_24,1.0,434924.0,434924.0,0.0,434924.0,PL-504684,0.0,0.0,,True,False,0.0,False,
LQ-202505-0047,VEH-032,2025-05-01,2025-05-03,RUT-08,HORA_12,1.0,280854.0,280854.0,0.0,280854.0,PL-761785,0.0,0.0,TER-009,True,True,0.0,False,
LQ-202512-0084,VEH-022,2025-12-17,2025-12-20,RUT-11,HORA_24,1.0,347174.0,347174.0,0.0,347174.0,PL-809102,0.0,0.0,,True,False,0.0,False,
LQ-202507-0063,VEH-038,2025-07-02,2025-07-03,RUT-01,HORA_24,1.0,526693.0,526693.0,0.0,526693.0,PL-778785,1.0,102296.0,,True,False,102296.0,False,
LQ-202511-0080,VEH-002,2025-11-14,2025-11-14,RUT-13,HORA_24,1.0,434690.0,434690.0,0.0,434690.0,PL-464187,0.0,0.0,,True,False,0.0,False,
LQ-202409-0002,VEH-027,2024-09-12,2024-09-14,RUT-01,HORA_24,1.0,427375.0,427375.0,0.0,427375.0,PL-664365,0.0,0.0,,True,False,0.0,False,
LQ-202606-0118,VEH-013,2026-06-25,2026-06-25,RUT-08,KILOMETRO,376.93,5135.0,1935535.55,0.0,1935535.55,PL-796751,0.0,0.0,,True,False,0.0,False,
LQ-202508-0064,VEH-028,2025-08-20,2025-08-21,RUT-15,HORA_24,1.0,485947.0,485947.0,8.16,446293.72,PL-498756,0.0,0.0,,True,False,0.0,False,
LQ-202411-0015,VEH-005,2024-11-25,2024-11-25,RUT-12,HORA,7.11,33407.0,237523.77,0.0,237523.77,PL-883171,0.0,0.0,,True,False,0.0,False,
LQ-202410-0012,VEH-023,2024-10-25,2024-10-25,RUT-01,KILOMETRO,168.0,4365.0,733320.0,0.0,733320.0,PL-979988,2.0,94752.0,,True,False,189504.0,False,
LQ-202606-0122,VEH-040,2026-06-28,2026-06-30,RUT-11,HORA_12,1.0,301827.0,301827.0,0.0,301827.0,PL-304964,0.0,0.0,TER-008,True,True,0.0,False,
LQ-202502-0034,VEH-012,2025-02-13,2025-02-16,RUT-04,HORA_24,1.0,406018.0,406018.0,0.0,406018.0,PL-784507,0.0,0.0,,True,False,0.0,False,
LQ-202501-0027,VEH-028,2025-01-18,2025-01-18,RUT-01,HORA_24,1.0,372510.0,372510.0,0.0,372510.0,PL-533082,3.0,81869.0,TER-011,True,True,245607.0,False,
LQ-202410-0010,VEH-009,2024-10-27,2024-10-27,RUT-06,HORA_24,1.0,441725.0,441725.0,0.0,441725.0,PL-600905,0.0,0.0,TER-007,True,True,0.0,False,
LQ-202502-0031,VEH-021,2025-02-24,2025-02-24,RUT-03,HORA,9.35,31242.0,292112.7,0.0,292112.7,PL-438354,1.0,94848.0,,True,False,94848.0,False,
LQ-202503-0040,VEH-009,2025-03-05,2025-03-07,RUT-06,HORA_12,1.0,254942.0,254942.0,2.2,249333.28,PL-522515,0.0,0.0,,True,False,0.0,False,
LQ-202605-0116,VEH-020,2026-05-31,2026-05-31,RUT-10,HORA_24,1.0,540743.0,540743.0,0.0,540743.0,PL-644609,0.0,0.0,,True,False,0.0,False,
LQ-202602-0101,VEH-009,2026-02-21,2026-02-22,RUT-08,HORA_24,1.0,480597.0,480597.0,0.0,480597.0,PL-649795,0.0,0.0,TER-009,True,True,0.0,False,
LQ-202502-0031,VEH-025,2025-02-20,2025-02-20,RUT-15,HORA,2.99,30675.0,91718.25,0.0,91718.25,PL-314124,0.0,0.0,,True,False,0.0,False,
LQ-202507-0062,VEH-011,2025-07-18,2025-07-20,RUT-11,HORA_24,1.0,523193.0,523193.0,0.0,523193.0,PL-706922,0.0,0.0,,True,False,0.0,False,
LQ-202608-0130,VEH-008,2026-08-21,2026-08-24,RUT-09,HORA_24,1.0,518824.0,518824.0,4.24,496825.86,PL-647825,0.0,0.0,,True,False,0.0,False,
LQ-202409-0005,VEH-018,2024-09-15,2024-09-15,RUT-03,HORA_12,1.0,262244.0,262244.0,0.0,262244.0,PL-720148,0.0,0.0,TER-009,True,True,0.0,False,
LQ-202505-0047,VEH-010,2025-05-22,2025-05-24,RUT-02,HORA_12,1.0,298707.0,298707.0,0.0,298707.0,PL-439492,3.0,107827.0,TER-007,True,True,323481.0,False,
LQ-202605-0117,VEH-038,2026-05-07,2026-05-10,RUT-01,HORA_24,1.0,527012.0,527012.0,4.41,503770.77,PL-983719,0.0,0.0,,True,False,0.0,False,
LQ-202511-0081,VEH-022,2025-11-20,2025-11-20,RUT-09,HORA,3.25,31507.0,102397.75,0.0,102397.75,PL-460984,0.0,0.0,TER-007,True,True,0.0,False,
LQ-202603-0105,VEH-031,2026-03-14,2026-03-14,RUT-10,HORA,5.52,32187.0,177672.24,0.0,177672.24,PL-801821,0.0,0.0,TER-010,True,True,0.0,False,
LQ-202502-0032,VEH-015,2025-02-20,2025-02-23,RUT-01,HORA_24,1.0,427142.0,427142.0,0.0,427142.0,PL-627874,0.0,0.0,,True,False,0.0,False,
LQ-202601-0093,VEH-016,2026-01-05,2026-01-07,RUT-06,HORA_24,1.0,425998.0,425998.0,0.0,425998.0,PL-104632,0.0,0.0,,True,False,0.0,False,
LQ-202606-0120,VEH-018,2026-06-30,2026-06-30,RUT-05,HORA,7.54,34340.0,258923.6,0.0,258923.6,PL-132473,0.0,0.0,,True,False,0.0,False,
LQ-202505-0050,VEH-039,2025-05-26,2025-05-29,RUT-15,HORA_24,1.0,500505.0,500505.0,0.0,500505.0,PL-338891,0.0,0.0,,True,False,0.0,False,
LQ-202507-0061,VEH-035,2025-07-15,2025-07-15,RUT-14,HORA_12,1.0,288010.0,288010.0,0.0,288010.0,PL-921591,0.0,0.0,,True,False,0.0,False,
LQ-202602-0096,VEH-029,2026-02-01,2026-02-03,RUT-07,HORA_24,1.0,460964.0,460964.0,0.0,460964.0,PL-511309,0.0,0.0,TER-010,True,True,0.0,False,
LQ-202409-0001,VEH-005,2024-09-03,2024-09-04,RUT-02,HORA_12,1.0,279884.0,279884.0,0.0,279884.0,PL-356150,2.0,98880.0,,True,False,197760.0,False,
LQ-202606-0122,VEH-035,2026-06-01,2026-06-02,RUT-02,HORA_24,1.0,493560.0,493560.0,0.0,493560.0,PL-215526,2.0,108340.0,,True,False,216680.0,False,
LQ-202501-0025,VEH-023,2025-01-23,2025-01-26,RUT-03,HORA_24,1.0,366541.0,366541.0,0.0,366541.0,PL-468422,2.0,81869.0,,True,False,163738.0,False,
LQ-202505-0047,VEH-022,2025-05-25,2025-05-27,RUT-04,HORA_12,1.0,246579.0,246579.0,0.0,246579.0,PL-925621,0.0,0.0,,True,False,0.0,False,
LQ-202504-0043,VEH-019,2025-04-16,2025-04-17,RUT-06,HORA_24,1.0,449805.0,449805.0,0.0,449805.0,PL-800423,0.0,0.0,,True,False,0.0,False,
LQ-202511-0081,VEH-021,2025-11-25,2025-11-25,RUT-05,HORA_24,1.0,397316.0,397316.0,0.0,397316.0,PL-531482,0.0,0.0,,True,False,0.0,False,
LQ-202512-0087,VEH-015,2025-12-10,2025-12-10,RUT-07,HORA,9.9,21739.0,215216.1,0.0,215216.1,PL-719160,0.0,0.0,TER-007,True,True,0.0,False,
LQ-202508-0064,VEH-007,2025-08-05,2025-08-06,RUT-03,HORA_24,1.0,496904.0,496904.0,0.0,496904.0,PL-868401,0.0,0.0,,True,False,0.0,False,
LQ-202410-0008,VEH-019,2024-10-15,2024-10-17,RUT-12,HORA_24,1.0,407081.0,407081.0,0.0,407081.0,PL-695361,2.0,94752.0,,True,False,189504.0,False,
LQ-202508-0064,VEH-034,2025-08-05,2025-08-05,RUT-08,HORA,0.75,32529.0,24396.75,0.0,24396.75,PL-896867,0.0,0.0,,True,False,0.0,False,
LQ-202510-0073,VEH-036,2025-10-31,2025-10-31,RUT-02,HORA_24,1.0,521858.0,521858.0,0.0,521858.0,PL-906965,0.0,0.0,TER-008,True,True,0.0,False,
LQ-202412-0018,VEH-023,2024-12-11,2024-12-12,RUT-09,HORA_12,1.0,200945.0,200945.0,0.0,200945.0,PL-430463,0.0,0.0,,True,False,0.0,False,
LQ-202510-0076,VEH-008,2025-10-04,2025-10-04,RUT-01,HORA,7.68,29716.0,228218.88,0.0,228218.88,PL-149917,2.0,98542.0,TER-005,True,True,197084.0,False,
LQ-202512-0089,VEH-029,2025-12-30,2025-12-30,RUT-10,KILOMETRO,235.32,3571.0,840327.72,0.0,840327.72,PL-344864,0.0,0.0,TER-007,True,True,0.0,False,
LQ-202412-0020,VEH-029,2024-12-02,2024-12-05,RUT-12,HORA_24,1.0,336658.0,336658.0,0.0,336658.0,PL-402808,0.0,0.0,,True,False,0.0,False,
LQ-202606-0118,VEH-006,2026-06-11,2026-06-14,RUT-11,HORA_12,1.0,340416.0,340416.0,0.0,340416.0,PL-679994,0.0,0.0,TER-009,True,True,0.0,False,
LQ-202604-0108,VEH-026,2026-04-01,2026-04-01,RUT-05,HORA_24,1.0,438431.0,438431.0,0.0,438431.0,PL-586412,3.0,105910.0,,True,False,317730.0,False,
LQ-202602-0097,VEH-001,2026-02-22,2026-02-22,RUT-09,HORA_12,1.0,269755.0,269755.0,0.0,269755.0,PL-553685,0.0,0.0,TER-004,True,True,0.0,False,
LQ-202505-0048,VEH-002,2025-05-03,2025-05-05,RUT-04,HORA_24,1.0,461407.0,461407.0,0.0,461407.0,PL-107608,2.0,101358.0,,True,False,202716.0,False,
LQ-202503-0040,VEH-019,2025-03-22,2025-03-22,RUT-06,HORA_24,1.0,478351.0,478351.0,5.55,451802.52,PL-923408,0.0,0.0,,True,False,0.0,False,
LQ-202507-0060,VEH-009,2025-07-15,2025-07-15,RUT-09,HORA_24,1.0,479496.0,479496.0,0.0,479496.0,PL-156405,0.0,0.0,TER-012,True,True,0.0,False,
LQ-202601-0092,VEH-026,2026-01-24,2026-01-26,RUT-02,HORA_24,1.0,379013.0,379013.0,0.0,379013.0,PL-729515,0.0,0.0,TER-009,True,True,0.0,False,
LQ-202512-0085,VEH-032,2025-12-13,2025-12-13,RUT-14,HORA,8.58,22988.0,197237.04,0.0,197237.04,PL-572844,0.0,0.0,,True,False,0.0,False,
LQ-202409-0006,VEH-003,2024-09-02,2024-09-02,RUT-08,HORA,7.3,27848.0,203290.4,0.0,203290.4,PL-430926,1.0,92947.0,,True,False,92947.0,False,
LQ-202506-0057,VEH-016,2025-06-22,2025-06-22,RUT-09,HORA,5.38,32731.0,176092.78,0.0,176092.78,PL-337186,0.0,0.0,,True,False,0.0,False,
LQ-202502-0030,VEH-040,2025-02-12,2025-02-13,RUT-13,HORA_24,1.0,410278.0,410278.0,0.0,410278.0,PL-554786,0.0,0.0,,True,False,0.0,False,
LQ-202512-0085,VEH-019,2025-12-16,2025-12-17,RUT-06,HORA_24,1.0,381234.0,381234.0,0.0,381234.0,PL-990843,0.0,0.0,,True,False,0.0,False,
LQ-202508-0064,VEH-039,2025-08-06,2025-08-06,RUT-02,HORA_24,1.0,471228.0,471228.0,0.0,471228.0,PL-591269,0.0,0.0,,True,False,0.0,False,
LQ-202511-0079,VEH-033,2025-11-22,2025-11-23,RUT-08,HORA_24,1.0,456104.0,456104.0,0.0,456104.0,PL-511025,0.0,0.0,,True,False,0.0,False,
LQ-202502-0034,VEH-035,2025-02-16,2025-02-16,RUT-09,HORA,4.88,29524.0,144077.12,3.68,138775.08,PL-848420,0.0,0.0,,True,False,0.0,False,
LQ-202411-0015,VEH-035,2024-11-22,2024-11-25,RUT-10,HORA_12,1.0,246514.0,246514.0,0.0,246514.0,PL-399817,0.0,0.0,,True,False,0.0,False,
LQ-202512-0089,VEH-040,2025-12-14,2025-12-15,RUT-08,HORA_24,1.0,273985.0,273985.0,0.0,273985.0,PL-876333,0.0,0.0,TER-008,True,True,0.0,True,tarifa fuera de rango
LQ-202607-0125,VEH-015,2026-07-28,2026-07-29,RUT-12,HORA_24,1.0,568267.0,568267.0,0.0,568267.0,PL-322475,0.0,0.0,,True,False,0.0,False,
LQ-202603-0103,VEH-010,2026-03-25,2026-03-28,RUT-06,HORA_24,1.0,490883.0,490883.0,0.0,490883.0,PL-508768,0.0,0.0,,True,False,0.0,False,
LQ-202503-0038,VEH-030,2025-03-28,2025-03-31,RUT-07,HORA_24,1.0,471947.0,471947.0,0.0,471947.0,PL-773693,0.0,0.0,,True,False,0.0,False,
LQ-202510-0076,VEH-029,2025-10-28,2025-10-28,RUT-11,KILOMETRO,415.41,4404.0,1829465.64,0.0,1829465.64,PL-697145,0.0,0.0,TER-008,True,True,0.0,False,
LQ-202510-0074,VEH-012,2025-10-03,2025-10-04,RUT-11,HORA_24,1.0,442930.0,442930.0,0.0,442930.0,PL-920102,0.0,0.0,TER-012,True,True,0.0,False,
LQ-202501-0024,VEH-010,2025-01-18,2025-01-18,RUT-04,HORA_24,1.0,371562.0,371562.0,0.0,371562.0,PL-491029,0.0,0.0,,True,False,0.0,False,
LQ-202506-0053,VEH-028,2025-06-17,2025-06-17,RUT-04,HORA,11.98,39228.0,469951.44,0.0,469951.44,PL-834680,2.0,110822.0,,True,False,221644.0,False,
LQ-202409-0004,VEH-024,2024-09-14,2024-09-14,RUT-10,HORA,7.34,28376.0,208279.84,0.0,208279.84,PL-327823,0.0,0.0,,True,False,0.0,False,
LQ-202512-0089,VEH-005,2025-12-21,2025-12-21,RUT-03,HORA_12,1.0,185366.0,185366.0,0.0,185366.0,PL-675450,3.0,72264.0,,True,False,216792.0,False,
LQ-202602-0097,VEH-030,2026-02-25,2026-02-26,RUT-10,HORA_24,1.0,429196.0,429196.0,0.0,429196.0,PL-812423,0.0,0.0,,True,False,0.0,False,
LQ-202603-0104,VEH-024,2026-03-15,2026-03-18,RUT-04,HORA_24,1.0,568558.0,568558.0,0.0,568558.0,PL-449198,1.0,107987.0,,True,False,107987.0,False,
LQ-202608-0134,VEH-003,2026-08-23,2026-08-23,RUT-03,HORA,2.83,31452.0,89009.16,0.0,89009.16,PL-271993,1.0,103460.0,TER-002,True,True,103460.0,False,
LQ-202411-0015,VEH-027,2024-11-27,2024-11-28,RUT-08,HORA_24,1.0,417692.0,417692.0,0.0,417692.0,PL-148759,0.0,0.0,,True,False,0.0,False,
LQ-202605-0115,VEH-016,2026-05-09,2026-05-09,RUT-15,HORA_12,1.0,277333.0,277333.0,0.0,277333.0,PL-261337,0.0,0.0,,True,False,0.0,False,
LQ-202501-0027,VEH-021,2025-01-16,2025-01-18,RUT-09,HORA_24,1.0,415209.0,415209.0,0.0,415209.0,PL-844756,0.0,0.0,,True,False,0.0,False,
